date,city,pm2_5_mean,pm2_5_max,pm10_mean,pm10_max,nitrogen_dioxide_mean,nitrogen_dioxide_max,ozone_mean,ozone_max,temperature_2m_mean,relative_humidity_2m_mean,precipitation_sum,wind_speed_10m_mean,wind_gusts_10m_max
2022-08-01,Delhi,,,,,,,,,27.8,84,10.0,6.6,25.6
2022-08-02,Delhi,,,,,,,,,29.3,78,0.3,9.4,26.3
2022-08-03,Delhi,,,,,,,,,29.1,80,0.6,7.5,19.8
2022-08-04,Delhi,43.59473684210526,58.4,63.178947368421056,84.5,52.61578947368421,74.2,69.63157894736842,144.0,28.1,85,1.7,8.1,29.9
2022-08-05,Delhi,43.92916666666667,88.5,63.75,127.6,49.050000000000004,116.1,72.20833333333333,169.0,27.6,86,5.7,8.3,25.6
2022-08-06,Delhi,73.74583333333334,117.6,107.05,169.5,81.22916666666667,173.6,105.29166666666667,282.0,28.7,83,1.9,3.9,17.6
2022-08-07,Delhi,42.170833333333334,99.7,61.02916666666667,143.9,65.82083333333334,156.1,64.83333333333333,176.0,27.7,85,18.6,7.7,28.1
2022-08-08,Delhi,52.73333333333333,93.8,75.85000000000001,135.0,65.02083333333333,123.6,75.33333333333333,204.0,29.0,80,0.2,5.9,24.1
2022-08-09,Delhi,59.8375,101.5,86.25416666666666,145.8,55.17083333333333,96.6,67.45833333333333,167.0,30.3,77,0.4,9.7,37.1
2022-08-10,Delhi,46.541666666666664,100.4,68.37916666666666,143.4,46.36666666666667,68.8,60.166666666666664,134.0,30.9,72,0.4,10.6,35.6
2022-08-11,Delhi,27.416666666666668,44.4,44.57083333333333,63.8,31.504166666666666,56.7,59.875,121.0,27.8,82,3.8,17.3,44.6
2022-08-12,Delhi,31.6125,49.8,47.80416666666667,71.2,36.69166666666667,70.4,51.791666666666664,121.0,29.3,72,0.2,15.8,51.8
2022-08-13,Delhi,32.675000000000004,46.2,53.3125,70.5,40.62083333333333,91.9,67.91666666666667,145.0,29.4,75,0.8,13.4,38.5
2022-08-14,Delhi,53.270833333333336,82.0,79.36666666666666,122.0,60.50833333333333,87.7,53.208333333333336,131.0,27.9,85,5.5,7.3,32.0
2022-08-15,Delhi,37.0625,60.3,55.37916666666666,86.6,39.34583333333333,72.5,61.25,126.0,27.9,82,1.6,11.2,34.9
2022-08-16,Delhi,24.05,30.3,46.550000000000004,62.4,30.6125,44.4,50.708333333333336,115.0,27.4,79,8.4,22.3,66.2
2022-08-17,Delhi,26.370833333333334,53.2,50.4375,82.4,35.579166666666666,89.8,45.541666666666664,112.0,28.3,75,0.3,16.4,40.3
2022-08-18,Delhi,41.362500000000004,62.4,63.270833333333336,94.1,51.958333333333336,89.4,45.958333333333336,131.0,29.2,73,0.8,9.1,27.0
2022-08-19,Delhi,24.05,36.0,45.525,64.5,33.1,63.8,49.666666666666664,103.0,29.9,71,0.5,12.8,34.6
2022-08-20,Delhi,34.80833333333333,47.7,61.25416666666666,75.7,42.27916666666667,78.2,53.541666666666664,114.0,27.8,81,6.8,6.6,22.7
2022-08-21,Delhi,43.44583333333333,55.3,71.35416666666667,85.4,51.61666666666667,104.0,62.333333333333336,160.0,29.4,76,0.3,6.7,22.7
2022-08-22,Delhi,41.44166666666667,49.5,64.17916666666666,80.3,41.141666666666666,70.0,79.25,203.0,29.2,77,6.5,9.9,36.4
2022-08-23,Delhi,26.108333333333334,36.3,49.77916666666667,59.1,29.633333333333336,67.0,70.66666666666667,125.0,29.3,71,1.2,22.5,58.3
2022-08-24,Delhi,30.741666666666664,49.7,51.699999999999996,75.0,39.8375,83.0,57.333333333333336,140.0,28.3,76,0.7,13.0,37.1
2022-08-25,Delhi,57.775,111.5,87.28750000000001,166.7,61.75833333333333,119.4,76.45833333333333,205.0,29.1,73,0.5,5.0,19.8
2022-08-26,Delhi,52.98333333333333,114.1,89.01666666666667,170.4,47.23333333333333,92.7,58.375,141.0,30.2,65,0.5,10.9,30.2
2022-08-27,Delhi,36.829166666666666,64.0,72.96249999999999,111.3,33.645833333333336,67.4,56.958333333333336,115.0,30.6,61,1.2,16.4,37.8
2022-08-28,Delhi,37.795833333333334,59.6,75.05416666666666,99.2,40.38333333333333,85.9,49.833333333333336,127.0,31.0,55,0.1,15.4,41.4
2022-08-29,Delhi,57.22083333333333,108.7,99.5125,168.1,60.49166666666667,149.9,63.583333333333336,168.0,30.1,61,0.6,8.2,29.5
2022-08-30,Delhi,84.52499999999999,183.0,132.9,276.6,91.49166666666667,164.8,72.375,193.0,30.5,68,0.0,5.8,23.8
2022-08-31,Delhi,53.354166666666664,103.6,84.88333333333334,160.7,56.31666666666666,102.1,64.16666666666667,175.0,31.4,61,0.2,9.3,35.3
2022-09-01,Delhi,65.68333333333334,126.7,109.99166666666667,194.2,44.86666666666667,84.3,56.25,139.0,31.8,60,0.5,8.8,28.4
2022-09-02,Delhi,71.02083333333333,133.2,114.65833333333335,204.4,48.6,72.7,61.25,155.0,31.9,58,0.0,6.8,27.4
2022-09-03,Delhi,51.59583333333333,115.7,88.49166666666667,181.1,45.137499999999996,73.1,48.166666666666664,127.0,32.0,52,0.0,12.6,41.4
2022-09-04,Delhi,39.55,81.5,72.19583333333334,131.8,45.770833333333336,89.1,44.041666666666664,127.0,32.1,51,0.0,15.3,40.3
2022-09-05,Delhi,43.59166666666667,136.0,79.37083333333334,210.5,47.541666666666664,100.8,54.041666666666664,147.0,31.4,53,0.0,9.4,27.7
2022-09-06,Delhi,91.47083333333335,195.6,146.37916666666666,296.2,81.35416666666667,179.0,58.583333333333336,170.0,31.7,52,0.0,7.1,23.8
2022-09-07,Delhi,79.78333333333333,176.0,129.94166666666666,270.1,70.03333333333333,116.1,75.20833333333333,187.0,32.0,53,0.0,7.4,28.1
2022-09-08,Delhi,87.37083333333334,168.1,136.3125,246.8,70.56666666666666,143.7,86.66666666666667,228.0,31.8,53,0.0,6.5,24.1
2022-09-09,Delhi,101.10416666666667,182.1,148.59166666666667,266.4,90.125,166.4,89.08333333333333,235.0,31.5,63,0.2,8.0,24.8
2022-09-10,Delhi,64.9375,99.2,94.73333333333333,143.0,76.03333333333333,153.7,75.66666666666667,213.0,30.2,69,3.1,9.4,27.7
2022-09-11,Delhi,46.19166666666666,68.9,67.3,99.7,55.40416666666667,117.4,74.45833333333333,185.0,29.7,68,3.7,10.1,33.5
2022-09-12,Delhi,51.44166666666666,86.4,73.80833333333332,123.4,56.895833333333336,105.7,75.83333333333333,200.0,30.2,64,1.0,10.6,36.0
2022-09-13,Delhi,28.77916666666667,74.5,43.520833333333336,107.3,43.9125,98.9,51.791666666666664,131.0,29.5,67,1.6,17.4,52.9
2022-09-14,Delhi,22.933333333333334,32.4,34.4625,47.3,37.791666666666664,64.2,44.25,66.0,27.5,77,6.1,19.3,63.7
2022-09-15,Delhi,27.229166666666668,70.5,39.34583333333333,100.8,39.9,98.3,52.291666666666664,93.0,26.1,86,9.2,14.5,41.0
2022-09-16,Delhi,45.48333333333333,67.3,66.60833333333333,95.9,51.84583333333333,82.9,66.66666666666667,188.0,26.2,84,13.4,9.9,29.9
2022-09-17,Delhi,61.479166666666664,85.0,92.52916666666665,123.9,71.56666666666666,110.9,85.75,260.0,27.4,78,0.8,9.6,30.6
2022-09-18,Delhi,80.19166666666666,138.3,120.19583333333333,206.3,83.57916666666667,123.2,73.0,216.0,28.0,79,0.4,6.9,30.6
2022-09-19,Delhi,94.84583333333335,196.5,140.49583333333334,292.4,71.10416666666667,106.7,74.41666666666667,211.0,28.5,75,0.0,6.7,25.6
2022-09-20,Delhi,87.0125,139.7,124.77499999999999,200.2,78.15833333333333,122.7,76.79166666666667,241.0,27.2,84,2.4,5.3,22.3
2022-09-21,Delhi,82.98333333333333,150.4,118.80833333333334,214.7,77.02916666666667,122.8,75.5,211.0,27.4,84,1.7,5.5,23.8
2022-09-22,Delhi,58.270833333333336,137.8,84.07916666666667,197.9,57.48333333333333,107.6,51.875,130.0,25.0,92,33.9,10.7,34.2
2022-09-23,Delhi,34.275,63.6,50.00833333333333,90.8,52.07916666666667,84.9,54.083333333333336,128.0,24.7,94,48.2,12.3,31.3
2022-09-24,Delhi,27.666666666666668,31.8,40.583333333333336,46.2,47.61666666666667,73.8,46.541666666666664,88.0,24.6,94,41.5,15.9,40.7
2022-09-25,Delhi,39.829166666666666,80.3,61.074999999999996,119.2,46.8125,87.5,69.79166666666667,145.0,26.3,84,0.9,10.0,32.8
2022-09-26,Delhi,55.175000000000004,84.3,88.55833333333334,121.5,56.5875,83.9,54.166666666666664,149.0,26.7,83,0.1,7.6,30.2
2022-09-27,Delhi,66.55833333333334,134.6,109.5,206.8,54.520833333333336,95.3,51.041666666666664,141.0,26.6,79,0.0,8.0,28.4
2022-09-28,Delhi,88.39166666666667,185.3,136.72083333333333,280.3,64.33749999999999,90.6,62.541666666666664,176.0,27.2,76,0.2,6.9,24.5
2022-09-29,Delhi,91.04583333333333,158.8,137.42083333333332,239.3,66.90416666666667,92.3,71.0,194.0,27.1,76,0.0,8.3,31.3
2022-09-30,Delhi,89.17083333333333,128.1,135.56666666666666,196.5,66.27916666666667,99.7,70.75,202.0,27.3,76,0.0,7.9,30.2
2022-10-01,Delhi,94.27083333333333,152.3,145.01250000000002,231.4,70.66250000000001,105.3,58.25,176.0,28.0,72,0.0,7.7,28.4
2022-10-02,Delhi,97.62916666666666,193.2,150.16666666666666,286.8,76.8125,149.5,56.791666666666664,169.0,28.0,66,0.0,8.6,30.2
2022-10-03,Delhi,53.06666666666666,71.0,86.05,106.2,46.09166666666667,65.0,69.0,160.0,27.7,61,0.0,14.6,42.5
2022-10-04,Delhi,66.76666666666667,136.4,100.38333333333333,196.0,58.69583333333333,137.2,73.25,189.0,27.7,67,0.0,9.8,29.5
2022-10-05,Delhi,119.875,169.0,173.78333333333333,245.9,118.22916666666667,182.2,85.54166666666667,313.0,27.1,77,0.1,7.3,25.6
2022-10-06,Delhi,32.270833333333336,95.7,47.8125,137.8,54.275,132.4,42.916666666666664,122.0,26.4,75,0.0,10.2,25.6
2022-10-07,Delhi,23.45,33.1,35.4375,47.4,37.708333333333336,58.3,43.375,108.0,24.5,82,1.1,12.0,27.4
2022-10-08,Delhi,25.7375,33.1,36.94583333333333,47.4,39.291666666666664,47.8,21.458333333333332,33.0,22.5,95,37.2,13.8,27.7
2022-10-09,Delhi,20.758333333333333,28.4,30.054166666666664,40.7,38.24583333333333,56.4,31.333333333333332,46.0,22.6,93,47.1,11.9,34.6
2022-10-10,Delhi,36.608333333333334,85.7,54.82083333333333,125.3,52.7875,103.2,36.708333333333336,83.0,23.4,88,1.6,8.8,25.9
2022-10-11,Delhi,34.862500000000004,63.6,50.5,91.3,56.12083333333334,91.0,60.75,132.0,23.4,87,2.7,6.0,20.5
2022-10-12,Delhi,57.270833333333336,95.2,83.59166666666667,136.4,62.00416666666666,88.3,54.208333333333336,162.0,23.8,83,0.0,6.7,23.8
2022-10-13,Delhi,61.44583333333333,87.5,92.10000000000001,132.7,63.25833333333333,85.0,48.541666666666664,152.0,23.8,72,0.0,9.0,27.0
2022-10-14,Delhi,62.104166666666664,80.6,95.325,125.7,55.479166666666664,88.1,61.458333333333336,166.0,23.7,68,0.0,9.2,28.4
2022-10-15,Delhi,95.04583333333333,234.2,141.225,341.8,71.79583333333333,159.3,67.0,186.0,23.9,69,0.0,7.8,24.8
2022-10-16,Delhi,134.9375,238.0,199.65833333333333,348.3,105.5625,159.2,60.5,209.0,24.1,69,0.0,6.1,14.8
2022-10-17,Delhi,112.125,146.2,163.29999999999998,211.4,86.05833333333334,138.2,67.29166666666667,207.0,24.2,63,0.0,7.9,22.0
2022-10-18,Delhi,109.60000000000001,166.7,159.05833333333334,240.3,98.55833333333334,167.1,53.791666666666664,184.0,24.3,60,0.0,7.4,19.1
2022-10-19,Delhi,118.55416666666667,179.3,171.2875,258.0,122.675,177.2,46.583333333333336,182.0,23.7,66,0.0,7.4,19.8
2022-10-20,Delhi,84.625,109.9,123.0,158.3,91.14583333333333,120.6,51.708333333333336,174.0,23.5,64,1.1,6.3,18.7
2022-10-21,Delhi,107.05,175.1,154.97083333333333,251.5,109.48333333333333,172.7,56.041666666666664,191.0,24.0,65,0.0,5.6,18.4
2022-10-22,Delhi,137.05416666666667,241.2,199.83333333333334,346.5,107.47500000000001,190.0,59.458333333333336,196.0,22.8,67,0.0,8.6,25.2
2022-10-23,Delhi,112.13333333333333,152.3,166.05,226.3,76.72916666666667,112.3,46.583333333333336,151.0,22.0,63,0.0,6.9,20.2
2022-10-24,Delhi,75.47083333333333,139.2,114.10000000000001,205.4,59.82083333333333,87.9,52.0,138.0,22.2,61,0.0,9.8,26.6
2022-10-25,Delhi,72.925,95.7,112.47083333333335,147.6,47.97083333333333,83.0,82.95833333333333,185.0,22.1,56,0.0,11.7,33.8
2022-10-26,Delhi,134.50416666666666,211.4,198.17499999999998,306.4,98.95416666666667,186.6,67.04166666666667,205.0,23.1,62,0.0,6.4,17.3
2022-10-27,Delhi,157.4625,219.3,230.99166666666667,319.4,121.48333333333333,198.3,53.0,195.0,24.0,61,0.0,5.2,18.7
2022-10-28,Delhi,199.625,295.2,290.47083333333336,428.4,141.69583333333333,213.1,54.125,201.0,23.2,65,0.0,5.7,13.3
2022-10-29,Delhi,173.33333333333334,244.9,251.99166666666667,353.9,124.80833333333334,212.4,57.166666666666664,206.0,23.4,63,0.0,4.8,15.1
2022-10-30,Delhi,166.79999999999998,242.1,245.65416666666667,353.0,115.02916666666665,185.2,56.375,198.0,23.0,63,0.0,7.3,22.0
2022-10-31,Delhi,169.975,280.3,248.80416666666667,404.2,101.39999999999999,172.5,64.25,211.0,23.2,63,0.0,5.5,16.9
2022-11-01,Delhi,210.97083333333333,323.2,306.09999999999997,466.6,119.39583333333333,158.5,70.70833333333333,224.0,23.4,68,0.0,7.2,19.4
2022-11-02,Delhi,147.69583333333333,230.5,218.55416666666667,333.4,72.05,121.3,77.95833333333333,202.0,23.1,70,0.0,9.0,28.4
2022-11-03,Delhi,94.02916666666665,156.0,143.21666666666667,236.6,56.18333333333334,118.1,65.33333333333333,154.0,23.4,66,0.0,10.2,27.7
2022-11-04,Delhi,157.5875,214.7,235.5625,322.2,110.88333333333333,169.8,62.458333333333336,198.0,24.8,65,0.0,4.7,14.0
2022-11-05,Delhi,137.84583333333333,168.1,204.3708333333333,245.9,98.45833333333333,139.9,55.75,168.0,23.9,77,0.0,9.4,27.4
2022-11-06,Delhi,144.01250000000002,176.0,212.3708333333333,258.0,99.07916666666667,148.8,36.958333333333336,106.0,23.4,78,0.0,7.5,20.2
2022-11-07,Delhi,148.42499999999998,201.2,218.29166666666666,293.4,101.49583333333334,127.1,56.083333333333336,181.0,23.4,72,0.6,6.2,29.9
2022-11-08,Delhi,118.53333333333335,169.0,174.76250000000002,248.7,76.16250000000001,108.5,40.458333333333336,133.0,21.8,75,6.9,6.5,50.8
2022-11-09,Delhi,133.21666666666667,212.8,195.0583333333333,307.3,95.82083333333333,145.8,41.541666666666664,156.0,22.1,70,0.1,3.9,14.4
2022-11-10,Delhi,147.54583333333332,251.5,215.4,363.2,98.62083333333334,200.2,59.458333333333336,170.0,21.1,74,0.0,7.4,28.8
2022-11-11,Delhi,78.09583333333333,122.5,119.9375,181.1,41.87083333333333,61.5,57.583333333333336,124.0,20.1,64,0.0,11.6,33.8
2022-11-12,Delhi,76.03750000000001,104.1,118.12083333333334,152.3,43.824999999999996,73.6,70.04166666666667,154.0,20.0,59,0.0,13.3,37.1
2022-11-13,Delhi,80.41666666666667,188.6,122.7625,283.1,56.64166666666667,116.2,60.916666666666664,142.0,19.9,63,0.0,10.7,36.4
2022-11-14,Delhi,111.92916666666667,188.1,167.82500000000002,283.1,78.97083333333333,129.6,50.291666666666664,142.0,20.9,62,0.0,8.1,24.8
2022-11-15,Delhi,79.12916666666666,142.5,118.25416666666666,208.2,57.975,115.4,52.875,109.0,20.3,66,0.0,6.8,20.5
2022-11-16,Delhi,69.56666666666666,85.7,110.34166666666665,129.5,39.458333333333336,68.1,60.458333333333336,129.0,19.4,60,0.0,10.4,31.7
2022-11-17,Delhi,73.00416666666666,86.6,117.17916666666667,130.9,37.5375,67.3,74.79166666666667,144.0,18.1,61,0.0,12.5,39.6
2022-11-18,Delhi,83.53750000000001,151.3,125.17083333333333,224.4,60.5875,124.2,62.833333333333336,166.0,17.3,57,0.0,9.6,27.4
2022-11-19,Delhi,106.88333333333333,179.3,160.46666666666667,264.5,63.708333333333336,86.1,54.916666666666664,155.0,17.7,59,0.0,7.4,22.3
2022-11-20,Delhi,70.20416666666667,88.0,108.19583333333333,131.8,46.05833333333334,88.2,73.20833333333333,144.0,17.5,62,0.0,9.2,27.4
2022-11-21,Delhi,58.083333333333336,71.7,92.5,107.1,39.829166666666666,66.3,76.0,137.0,18.0,58,0.0,11.8,30.6
2022-11-22,Delhi,54.79583333333333,66.4,85.79166666666667,98.7,47.65833333333333,80.3,69.33333333333333,158.0,17.9,55,0.0,10.8,29.5
2022-11-23,Delhi,58.987500000000004,76.4,92.77499999999999,112.2,51.50416666666666,84.9,67.29166666666667,167.0,17.6,50,0.0,12.1,34.6
2022-11-24,Delhi,82.8,172.3,126.04583333333333,263.6,60.75,97.9,59.916666666666664,150.0,17.2,54,0.0,11.2,28.4
2022-11-25,Delhi,141.25416666666666,215.6,212.5625,326.9,99.6875,177.9,55.708333333333336,181.0,17.3,57,0.0,7.6,20.2
2022-11-26,Delhi,78.7,99.4,121.925,148.1,47.699999999999996,87.6,86.58333333333333,175.0,17.2,57,0.0,10.5,29.5
2022-11-27,Delhi,93.78750000000001,118.0,139.16666666666666,173.7,55.88333333333333,101.0,74.04166666666667,167.0,16.9,65,0.0,7.6,21.6
2022-11-28,Delhi,114.25416666666666,177.9,167.54583333333332,258.0,63.17083333333333,116.0,66.25,163.0,17.4,63,0.0,5.2,15.5
2022-11-29,Delhi,126.75,171.4,184.95416666666665,250.5,66.30416666666666,123.8,77.29166666666667,189.0,16.8,68,0.0,7.1,18.4
2022-11-30,Delhi,111.7,159.7,163.725,232.8,71.94166666666666,143.6,79.16666666666667,190.0,16.8,71,0.0,7.2,22.0
2022-12-01,Delhi,118.16666666666667,212.3,174.02916666666667,312.0,77.82916666666667,130.6,75.45833333333333,196.0,16.5,74,0.0,8.1,24.5
2022-12-02,Delhi,199.0375,258.0,291.75,372.5,118.08333333333333,197.9,61.583333333333336,191.0,16.7,74,0.0,5.5,14.4
2022-12-03,Delhi,238.07500000000002,326.0,344.6458333333333,471.2,155.79999999999998,227.5,75.95833333333333,249.0,17.1,73,0.0,4.9,13.0
2022-12-04,Delhi,198.2541666666667,337.1,286.33750000000003,484.3,121.9875,182.9,51.416666666666664,176.0,16.5,74,0.0,8.3,25.2
2022-12-05,Delhi,134.54166666666666,210.5,196.1291666666667,306.4,91.78333333333335,147.7,50.5,163.0,15.5,74,0.0,6.8,17.3
2022-12-06,Delhi,69.7625,118.3,108.86666666666667,175.6,43.00416666666667,82.9,89.33333333333333,166.0,16.0,69,0.0,13.3,32.8
2022-12-07,Delhi,65.2,73.6,108.35000000000001,121.5,29.212500000000002,56.5,90.58333333333333,127.0,16.3,68,0.0,15.5,39.2
2022-12-08,Delhi,81.60000000000001,96.2,125.2625,146.2,45.54583333333333,74.9,60.833333333333336,129.0,16.0,73,0.0,11.3,29.9
2022-12-09,Delhi,109.25,191.4,161.73333333333332,280.3,79.27499999999999,135.1,49.083333333333336,123.0,16.3,76,0.0,8.0,25.9
2022-12-10,Delhi,92.29583333333333,149.0,138.14166666666668,219.8,78.4375,114.0,38.916666666666664,122.0,16.9,71,0.0,8.7,23.0
2022-12-11,Delhi,62.19166666666667,80.8,95.83749999999999,123.9,59.4,82.8,34.041666666666664,102.0,17.3,69,0.0,9.8,22.7
2022-12-12,Delhi,46.9625,57.5,78.02916666666667,92.4,40.391666666666666,66.2,50.083333333333336,90.0,16.9,62,0.0,11.2,25.9
2022-12-13,Delhi,33.041666666666664,53.9,53.96666666666667,84.5,20.933333333333334,56.8,59.833333333333336,108.0,16.8,53,0.0,15.2,37.1
2022-12-14,Delhi,0.6208333333333332,0.8,0.8958333333333334,1.1,0.0,0.0,29.583333333333332,32.0,15.7,55,0.0,14.7,36.0
2022-12-15,Delhi,0.6583333333333333,0.8,0.9291666666666667,1.2,0.0,0.0,30.5,34.0,14.6,57,0.0,12.7,33.1
2022-12-16,Delhi,61.208333333333336,121.1,93.33749999999999,183.9,41.833333333333336,93.6,53.833333333333336,141.0,14.0,66,0.0,10.2,24.5
2022-12-17,Delhi,96.1875,155.1,144.87083333333334,233.8,58.604166666666664,105.4,50.791666666666664,140.0,14.1,69,0.0,8.0,21.2
2022-12-18,Delhi,163.12083333333334,220.7,239.35,317.6,96.24583333333334,140.3,56.875,177.0,14.3,76,0.0,7.0,18.0
2022-12-19,Delhi,152.65416666666667,220.7,221.025,318.5,72.81666666666666,113.0,64.625,157.0,14.1,79,0.0,7.9,20.2
2022-12-20,Delhi,109.45416666666667,130.9,159.95416666666668,192.8,60.737500000000004,101.8,71.41666666666667,163.0,13.6,77,0.0,7.9,21.2
2022-12-21,Delhi,111.16250000000001,134.1,162.20000000000002,193.2,70.07916666666667,126.9,65.95833333333333,161.0,13.0,79,0.0,8.2,21.2
2022-12-22,Delhi,95.78333333333335,115.3,140.525,171.8,70.875,124.4,60.291666666666664,156.0,12.9,79,0.0,8.1,22.0
2022-12-23,Delhi,102.60000000000001,125.7,149.85,181.1,92.66250000000001,133.4,46.666666666666664,152.0,12.2,82,0.0,7.2,18.0
2022-12-24,Delhi,69.8125,93.4,108.06666666666666,136.4,60.34583333333333,94.1,60.708333333333336,139.0,12.4,75,0.0,10.9,28.4
2022-12-25,Delhi,81.90416666666667,112.9,123.22916666666667,171.4,51.65416666666667,84.7,83.83333333333333,182.0,10.9,81,0.0,11.3,28.4
2022-12-26,Delhi,105.16666666666667,126.7,154.6875,184.9,63.737500000000004,99.5,56.25,139.0,11.1,83,0.0,8.6,22.3
2022-12-27,Delhi,93.75833333333333,104.8,142.46666666666667,156.5,43.02916666666667,78.7,87.70833333333333,159.0,11.9,79,0.0,13.6,33.8
2022-12-28,Delhi,76.92083333333333,84.3,122.0,129.5,34.30833333333333,66.9,89.79166666666667,142.0,13.1,72,0.0,15.9,37.1
2022-12-29,Delhi,109.84166666666665,179.7,160.62916666666666,258.9,71.74166666666666,132.6,65.95833333333333,126.0,14.1,74,0.0,8.4,21.2
2022-12-30,Delhi,163.30416666666667,265.4,236.95416666666665,381.8,88.22083333333335,148.0,59.041666666666664,146.0,14.9,75,0.0,8.5,25.6
2022-12-31,Delhi,87.74166666666667,214.7,134.80833333333334,309.2,56.916666666666664,108.7,38.833333333333336,125.0,13.1,82,0.0,12.6,34.2
2023-01-01,Delhi,114.4875,246.8,167.49583333333334,354.8,91.09583333333335,202.2,47.583333333333336,157.0,12.5,79,0.0,6.0,17.6
2023-01-02,Delhi,192.95416666666665,283.1,277.4375,405.1,136.44583333333333,198.9,41.5,168.0,12.2,78,0.0,5.0,15.8
2023-01-03,Delhi,144.23333333333332,281.3,207.90416666666667,403.3,100.62916666666666,164.6,48.375,159.0,10.6,85,0.0,6.6,21.6
2023-01-04,Delhi,105.52083333333333,175.1,153.37083333333334,255.2,72.30833333333334,127.4,61.916666666666664,173.0,9.7,87,0.0,8.5,22.7
2023-01-05,Delhi,152.9,246.8,221.65416666666667,355.8,100.77083333333333,155.8,49.833333333333336,176.0,8.9,89,0.0,8.1,21.2
2023-01-06,Delhi,156.35833333333332,233.3,225.32500000000002,337.1,108.13333333333333,155.2,50.041666666666664,180.0,8.3,87,0.0,6.7,18.7
2023-01-07,Delhi,139.275,189.5,200.98749999999998,272.9,94.91250000000001,139.9,40.416666666666664,153.0,8.2,87,0.0,9.1,24.8
2023-01-08,Delhi,157.2125,228.2,228.725,334.3,83.34166666666667,152.7,66.70833333333333,207.0,10.1,88,0.0,9.7,27.4
2023-01-09,Delhi,214.05416666666667,273.8,310.45,400.5,148.18333333333334,208.9,42.541666666666664,189.0,11.1,88,0.0,5.4,18.4
2023-01-10,Delhi,132.9125,244.9,193.05416666666667,351.1,94.58749999999999,185.7,45.875,160.0,11.5,89,0.0,8.9,28.1
2023-01-11,Delhi,139.74166666666667,190.9,203.14583333333334,276.6,94.51666666666667,183.0,67.95833333333333,187.0,12.1,86,0.0,7.4,22.0
2023-01-12,Delhi,97.67083333333333,132.2,145.99583333333334,197.0,70.90833333333333,114.6,58.5,116.0,14.5,81,0.1,12.8,31.0
2023-01-13,Delhi,103.20416666666667,147.1,152.32083333333333,213.7,69.09583333333333,107.5,40.75,128.0,13.9,87,18.2,9.6,33.1
2023-01-14,Delhi,98.48333333333333,150.9,149.7125,218.9,60.01666666666667,81.4,46.291666666666664,148.0,12.1,76,0.0,13.4,33.5
2023-01-15,Delhi,57.54583333333333,79.9,91.25416666666666,125.7,43.78333333333333,73.7,60.375,144.0,9.4,66,0.0,12.6,32.0
2023-01-16,Delhi,70.44583333333334,81.7,106.07916666666667,123.9,55.71666666666667,78.6,54.708333333333336,156.0,9.0,64,0.0,9.4,27.4
2023-01-17,Delhi,66.74166666666666,92.9,101.42083333333333,142.5,55.94166666666666,87.8,64.83333333333333,167.0,9.0,64,0.0,10.2,28.1
2023-01-18,Delhi,92.92083333333333,124.8,136.47083333333333,183.0,76.2375,99.7,58.708333333333336,176.0,9.2,65,0.0,8.6,22.7
2023-01-19,Delhi,113.90416666666665,163.9,165.07083333333333,235.2,83.24166666666666,145.2,68.0,184.0,12.2,64,0.3,7.2,25.6
2023-01-20,Delhi,64.49583333333334,101.5,95.02499999999999,148.5,53.02916666666667,79.3,51.041666666666664,101.0,14.0,70,0.0,10.5,27.0
2023-01-21,Delhi,113.18333333333334,198.8,164.13750000000002,286.8,99.05416666666667,165.7,30.5,129.0,13.2,79,0.0,5.5,13.0
2023-01-22,Delhi,146.19166666666666,240.3,210.7875,344.6,110.10416666666667,181.7,38.5,156.0,14.1,71,0.0,8.5,22.3
2023-01-23,Delhi,144.29583333333332,247.7,207.6291666666667,355.8,115.03333333333335,223.6,40.5,140.0,15.5,64,0.0,6.5,18.7
2023-01-24,Delhi,144.5875,258.0,211.1833333333333,370.7,112.6375,229.5,29.0,114.0,16.9,82,11.3,12.0,43.6
2023-01-25,Delhi,109.22500000000001,152.3,157.85833333333332,219.3,73.02916666666667,106.9,48.375,140.0,16.4,83,1.0,6.1,21.6
2023-01-26,Delhi,87.25416666666666,105.7,131.27916666666667,153.2,45.98333333333333,72.0,60.541666666666664,149.0,14.3,77,0.0,12.7,31.7
2023-01-27,Delhi,68.35416666666667,77.1,108.19166666666666,118.5,37.270833333333336,60.9,71.5,127.0,12.1,68,0.0,14.6,34.2
2023-01-28,Delhi,97.72916666666667,182.5,146.04999999999998,272.9,61.55833333333334,116.7,66.66666666666667,150.0,12.5,69,0.0,11.5,27.7
2023-01-29,Delhi,128.80416666666667,183.5,189.0625,274.7,87.44166666666666,120.6,23.75,43.0,12.8,84,4.2,9.3,28.1
2023-01-30,Delhi,94.2,165.3,135.98333333333332,236.6,52.0875,74.1,43.958333333333336,70.0,13.2,87,10.2,8.5,37.1
2023-01-31,Delhi,68.62083333333334,149.0,107.39999999999999,213.7,43.770833333333336,74.8,47.5,103.0,14.1,84,0.0,14.4,38.5
2023-02-01,Delhi,54.0625,64.5,88.625,106.2,34.858333333333334,63.0,66.5,115.0,13.7,75,0.0,16.3,36.7
2023-02-02,Delhi,52.875,61.7,87.37916666666666,95.0,40.63333333333333,69.7,74.70833333333333,154.0,14.7,65,0.0,15.8,36.4
2023-02-03,Delhi,61.46666666666667,84.5,94.99166666666667,129.0,46.475,82.7,66.83333333333333,153.0,15.0,69,0.0,11.9,29.5
2023-02-04,Delhi,63.38333333333333,79.6,100.0125,121.5,35.12083333333333,66.1,79.08333333333333,145.0,15.9,66,0.0,13.5,35.3
2023-02-05,Delhi,64.8125,135.0,101.23333333333333,209.5,39.9125,88.4,77.5,145.0,17.0,63,0.0,9.7,28.8
2023-02-06,Delhi,136.22083333333333,224.4,204.39583333333334,334.3,95.0625,150.7,50.0,170.0,17.6,70,0.0,7.8,24.1
2023-02-07,Delhi,79.81666666666668,167.2,123.99166666666667,244.0,65.39999999999999,125.1,43.625,129.0,17.1,70,0.0,12.7,33.8
2023-02-08,Delhi,44.10833333333333,70.1,70.50833333333334,110.1,45.15833333333333,73.0,72.0,159.0,15.7,55,0.0,11.2,31.7
2023-02-09,Delhi,69.88333333333334,113.2,105.75,164.4,76.36666666666666,124.2,64.04166666666667,169.0,17.3,63,0.0,9.9,25.9
2023-02-10,Delhi,64.02083333333333,83.4,99.125,128.1,68.76666666666667,120.6,54.708333333333336,144.0,18.6,72,0.0,9.7,25.9
2023-02-11,Delhi,96.92083333333333,162.5,149.1625,238.0,79.38333333333334,163.4,58.708333333333336,168.0,18.9,63,0.0,8.9,31.0
2023-02-12,Delhi,46.89166666666667,81.3,77.66250000000001,121.5,37.074999999999996,57.6,65.58333333333333,131.0,15.8,47,0.0,15.1,42.8
2023-02-13,Delhi,27.3875,32.7,61.75833333333333,83.1,28.304166666666664,51.0,86.41666666666667,140.0,15.0,35,0.0,22.1,50.8
2023-02-14,Delhi,43.36666666666667,67.5,73.86666666666666,111.5,32.800000000000004,63.0,87.83333333333333,157.0,16.8,44,0.0,14.5,33.8
2023-02-15,Delhi,60.104166666666664,67.1,101.69166666666666,110.1,26.354166666666668,56.2,108.66666666666667,134.0,18.3,55,0.0,15.0,39.6
2023-02-16,Delhi,120.15833333333335,242.1,177.32083333333333,349.2,61.15833333333333,112.6,70.29166666666667,120.0,18.3,71,0.0,7.8,19.1
2023-02-17,Delhi,163.85,246.8,236.875,355.8,89.64166666666667,129.2,84.08333333333333,216.0,19.6,77,0.0,5.9,14.4
2023-02-18,Delhi,182.2125,248.7,271.40000000000003,366.0,100.07916666666667,151.9,88.66666666666667,236.0,19.0,78,0.0,7.3,18.0
2023-02-19,Delhi,176.3166666666667,220.7,260.53749999999997,326.0,113.47500000000001,191.8,83.16666666666667,243.0,21.0,70,0.0,5.6,15.8
2023-02-20,Delhi,125.52083333333333,198.8,184.2541666666667,290.6,108.3125,159.1,72.375,208.0,22.3,65,0.0,7.2,20.2
2023-02-21,Delhi,76.02083333333333,103.1,114.85416666666667,151.3,82.03750000000001,117.8,51.708333333333336,121.0,21.9,58,0.0,9.3,27.4
2023-02-22,Delhi,66.63333333333334,102.7,99.2625,149.0,54.84166666666667,91.3,67.45833333333333,150.0,20.5,63,0.0,8.1,27.4
2023-02-23,Delhi,40.36666666666667,58.8,65.82916666666667,95.2,42.204166666666666,66.4,57.25,118.0,20.0,53,0.0,12.2,36.4
2023-02-24,Delhi,56.59166666666667,85.2,86.58749999999999,130.4,54.47083333333333,89.2,64.20833333333333,144.0,19.8,51,0.0,10.6,29.5
2023-02-25,Delhi,88.43333333333334,148.1,131.01250000000002,216.5,85.77083333333333,162.7,70.25,172.0,21.0,54,0.0,7.4,21.2
2023-02-26,Delhi,84.27083333333333,144.4,123.52916666666665,208.6,89.87083333333334,170.2,64.66666666666667,192.0,22.3,51,0.0,7.3,22.7
2023-02-27,Delhi,70.46249999999999,129.5,105.5125,187.2,70.02499999999999,119.1,66.25,168.0,22.2,53,0.0,8.8,29.9
2023-02-28,Delhi,73.1,120.6,111.02499999999999,177.0,73.40833333333333,132.4,54.375,167.0,21.6,49,0.0,8.0,26.3
2023-03-01,Delhi,60.0,116.6,91.54583333333333,171.8,54.39166666666666,99.6,48.083333333333336,135.0,21.8,50,0.0,10.1,28.4
2023-03-02,Delhi,48.479166666666664,74.5,74.61666666666666,110.4,54.03333333333333,87.2,52.0,149.0,22.1,55,0.0,9.8,28.8
2023-03-03,Delhi,38.391666666666666,50.2,63.23333333333333,76.1,45.637499999999996,72.7,56.041666666666664,136.0,22.6,56,0.0,11.4,43.2
2023-03-04,Delhi,37.458333333333336,49.4,62.22083333333333,79.2,41.916666666666664,70.3,58.25,130.0,22.4,54,0.0,11.5,35.3
2023-03-05,Delhi,39.479166666666664,54.6,64.94583333333334,81.5,46.9375,73.9,58.875,137.0,22.4,53,0.0,12.5,39.6
2023-03-06,Delhi,42.875,69.8,68.3125,112.2,45.90833333333333,72.1,59.791666666666664,146.0,21.7,50,0.0,11.4,34.9
2023-03-07,Delhi,66.59166666666667,114.6,101.675,172.8,67.89999999999999,113.5,63.625,164.0,21.8,48,0.0,8.7,28.4
2023-03-08,Delhi,89.64583333333333,164.8,132.51250000000002,241.2,93.45416666666667,183.3,56.208333333333336,169.0,21.3,54,0.2,8.3,29.2
2023-03-09,Delhi,65.97916666666667,95.0,98.39166666666667,143.0,68.29583333333333,132.1,58.291666666666664,162.0,21.0,62,0.5,8.9,26.6
2023-03-10,Delhi,72.77499999999999,110.4,110.57916666666667,171.8,69.47500000000001,101.7,60.958333333333336,174.0,22.3,58,0.0,9.3,31.0
2023-03-11,Delhi,102.84583333333335,213.7,154.5875,321.3,104.05833333333334,255.7,69.45833333333333,209.0,23.2,51,0.0,8.1,27.7
2023-03-12,Delhi,94.71666666666665,153.2,139.95833333333334,224.0,84.175,170.8,72.0,204.0,24.3,49,0.0,7.7,23.4
2023-03-13,Delhi,93.52916666666665,164.4,140.29583333333332,242.1,76.11666666666666,112.6,63.666666666666664,179.0,24.3,49,0.0,8.4,30.6
2023-03-14,Delhi,59.375,99.7,93.75833333333333,152.3,54.57083333333333,95.4,60.416666666666664,151.0,24.2,49,0.0,10.0,42.1
2023-03-15,Delhi,93.49166666666667,186.7,141.975,279.4,91.18333333333334,230.0,63.291666666666664,185.0,24.8,43,0.0,7.1,38.2
2023-03-16,Delhi,80.60416666666667,104.5,119.4375,152.3,76.51666666666667,109.7,57.166666666666664,151.0,24.5,42,0.1,10.4,41.4
2023-03-17,Delhi,70.08333333333333,114.1,104.23333333333333,167.2,66.52499999999999,94.2,65.75,164.0,22.9,55,1.7,6.5,32.4
2023-03-18,Delhi,98.70416666666667,145.8,144.65416666666667,213.7,74.125,114.5,60.416666666666664,166.0,20.4,75,0.3,8.0,45.7
2023-03-19,Delhi,106.69583333333333,169.5,154.02083333333334,243.1,79.57083333333334,117.6,65.58333333333333,191.0,19.8,83,0.7,6.6,23.0
2023-03-20,Delhi,86.91250000000001,174.2,126.4875,250.5,71.02083333333333,117.5,61.416666666666664,153.0,18.7,87,24.3,7.2,33.5
2023-03-21,Delhi,56.19583333333333,70.8,81.52499999999999,101.3,49.987500000000004,80.0,71.95833333333333,144.0,18.3,84,3.2,7.1,28.1
2023-03-22,Delhi,81.3,130.9,117.7,190.9,73.88333333333334,125.4,67.70833333333333,179.0,19.5,75,0.0,5.9,22.0
2023-03-23,Delhi,60.875,112.5,92.89166666666667,164.8,57.80833333333334,89.7,55.125,143.0,21.5,65,0.0,9.1,30.2
2023-03-24,Delhi,69.0125,98.7,108.33749999999999,150.9,68.6875,120.2,55.458333333333336,144.0,21.6,69,15.8,9.0,46.4
2023-03-25,Delhi,65.7,110.4,102.1125,166.7,61.833333333333336,109.7,66.5,155.0,21.2,78,1.1,9.6,33.1
2023-03-26,Delhi,43.65,57.6,72.24583333333334,86.8,43.22083333333333,68.3,65.5,136.0,21.8,62,0.0,9.7,27.0
2023-03-27,Delhi,44.9,60.3,73.05,91.7,44.90416666666667,84.2,65.66666666666667,142.0,20.8,62,0.0,10.6,34.9
2023-03-28,Delhi,56.875,90.1,87.64166666666667,135.5,55.770833333333336,87.2,65.125,150.0,21.8,61,0.0,9.6,35.3
2023-03-29,Delhi,78.58749999999999,146.2,117.375,213.7,67.41666666666667,120.3,71.625,180.0,23.3,55,0.2,8.1,25.2
2023-03-30,Delhi,79.33333333333333,136.0,119.3875,197.9,63.083333333333336,95.2,83.375,184.0,21.8,70,5.7,9.6,47.5
2023-03-31,Delhi,47.71666666666667,75.2,70.97916666666667,109.9,46.975,92.2,70.91666666666667,132.0,19.6,83,9.4,5.8,30.2
2023-04-01,Delhi,73.825,170.0,108.3125,244.9,70.13333333333334,136.8,54.291666666666664,143.0,20.1,79,0.9,5.4,23.8
2023-04-02,Delhi,102.71249999999999,194.6,152.37916666666666,280.3,84.71666666666667,165.8,63.625,185.0,22.2,69,0.0,8.5,33.8
2023-04-03,Delhi,58.32916666666667,105.5,91.375,163.4,62.82083333333333,84.2,55.25,149.0,23.3,61,0.0,8.2,28.8
2023-04-04,Delhi,39.887499999999996,72.2,67.58333333333333,106.2,45.475,70.1,64.29166666666667,144.0,22.2,61,0.2,9.8,30.2
2023-04-05,Delhi,35.69166666666667,47.1,59.65,73.8,42.4125,74.2,64.95833333333333,146.0,22.9,50,0.0,10.2,31.0
2023-04-06,Delhi,30.2,39.9,52.76666666666667,67.8,39.3125,56.6,71.125,121.0,23.9,41,0.0,12.0,32.8
2023-04-07,Delhi,29.3625,37.1,50.28333333333333,62.9,35.17916666666667,56.6,77.375,148.0,24.3,37,0.0,11.9,32.0
2023-04-08,Delhi,32.55416666666667,43.9,52.48333333333333,72.6,40.829166666666666,68.7,84.08333333333333,172.0,24.4,34,0.0,10.9,33.1
2023-04-09,Delhi,36.43333333333333,60.3,56.979166666666664,91.7,45.90833333333333,76.7,77.58333333333333,157.0,26.2,30,0.0,9.5,34.6
2023-04-10,Delhi,35.875,69.8,56.52916666666667,102.0,46.125,85.1,81.91666666666667,167.0,26.4,29,0.0,8.7,32.8
2023-04-11,Delhi,28.329166666666666,41.3,49.104166666666664,61.2,37.699999999999996,60.3,91.75,175.0,27.7,28,0.0,13.4,46.1
2023-04-12,Delhi,34.137499999999996,51.5,60.041666666666664,84.1,38.324999999999996,77.0,83.20833333333333,154.0,29.4,27,0.0,15.9,47.5
2023-04-13,Delhi,34.24166666666667,50.4,57.67916666666667,81.3,44.1,75.8,81.29166666666667,162.0,29.5,28,0.0,12.1,38.2
2023-04-14,Delhi,38.49583333333333,61.5,61.59583333333333,94.8,51.53333333333333,86.9,78.45833333333333,167.0,29.5,27,0.0,10.0,34.9
2023-04-15,Delhi,53.637499999999996,88.5,80.075,128.5,59.699999999999996,130.7,86.54166666666667,190.0,30.9,23,0.0,8.2,31.0
2023-04-16,Delhi,65.14583333333333,122.5,96.19166666666666,176.0,66.12916666666666,163.0,86.95833333333333,200.0,31.3,25,0.0,10.2,37.1
2023-04-17,Delhi,45.38333333333333,99.2,70.44166666666666,147.6,46.87916666666666,94.2,69.83333333333333,152.0,32.5,25,0.0,9.4,31.7
2023-04-18,Delhi,52.1625,123.4,84.66666666666667,182.1,52.06666666666666,96.0,56.458333333333336,139.0,32.6,23,0.0,12.9,42.8
2023-04-19,Delhi,32.59166666666667,58.2,59.44166666666666,89.4,31.675,60.4,75.20833333333333,139.0,29.8,35,0.0,11.0,46.8
2023-04-20,Delhi,40.145833333333336,72.9,67.76666666666667,108.5,43.24166666666667,71.5,77.33333333333333,148.0,28.1,44,0.0,8.3,32.4
2023-04-21,Delhi,39.541666666666664,54.9,64.8,88.5,41.458333333333336,87.8,91.0,177.0,28.8,34,0.0,10.2,32.4
2023-04-22,Delhi,34.4,44.5,53.2875,66.1,44.40833333333333,76.6,93.16666666666667,176.0,28.6,26,0.0,9.7,35.3
2023-04-23,Delhi,31.962500000000002,46.0,49.2125,66.6,44.40833333333333,80.6,86.16666666666667,161.0,26.9,27,0.0,11.8,38.5
2023-04-24,Delhi,44.54583333333333,74.5,69.86666666666666,110.8,50.26666666666667,94.0,80.54166666666667,167.0,26.1,35,0.0,10.3,33.5
2023-04-25,Delhi,55.9,81.5,84.10833333333333,116.9,46.324999999999996,105.6,103.0,216.0,27.1,37,0.0,10.7,34.2
2023-04-26,Delhi,73.10416666666667,107.8,106.26666666666667,155.1,77.59166666666667,131.1,101.41666666666667,237.0,28.9,32,0.0,8.2,25.2
2023-04-27,Delhi,62.875,92.0,93.80416666666667,132.2,66.96249999999999,117.5,96.875,203.0,29.1,30,0.0,9.6,53.3
2023-04-28,Delhi,71.32083333333334,90.1,107.65416666666665,133.6,77.82083333333334,133.6,79.41666666666667,181.0,27.9,36,0.0,6.4,23.0
2023-04-29,Delhi,60.82916666666667,81.3,95.16666666666667,122.9,58.72083333333333,114.8,96.875,199.0,26.5,49,0.6,7.8,34.2
2023-04-30,Delhi,68.04583333333333,96.2,106.02916666666665,144.8,43.63333333333333,71.2,103.125,178.0,24.6,61,1.4,7.4,39.2
2023-05-01,Delhi,55.47083333333333,74.3,82.16250000000001,111.5,43.387499999999996,76.2,84.5,134.0,22.1,80,5.4,8.2,28.4
2023-05-02,Delhi,41.637499999999996,62.2,61.46666666666667,90.6,46.0875,99.7,67.0,142.0,22.5,81,5.4,10.6,35.3
2023-05-03,Delhi,60.44166666666666,107.1,87.29583333333333,153.7,65.02083333333333,102.1,56.208333333333336,148.0,22.4,81,6.8,7.0,30.6
2023-05-04,Delhi,80.02499999999999,131.3,115.27499999999999,188.1,77.42916666666666,169.1,85.5,220.0,24.2,73,0.0,4.8,18.7
2023-05-05,Delhi,97.14999999999999,159.3,143.65,228.6,83.97083333333333,159.2,100.08333333333333,253.0,25.9,59,5.4,8.0,58.3
2023-05-06,Delhi,53.416666666666664,115.7,87.16250000000001,174.6,43.87083333333334,82.4,75.79166666666667,164.0,27.4,48,0.0,8.6,41.4
2023-05-07,Delhi,61.12083333333334,104.5,99.91250000000001,170.0,59.50833333333333,96.8,89.75,217.0,28.9,39,0.0,10.3,32.8
2023-05-08,Delhi,52.275,113.2,88.09583333333335,172.8,64.13333333333334,128.5,81.08333333333333,184.0,29.2,40,0.0,12.7,39.2
2023-05-09,Delhi,39.108333333333334,75.0,65.1875,115.5,44.82083333333333,67.3,90.375,167.0,29.5,34,0.0,11.8,40.7
2023-05-10,Delhi,31.695833333333336,55.9,53.48333333333333,92.4,38.05833333333333,71.0,101.29166666666667,181.0,29.7,22,0.0,13.9,43.6
2023-05-11,Delhi,64.9875,122.9,100.15416666666665,188.6,61.199999999999996,118.7,108.625,211.0,31.0,22,0.0,8.4,31.0
2023-05-12,Delhi,88.52499999999999,140.6,129.36666666666667,203.5,91.21249999999999,225.5,116.5,248.0,33.3,22,0.0,10.1,33.1
2023-05-13,Delhi,75.18333333333334,115.5,110.87083333333334,166.2,82.42083333333333,138.5,124.08333333333333,270.0,33.3,25,0.0,10.2,52.6
2023-05-14,Delhi,63.01666666666667,98.7,98.47916666666667,147.1,68.89583333333333,121.8,113.29166666666667,238.0,32.5,28,0.0,11.6,59.4
2023-05-15,Delhi,45.36666666666667,83.6,77.54166666666667,129.5,52.0375,99.9,85.33333333333333,166.0,33.4,25,0.0,8.7,32.4
2023-05-16,Delhi,45.87083333333334,93.4,81.24166666666666,140.6,45.675000000000004,87.6,81.58333333333333,162.0,32.4,28,0.0,13.9,55.1
2023-05-17,Delhi,48.74166666666667,82.9,88.95833333333333,141.1,52.449999999999996,123.3,74.16666666666667,145.0,33.2,26,0.0,13.7,38.9
2023-05-18,Delhi,32.112500000000004,44.6,66.3375,81.3,34.791666666666664,65.1,85.54166666666667,146.0,31.0,38,0.0,12.3,40.7
2023-05-19,Delhi,36.300000000000004,44.9,66.44583333333334,78.2,27.6125,45.1,106.29166666666667,179.0,31.6,35,0.0,14.3,41.0
2023-05-20,Delhi,39.112500000000004,62.4,66.25833333333334,103.8,35.11666666666667,88.3,96.5,174.0,32.8,28,0.0,12.6,46.1
2023-05-21,Delhi,48.833333333333336,88.7,79.21666666666667,138.8,53.8125,90.9,74.41666666666667,168.0,34.8,22,0.0,10.3,46.8
2023-05-22,Delhi,38.68333333333333,79.9,76.96666666666667,121.1,44.25,99.8,67.16666666666667,136.0,36.1,20,0.0,18.3,56.9
2023-05-23,Delhi,37.362500000000004,82.7,77.10000000000001,139.7,36.516666666666666,58.6,62.0,125.0,35.3,28,1.0,18.7,50.8
2023-05-24,Delhi,43.04583333333333,57.0,76.05833333333334,104.3,54.354166666666664,123.0,66.375,185.0,30.8,47,0.2,10.2,41.8
2023-05-25,Delhi,52.82083333333333,77.5,88.72500000000001,115.9,62.42916666666667,123.8,83.70833333333333,196.0,28.2,58,0.2,7.9,44.3
2023-05-26,Delhi,79.08749999999999,125.7,127.03750000000001,188.1,78.80416666666666,169.0,101.75,238.0,28.5,55,0.0,5.1,19.1
2023-05-27,Delhi,67.32083333333334,101.3,106.10833333333333,150.9,77.07083333333334,156.6,91.66666666666667,218.0,27.1,64,19.2,13.0,62.3
2023-05-28,Delhi,67.98333333333333,116.6,107.65416666666665,170.4,74.34583333333333,155.8,98.33333333333333,265.0,27.4,66,0.3,7.2,61.6
2023-05-29,Delhi,73.82083333333334,92.4,121.2375,152.3,60.354166666666664,123.8,109.5,293.0,27.1,70,1.2,7.7,38.5
2023-05-30,Delhi,62.04583333333333,82.9,99.36666666666667,122.5,45.525,92.3,120.04166666666667,235.0,27.3,65,0.1,8.0,31.7
2023-05-31,Delhi,40.84166666666667,55.1,70.67916666666666,91.0,38.875,80.8,86.75,157.0,24.9,74,2.9,10.3,42.1
2023-06-01,Delhi,46.56666666666666,76.6,75.69166666666668,118.5,42.3125,68.6,98.29166666666667,196.0,26.4,65,0.4,7.6,34.6
2023-06-02,Delhi,42.675000000000004,60.3,71.17083333333333,92.9,41.233333333333334,88.5,88.16666666666667,163.0,27.5,57,1.3,9.6,40.7
2023-06-03,Delhi,48.12083333333334,66.8,74.64583333333333,102.7,54.44583333333333,98.6,87.66666666666667,195.0,29.2,52,0.0,7.8,27.7
2023-06-04,Delhi,46.6,67.8,76.075,101.7,52.80833333333334,91.3,82.125,179.0,29.3,58,1.6,10.1,29.5
2023-06-05,Delhi,52.375,108.7,83.94166666666666,167.2,44.30833333333334,106.3,96.04166666666667,191.0,30.4,52,0.1,13.1,52.2
2023-06-06,Delhi,79.825,162.5,124.25416666666666,239.3,79.97083333333333,186.2,95.5,223.0,31.4,43,0.0,8.9,38.2
2023-06-07,Delhi,45.89166666666667,76.1,72.9375,119.0,48.65416666666667,76.1,95.04166666666667,185.0,32.1,37,0.0,11.1,40.7
2023-06-08,Delhi,34.766666666666666,44.9,57.875,71.9,42.574999999999996,75.8,95.125,180.0,32.7,35,0.0,11.1,41.8
2023-06-09,Delhi,39.92916666666667,70.3,64.83333333333333,108.3,45.92916666666667,75.6,95.125,184.0,34.2,34,0.0,14.8,41.8
2023-06-10,Delhi,39.21666666666667,89.2,68.45,136.0,42.050000000000004,88.6,79.58333333333333,157.0,34.4,38,0.0,13.5,42.8
2023-06-11,Delhi,44.26666666666667,97.3,79.05416666666666,151.8,40.30833333333333,79.0,87.95833333333333,155.0,33.8,45,0.0,15.1,43.9
2023-06-12,Delhi,41.82083333333333,58.0,75.06666666666666,94.1,38.85,65.9,89.95833333333333,163.0,34.9,44,0.0,16.3,52.2
2023-06-13,Delhi,30.837500000000002,62.9,69.1125,103.8,32.833333333333336,65.2,69.125,123.0,36.2,35,0.0,21.0,57.2
2023-06-14,Delhi,24.900000000000002,39.3,59.5,72.2,27.766666666666666,53.1,62.833333333333336,108.0,35.6,36,0.0,21.2,56.2
2023-06-15,Delhi,29.2375,36.1,70.09166666666667,86.6,27.3,54.1,68.04166666666667,114.0,33.2,47,0.4,17.4,58.7
2023-06-16,Delhi,40.295833333333334,64.3,75.66250000000001,103.8,37.4,68.6,67.79166666666667,129.0,32.2,51,1.2,13.9,54.7
2023-06-17,Delhi,48.5875,109.7,81.05,174.2,51.24583333333334,144.4,67.75,174.0,32.9,54,0.3,10.6,40.3
2023-06-18,Delhi,43.48333333333333,64.5,71.89583333333333,100.6,48.270833333333336,101.2,70.45833333333333,162.0,32.1,60,4.0,9.0,37.8
2023-06-19,Delhi,41.18333333333333,68.2,64.8875,105.0,51.00416666666666,87.0,57.208333333333336,127.0,29.6,71,6.6,9.0,25.6
2023-06-20,Delhi,41.175000000000004,68.2,61.74166666666667,99.4,37.90416666666667,81.8,83.95833333333333,160.0,30.6,67,16.6,9.2,49.0
2023-06-21,Delhi,62.61666666666667,136.0,100.375,202.6,54.35833333333333,134.1,79.91666666666667,180.0,29.3,77,20.3,7.2,36.7
2023-06-22,Delhi,86.5125,130.4,138.46666666666667,201.6,63.775,128.9,83.375,169.0,31.4,72,2.7,7.8,31.3
2023-06-23,Delhi,80.55,108.0,129.85416666666666,166.2,70.04166666666667,165.9,80.70833333333333,199.0,30.8,76,6.1,8.4,34.2
2023-06-24,Delhi,72.02083333333333,98.0,113.02499999999999,149.9,93.19583333333333,146.4,37.791666666666664,116.0,30.9,75,10.7,7.4,41.8
2023-06-25,Delhi,48.47083333333333,80.8,71.83749999999999,115.9,68.52916666666667,124.6,51.75,104.0,28.0,86,13.6,6.3,44.6
2023-06-26,Delhi,54.89166666666667,92.2,81.24166666666666,133.2,65.35833333333333,116.3,62.375,142.0,28.0,84,5.8,4.9,24.1
2023-06-27,Delhi,60.01666666666667,101.7,87.74166666666667,147.1,47.05833333333334,93.4,96.54166666666667,215.0,28.7,82,8.1,7.0,29.9
2023-06-28,Delhi,34.84583333333333,53.8,52.425000000000004,84.3,22.45,44.7,103.75,185.0,29.1,81,12.2,8.4,33.1
2023-06-29,Delhi,32.0625,45.4,46.25833333333333,65.0,29.545833333333334,62.2,95.04166666666667,212.0,28.5,83,11.7,9.6,37.1
2023-06-30,Delhi,37.09583333333333,51.1,54.012499999999996,77.8,32.516666666666666,70.5,106.95833333333333,265.0,28.8,81,12.7,8.4,27.0
2023-07-01,Delhi,35.958333333333336,67.8,56.59166666666667,109.2,25.383333333333336,62.3,115.375,219.0,29.1,78,1.9,10.1,38.9
2023-07-02,Delhi,46.833333333333336,78.0,98.2375,152.3,30.558333333333334,83.5,110.25,207.0,30.5,73,0.9,7.1,25.2
2023-07-03,Delhi,60.90416666666667,73.8,136.9625,197.4,23.962500000000002,55.6,150.45833333333334,272.0,31.1,72,4.5,8.6,36.7
2023-07-04,Delhi,46.87916666666666,66.4,95.66250000000001,141.1,17.716666666666665,28.1,142.16666666666666,258.0,30.7,74,2.5,9.6,30.6
2023-07-05,Delhi,24.358333333333334,34.1,36.704166666666666,53.2,15.7125,23.7,108.91666666666667,174.0,29.1,81,13.0,10.8,34.6
2023-07-06,Delhi,26.116666666666664,40.4,38.65833333333333,58.6,17.266666666666666,31.8,104.375,174.0,29.0,77,4.8,10.2,25.9
2023-07-07,Delhi,33.06666666666667,41.9,47.637499999999996,60.3,24.8,47.3,79.5,140.0,28.5,83,10.0,8.2,29.2
2023-07-08,Delhi,18.245833333333334,27.4,26.087500000000002,39.1,20.720833333333335,35.3,63.541666666666664,97.0,27.2,91,34.4,11.2,38.9
2023-07-09,Delhi,18.787499999999998,34.8,26.820833333333336,49.7,20.141666666666666,41.8,77.41666666666667,128.0,27.0,91,29.7,11.4,33.8
2023-07-10,Delhi,27.366666666666664,47.8,39.108333333333334,68.5,20.633333333333333,42.2,83.66666666666667,150.0,27.6,90,34.1,6.4,24.8
2023-07-11,Delhi,38.75416666666667,78.9,55.354166666666664,112.7,37.12916666666667,109.9,89.75,189.0,28.5,84,2.9,6.6,20.9
2023-07-12,Delhi,32.81666666666667,50.9,47.18333333333334,72.6,28.395833333333332,56.1,96.70833333333333,191.0,28.5,86,9.6,8.2,28.4
2023-07-13,Delhi,26.55,39.6,38.0875,56.9,22.820833333333336,43.2,91.875,189.0,29.1,82,5.2,8.9,27.0
2023-07-14,Delhi,37.15416666666667,58.1,60.31666666666666,96.4,24.15416666666667,41.4,123.75,267.0,28.5,83,21.1,6.1,28.4
2023-07-15,Delhi,57.15,65.4,127.27499999999999,208.6,32.233333333333334,62.3,103.04166666666667,212.0,28.6,86,17.7,6.0,37.8
2023-07-16,Delhi,36.604166666666664,65.9,62.80416666666667,105.9,31.554166666666664,77.3,91.875,200.0,28.6,85,21.9,5.5,23.0
2023-07-17,Delhi,57.44583333333333,89.2,91.84583333333335,140.6,39.395833333333336,80.4,113.95833333333333,247.0,29.0,85,11.8,4.7,25.2
2023-07-18,Delhi,38.604166666666664,59.6,56.94166666666666,88.0,24.325,45.3,84.25,127.0,28.2,86,13.4,9.6,28.4
2023-07-19,Delhi,38.06666666666667,73.6,54.22083333333333,105.0,32.2125,103.3,85.16666666666667,164.0,28.9,86,9.3,9.0,28.8
2023-07-20,Delhi,49.800000000000004,72.4,71.30833333333334,103.4,38.34583333333333,101.5,102.875,208.0,29.8,81,23.7,6.0,32.8
2023-07-21,Delhi,57.362500000000004,75.2,83.9375,112.0,35.7875,69.2,108.54166666666667,241.0,30.9,76,4.2,8.8,28.4
2023-07-22,Delhi,30.84583333333333,47.4,50.145833333333336,72.6,17.783333333333335,37.8,96.41666666666667,160.0,30.7,76,6.0,13.5,38.9
2023-07-23,Delhi,26.037499999999998,35.9,40.9375,57.0,18.145833333333332,37.6,87.25,152.0,30.9,73,0.6,14.6,40.7
2023-07-24,Delhi,31.912499999999998,48.9,48.15416666666667,71.5,24.675,68.0,85.33333333333333,165.0,29.9,80,7.8,11.3,32.8
2023-07-25,Delhi,32.50833333333333,77.3,46.60833333333333,110.8,35.795833333333334,111.8,84.04166666666667,163.0,29.3,82,11.8,9.1,26.3
2023-07-26,Delhi,44.550000000000004,88.2,63.729166666666664,126.2,33.079166666666666,71.1,89.125,200.0,27.0,91,18.3,7.8,28.1
2023-07-27,Delhi,57.4625,82.2,82.25416666666666,117.3,36.079166666666666,73.0,107.79166666666667,242.0,28.5,88,11.0,5.0,22.0
2023-07-28,Delhi,55.645833333333336,75.7,79.55416666666666,108.0,31.0625,66.3,112.66666666666667,213.0,28.2,87,27.0,5.7,19.8
2023-07-29,Delhi,28.691666666666666,49.0,41.25833333333333,71.0,26.40416666666667,72.8,108.58333333333333,240.0,27.8,84,11.2,7.0,31.7
2023-07-30,Delhi,32.84583333333333,46.3,54.59583333333333,76.8,21.566666666666666,43.7,96.45833333333333,186.0,29.0,80,2.3,9.5,24.1
2023-07-31,Delhi,37.9,49.9,81.3125,125.3,20.620833333333334,44.7,94.75,184.0,29.6,78,0.8,12.0,31.7
2023-08-01,Delhi,37.708333333333336,55.2,114.1875,187.7,17.866666666666667,44.8,85.08333333333333,153.0,30.3,75,0.2,14.7,34.2
2023-08-02,Delhi,40.112500000000004,57.9,110.74583333333334,173.2,22.558333333333334,65.2,80.25,142.0,30.2,78,1.4,12.3,34.6
2023-08-03,Delhi,47.3375,64.3,121.30416666666667,161.1,33.8125,74.6,74.375,162.0,29.4,82,9.6,12.4,34.9
2023-08-04,Delhi,55.85833333333333,81.7,134.4375,162.1,44.92083333333333,88.2,72.25,184.0,28.4,88,11.5,4.9,24.5
2023-08-05,Delhi,62.43333333333334,80.1,153.35833333333332,240.3,45.77916666666667,83.4,95.58333333333333,217.0,29.4,83,4.8,6.7,27.7
2023-08-06,Delhi,47.75833333333333,59.8,197.0583333333333,391.2,25.733333333333334,68.0,70.58333333333333,141.0,30.0,74,1.9,13.0,38.5
2023-08-07,Delhi,58.270833333333336,73.6,265.8833333333333,456.3,21.46666666666667,53.9,63.208333333333336,120.0,30.0,68,0.1,16.2,40.0
2023-08-08,Delhi,69.78333333333333,96.2,345.26666666666665,581.1,22.079166666666666,68.6,61.25,118.0,30.3,67,0.0,17.8,44.3
2023-08-09,Delhi,61.604166666666664,74.3,285.59166666666664,448.0,20.2625,60.7,67.91666666666667,128.0,30.7,65,0.0,14.3,37.1
2023-08-10,Delhi,56.375,70.3,228.8375,329.7,27.979166666666668,79.0,63.125,135.0,29.9,70,1.7,11.8,33.1
2023-08-11,Delhi,46.387499999999996,74.3,171.85416666666666,218.4,28.275000000000002,75.5,62.875,132.0,30.6,67,1.6,10.8,31.0
2023-08-12,Delhi,50.48333333333333,65.4,210.58333333333334,284.1,25.1875,68.3,64.29166666666667,128.0,31.3,56,0.0,16.1,38.9
2023-08-13,Delhi,50.4,59.3,214.67083333333335,304.5,20.166666666666668,49.3,69.45833333333333,135.0,31.0,61,0.7,14.7,35.3
2023-08-14,Delhi,34.93333333333333,47.6,88.86666666666667,151.3,26.566666666666666,62.8,77.29166666666667,172.0,29.7,67,0.0,9.6,26.3
2023-08-15,Delhi,49.125,65.2,98.88333333333333,143.9,31.491666666666664,50.6,120.54166666666667,268.0,29.8,74,0.1,5.6,23.4
2023-08-16,Delhi,58.74166666666667,73.6,160.87083333333334,224.0,30.858333333333334,58.5,83.66666666666667,170.0,30.9,67,0.1,9.4,31.3
2023-08-17,Delhi,55.666666666666664,75.2,204.125,302.7,34.15416666666667,79.7,63.958333333333336,136.0,31.9,58,0.0,12.8,38.9
2023-08-18,Delhi,55.800000000000004,81.5,159.4,195.1,34.75833333333333,75.8,85.08333333333333,189.0,31.7,60,0.1,10.0,29.2
2023-08-19,Delhi,60.74166666666667,78.7,103.77499999999999,162.1,35.416666666666664,89.2,100.0,205.0,30.3,75,7.4,7.9,37.1
2023-08-20,Delhi,43.63333333333333,76.4,70.35000000000001,125.3,36.104166666666664,92.3,87.91666666666667,181.0,31.8,69,0.1,10.4,34.9
2023-08-21,Delhi,58.416666666666664,109.0,89.32916666666667,162.5,47.175000000000004,130.6,108.91666666666667,271.0,32.0,70,0.8,7.1,24.5
2023-08-22,Delhi,50.6,76.1,88.05,114.1,28.866666666666664,69.2,109.45833333333333,212.0,30.4,79,12.6,8.3,33.8
2023-08-23,Delhi,35.612500000000004,42.7,80.49166666666666,129.9,33.920833333333334,62.1,62.041666666666664,158.0,27.7,90,15.5,7.9,34.6
2023-08-24,Delhi,39.22083333333333,53.9,146.79166666666666,320.4,29.733333333333334,60.7,58.0,133.0,29.0,73,0.0,11.4,32.4
2023-08-25,Delhi,39.766666666666666,50.6,160.89583333333334,244.9,19.3625,54.1,69.70833333333333,139.0,30.0,63,0.0,13.4,32.0
2023-08-26,Delhi,43.90416666666667,66.8,156.82500000000002,192.8,23.849999999999998,74.8,67.04166666666667,128.0,30.4,60,0.0,13.3,36.0
2023-08-27,Delhi,56.083333333333336,81.3,206.67083333333335,287.8,24.53333333333333,55.4,63.958333333333336,128.0,30.4,56,0.1,16.7,43.6
2023-08-28,Delhi,59.645833333333336,78.5,207.79583333333335,287.8,29.420833333333334,73.8,67.04166666666667,145.0,29.4,63,2.2,14.3,44.3
2023-08-29,Delhi,48.14166666666667,73.1,158.01250000000002,206.3,32.92916666666667,79.6,67.41666666666667,146.0,30.4,59,0.0,11.9,37.8
2023-08-30,Delhi,57.574999999999996,81.5,165.83333333333334,239.3,40.199999999999996,78.6,85.79166666666667,176.0,30.9,57,0.0,11.4,32.8
2023-08-31,Delhi,63.15833333333333,87.8,180.2458333333333,261.7,50.6875,99.8,84.41666666666667,177.0,31.1,59,0.0,8.8,30.2
2023-09-01,Delhi,54.583333333333336,92.9,166.5375,239.3,41.262499999999996,84.4,78.33333333333333,160.0,31.9,54,0.0,10.7,36.7
2023-09-02,Delhi,44.45416666666667,65.0,156.6,238.4,29.72083333333333,56.8,74.20833333333333,154.0,31.8,51,0.0,13.8,43.9
2023-09-03,Delhi,44.625,68.5,154.70416666666668,229.6,31.695833333333336,61.3,75.25,153.0,31.3,53,0.0,13.3,42.1
2023-09-04,Delhi,40.083333333333336,50.5,101.4375,132.7,33.141666666666666,54.3,85.625,184.0,31.3,52,0.0,12.0,35.6
2023-09-05,Delhi,50.40416666666667,62.2,92.45416666666667,130.9,29.03333333333333,64.7,111.66666666666667,241.0,30.7,67,6.1,8.0,26.3
2023-09-06,Delhi,55.35833333333333,94.5,88.45416666666667,144.4,48.675000000000004,134.9,111.95833333333333,253.0,30.9,64,1.7,6.6,36.4
2023-09-07,Delhi,70.39999999999999,111.3,108.14999999999999,164.8,64.82916666666667,142.2,118.79166666666667,281.0,31.9,60,0.0,5.7,22.0
2023-09-08,Delhi,47.300000000000004,93.1,69.38333333333334,139.2,37.30416666666667,107.8,97.375,245.0,30.3,68,1.3,9.6,38.5
2023-09-09,Delhi,32.30416666666667,40.0,46.36666666666667,57.5,25.77916666666667,47.1,76.79166666666667,165.0,27.8,80,2.5,13.8,46.8
2023-09-10,Delhi,15.275,21.9,21.604166666666668,31.0,16.675,30.4,75.45833333333333,126.0,26.1,89,35.3,12.6,34.6
2023-09-11,Delhi,26.570833333333336,53.3,38.06666666666667,76.4,26.366666666666664,68.4,79.83333333333333,154.0,27.5,81,1.0,10.0,37.1
2023-09-12,Delhi,47.6875,82.7,68.68333333333334,119.0,45.25,119.2,99.0,213.0,28.7,79,0.0,5.4,22.3
2023-09-13,Delhi,54.49166666666667,65.9,78.97916666666667,95.2,28.84166666666667,55.9,128.33333333333334,271.0,29.7,79,7.4,5.8,27.0
2023-09-14,Delhi,59.699999999999996,84.3,86.58333333333333,122.5,35.71666666666667,89.2,95.625,182.0,29.2,82,5.5,9.0,28.8
2023-09-15,Delhi,44.35833333333333,58.4,63.925000000000004,84.1,28.829166666666666,62.0,95.66666666666667,216.0,28.1,87,5.7,7.4,30.2
2023-09-16,Delhi,30.554166666666664,51.7,44.5875,74.5,19.075,44.7,81.91666666666667,146.0,28.3,84,7.8,13.7,45.0
2023-09-17,Delhi,25.820833333333336,37.7,37.9375,55.8,14.424999999999999,21.5,88.08333333333333,139.0,27.1,87,6.5,16.6,47.5
2023-09-18,Delhi,22.691666666666666,30.7,33.891666666666666,45.2,18.287499999999998,48.2,82.75,141.0,27.9,79,2.1,14.8,46.1
2023-09-19,Delhi,31.075,65.9,46.637499999999996,96.4,30.354166666666668,85.7,87.79166666666667,185.0,28.6,77,0.2,8.7,26.3
2023-09-20,Delhi,46.85833333333333,72.4,69.83749999999999,108.3,43.77916666666667,98.5,100.25,249.0,29.4,76,0.9,5.1,21.2
2023-09-21,Delhi,48.81666666666666,72.2,74.75833333333334,110.1,40.4125,74.4,102.58333333333333,234.0,28.9,81,2.6,6.8,38.5
2023-09-22,Delhi,45.916666666666664,88.5,67.7375,129.9,36.94166666666667,96.9,106.25,240.0,29.4,78,0.3,6.6,22.7
2023-09-23,Delhi,53.875,76.8,80.49166666666666,112.2,31.329166666666666,75.1,112.0,247.0,28.6,82,1.4,6.3,26.6
2023-09-24,Delhi,49.237500000000004,77.8,74.02083333333333,114.1,43.22083333333333,87.3,85.16666666666667,202.0,27.9,80,0.9,7.6,38.2
2023-09-25,Delhi,53.20416666666667,79.2,82.60833333333333,115.0,47.362500000000004,88.1,97.25,237.0,28.6,76,0.2,5.6,20.2
2023-09-26,Delhi,44.90416666666667,59.0,82.3125,98.7,31.795833333333334,49.7,89.70833333333333,197.0,28.8,73,0.2,6.1,19.1
2023-09-27,Delhi,36.362500000000004,45.1,82.65416666666667,104.1,22.866666666666664,41.0,90.95833333333333,179.0,27.8,65,0.0,8.7,29.2
2023-09-28,Delhi,39.541666666666664,54.9,75.41666666666667,107.8,27.829166666666666,63.5,93.45833333333333,192.0,26.6,62,0.0,8.4,26.3
2023-09-29,Delhi,44.31666666666666,68.2,78.95,115.5,35.166666666666664,79.4,91.375,203.0,26.8,61,0.0,7.1,21.6
2023-09-30,Delhi,40.550000000000004,59.0,84.45,125.7,23.77916666666667,49.0,93.5,197.0,27.9,57,0.0,10.7,32.0
2023-10-01,Delhi,39.112500000000004,50.8,82.375,100.8,18.754166666666666,32.3,101.125,190.0,27.4,54,0.0,10.6,35.3
2023-10-02,Delhi,32.979166666666664,45.6,68.17916666666666,97.6,21.766666666666666,44.4,96.91666666666667,191.0,26.7,43,0.0,11.7,36.0
2023-10-03,Delhi,38.88333333333333,51.9,89.89583333333333,139.7,20.654166666666665,33.0,99.20833333333333,188.0,26.4,40,0.0,12.4,42.5
2023-10-04,Delhi,47.80416666666667,61.2,110.47500000000001,151.3,19.858333333333334,30.5,103.875,196.0,26.3,53,0.0,12.3,39.2
2023-10-05,Delhi,53.87916666666666,65.2,108.46249999999999,122.9,27.083333333333332,49.8,103.58333333333333,222.0,26.4,52,0.0,11.2,32.4
2023-10-06,Delhi,59.287499999999994,96.6,112.22500000000001,172.8,39.07083333333333,88.1,89.20833333333333,196.0,27.3,51,0.0,8.6,28.1
2023-10-07,Delhi,68.43333333333332,98.0,152.85,230.5,52.699999999999996,88.9,80.25,205.0,28.3,60,0.0,8.8,28.4
2023-10-08,Delhi,59.475,90.8,173.65833333333333,246.8,39.74583333333333,73.5,65.58333333333333,157.0,29.7,58,0.0,9.2,30.2
2023-10-09,Delhi,53.49166666666667,73.8,137.20833333333334,213.3,39.78333333333333,71.1,61.166666666666664,146.0,29.3,54,0.0,9.8,32.8
2023-10-10,Delhi,50.574999999999996,75.4,119.675,172.3,44.229166666666664,73.7,61.125,142.0,28.4,55,2.5,9.8,28.4
2023-10-11,Delhi,42.483333333333334,51.1,101.35000000000001,128.1,23.445833333333336,42.4,79.875,162.0,26.5,57,0.0,10.5,29.2
2023-10-12,Delhi,46.112500000000004,76.6,93.69583333333333,146.7,35.52916666666666,77.7,95.54166666666667,217.0,25.8,54,0.0,9.0,29.2
2023-10-13,Delhi,54.333333333333336,77.5,108.89999999999999,155.5,39.833333333333336,63.1,94.20833333333333,218.0,27.5,55,0.0,7.8,27.0
2023-10-14,Delhi,53.3125,87.5,112.2375,161.1,39.32083333333333,68.5,84.0,201.0,28.2,52,0.0,8.0,33.5
2023-10-15,Delhi,49.49583333333334,74.7,125.2625,161.6,37.30833333333333,64.0,80.58333333333333,191.0,27.3,55,0.1,7.0,27.4
2023-10-16,Delhi,42.11666666666667,53.8,85.85416666666667,109.4,26.5,39.4,69.66666666666667,159.0,24.3,65,9.9,11.8,51.5
2023-10-17,Delhi,46.916666666666664,62.9,87.33749999999999,106.4,34.949999999999996,71.7,75.95833333333333,161.0,22.3,72,3.3,7.0,32.4
2023-10-18,Delhi,36.63333333333333,56.1,95.22500000000001,161.1,26.229166666666668,58.7,69.125,133.0,22.6,65,0.0,10.6,30.2
2023-10-19,Delhi,34.35,52.4,82.59583333333333,147.1,27.391666666666666,61.6,75.70833333333333,156.0,21.9,63,0.0,9.2,26.6
2023-10-20,Delhi,40.25833333333333,73.8,96.55833333333334,155.5,37.516666666666666,77.0,81.20833333333333,185.0,22.4,65,0.0,7.4,21.2
2023-10-21,Delhi,44.19583333333333,72.4,89.325,149.5,42.99166666666667,73.3,77.54166666666667,181.0,22.8,63,0.0,7.0,18.0
2023-10-22,Delhi,48.449999999999996,79.6,93.77083333333333,136.0,37.84583333333333,71.5,95.41666666666667,210.0,23.3,61,0.0,6.4,20.5
2023-10-23,Delhi,42.19166666666667,58.4,96.18333333333334,117.6,22.579166666666666,38.6,92.16666666666667,177.0,23.2,64,0.0,8.5,26.3
2023-10-24,Delhi,41.27916666666667,54.8,81.21249999999999,113.2,28.916666666666668,59.9,80.83333333333333,179.0,23.4,60,0.0,7.9,24.8
2023-10-25,Delhi,39.204166666666666,53.9,79.85000000000001,121.5,27.829166666666666,58.4,77.66666666666667,167.0,23.2,59,0.0,8.8,29.2
2023-10-26,Delhi,36.00833333333333,48.0,75.2375,110.1,27.941666666666666,57.8,74.45833333333333,158.0,22.9,58,0.0,9.0,27.7
2023-10-27,Delhi,42.50833333333333,79.9,82.98333333333333,177.0,34.737500000000004,77.3,77.625,179.0,22.9,51,0.0,8.3,22.3
2023-10-28,Delhi,66.75,107.6,142.85833333333332,194.2,53.449999999999996,88.5,81.625,222.0,24.4,48,0.0,5.1,15.8
2023-10-29,Delhi,93.97500000000001,122.0,164.5375,201.2,66.01666666666667,103.7,92.20833333333333,261.0,24.0,56,0.0,5.7,14.0
2023-10-30,Delhi,87.85416666666667,109.7,151.73749999999998,183.9,47.75833333333333,72.3,89.58333333333333,228.0,23.9,67,0.0,7.1,18.4
2023-10-31,Delhi,99.33749999999999,123.4,172.8166666666667,203.5,55.56666666666666,95.4,84.66666666666667,229.0,24.1,69,0.0,6.5,16.9
2023-11-01,Delhi,94.33749999999999,125.3,157.10833333333332,215.1,52.97083333333333,93.6,92.16666666666667,239.0,24.0,66,0.0,6.8,20.2
2023-11-02,Delhi,90.52083333333333,122.9,162.33333333333334,216.1,44.23333333333333,74.0,88.41666666666667,218.0,24.1,66,0.0,7.4,23.0
2023-11-03,Delhi,89.05833333333334,119.7,150.03333333333333,199.8,30.833333333333332,59.8,95.29166666666667,213.0,22.5,70,1.1,8.1,35.6
2023-11-04,Delhi,102.23333333333333,125.3,175.375,210.9,34.68333333333333,60.0,87.25,203.0,22.5,66,0.0,7.8,29.2
2023-11-05,Delhi,80.92083333333333,112.9,137.80833333333334,190.9,39.6625,83.4,66.70833333333333,171.0,22.7,62,0.0,7.4,20.9
2023-11-06,Delhi,94.59166666666665,162.5,158.3,256.1,62.36666666666667,129.0,70.375,198.0,22.2,60,0.0,6.0,15.5
2023-11-07,Delhi,96.8625,129.0,150.88750000000002,198.8,63.787499999999994,115.6,79.625,224.0,22.5,64,0.0,7.5,18.0
2023-11-08,Delhi,97.33749999999999,135.5,165.275,220.7,49.35833333333333,104.5,63.875,171.0,22.7,65,0.0,6.9,19.1
2023-11-09,Delhi,111.29583333333333,163.0,186.91666666666666,270.1,57.94583333333333,117.6,64.29166666666667,189.0,22.7,65,0.0,7.3,21.2
2023-11-10,Delhi,87.79583333333333,149.0,144.93333333333334,246.8,32.300000000000004,85.4,72.41666666666667,137.0,20.5,76,2.9,9.2,43.6
2023-11-11,Delhi,60.27916666666667,70.3,94.70416666666667,110.4,27.583333333333332,58.5,63.375,141.0,19.2,76,0.0,8.2,25.6
2023-11-12,Delhi,35.72083333333333,47.7,55.75,74.7,29.333333333333332,57.0,62.916666666666664,141.0,18.8,74,0.0,8.1,25.6
2023-11-13,Delhi,55.02916666666667,105.2,81.45833333333333,154.1,40.483333333333334,87.2,69.25,173.0,19.0,73,0.0,6.4,17.6
2023-11-14,Delhi,64.33749999999999,102.4,94.9875,152.3,40.520833333333336,79.0,67.79166666666667,165.0,18.9,71,0.0,7.7,19.4
2023-11-15,Delhi,68.6375,108.5,99.94583333333333,158.3,39.86666666666667,77.5,72.33333333333333,178.0,18.5,72,0.0,7.7,23.8
2023-11-16,Delhi,95.09166666666665,152.3,137.12083333333334,220.3,53.36666666666667,107.2,76.79166666666667,208.0,19.7,69,0.0,5.8,14.8
2023-11-17,Delhi,97.16666666666667,138.8,139.80833333333334,198.8,60.291666666666664,109.4,60.166666666666664,184.0,20.4,71,0.0,6.0,18.0
2023-11-18,Delhi,105.87083333333334,158.3,152.57916666666668,229.1,82.04166666666667,160.8,74.0,227.0,19.9,70,0.0,5.7,19.4
2023-11-19,Delhi,123.45833333333333,194.6,182.1291666666667,285.9,91.52499999999999,156.4,74.58333333333333,237.0,20.1,66,0.0,5.5,23.8
2023-11-20,Delhi,111.09583333333335,187.7,163.4125,276.6,64.69166666666666,145.9,79.66666666666667,199.0,19.6,65,0.0,6.7,22.0
2023-11-21,Delhi,77.47083333333333,93.1,114.10416666666667,137.8,23.241666666666664,44.8,91.33333333333333,173.0,18.8,70,0.0,10.3,31.3
2023-11-22,Delhi,81.05,113.4,119.7625,167.2,30.400000000000002,67.8,77.41666666666667,158.0,18.1,65,0.0,11.2,28.8
2023-11-23,Delhi,119.85833333333333,196.0,177.97916666666666,288.7,67.59583333333333,130.6,69.5,208.0,18.0,68,0.0,4.9,14.4
2023-11-24,Delhi,132.13750000000002,175.1,197.2875,261.7,67.71249999999999,106.7,71.70833333333333,220.0,18.5,69,0.0,6.0,18.7
2023-11-25,Delhi,100.89583333333333,181.1,147.4125,264.5,57.1625,121.4,70.70833333333333,190.0,18.5,68,0.0,6.0,18.7
2023-11-26,Delhi,130.74583333333334,175.6,194.0041666666667,257.0,76.43333333333334,116.6,72.66666666666667,228.0,19.2,68,0.0,7.8,20.5
2023-11-27,Delhi,106.88333333333333,143.0,157.39166666666668,210.9,57.12916666666666,83.6,46.208333333333336,118.0,18.5,75,4.0,10.3,42.1
2023-11-28,Delhi,89.96666666666665,121.1,130.73749999999998,175.1,46.1625,68.3,52.75,144.0,17.4,88,3.2,5.9,21.6
2023-11-29,Delhi,103.37083333333334,205.8,152.96666666666667,305.5,57.479166666666664,110.3,55.625,173.0,18.5,80,0.4,6.3,22.0
2023-11-30,Delhi,129.32500000000002,202.6,198.64166666666665,300.8,56.0375,101.8,59.583333333333336,160.0,17.8,84,1.0,7.6,27.0
2023-12-01,Delhi,106.1875,131.8,161.05833333333334,199.8,42.041666666666664,71.5,58.666666666666664,153.0,18.4,81,0.1,6.3,20.5
2023-12-02,Delhi,80.47500000000001,110.1,119.5625,167.6,42.0125,67.2,52.875,146.0,18.0,79,0.0,7.1,19.4
2023-12-03,Delhi,85.8,137.4,125.36666666666667,199.3,50.00416666666666,89.7,50.375,144.0,18.0,74,0.1,6.8,19.4
2023-12-04,Delhi,87.99583333333334,131.8,127.57916666666667,191.4,51.57083333333333,76.1,55.916666666666664,154.0,17.8,73,0.0,7.9,24.5
2023-12-05,Delhi,64.02916666666667,114.1,92.52083333333333,164.4,39.25416666666667,67.1,51.0,127.0,16.5,73,0.0,8.4,24.5
2023-12-06,Delhi,73.96249999999999,147.1,106.43333333333334,211.4,53.770833333333336,124.6,53.333333333333336,154.0,16.4,76,0.0,7.0,18.0
2023-12-07,Delhi,80.52499999999999,124.3,115.81666666666666,178.8,50.2875,97.4,62.75,169.0,16.7,77,0.0,8.0,21.6
2023-12-08,Delhi,69.64583333333333,94.1,100.16666666666667,135.5,39.704166666666666,66.7,75.91666666666667,185.0,16.5,74,0.0,8.6,25.6
2023-12-09,Delhi,66.14999999999999,79.9,95.05,114.8,28.508333333333336,54.9,88.83333333333333,168.0,15.9,70,0.0,9.7,26.3
2023-12-10,Delhi,70.35416666666667,82.7,102.39583333333333,120.1,26.758333333333336,54.8,86.66666666666667,162.0,15.5,68,0.0,11.7,34.9
2023-12-11,Delhi,97.82083333333333,189.5,141.57083333333333,272.9,63.25833333333333,144.6,68.95833333333333,190.0,15.2,69,0.0,6.2,17.3
2023-12-12,Delhi,133.82083333333333,185.3,193.51666666666665,267.3,88.33333333333333,140.0,86.125,240.0,15.6,70,0.0,6.3,17.6
2023-12-13,Delhi,103.6375,150.9,153.91666666666666,218.4,55.125,89.4,74.41666666666667,213.0,15.9,67,0.0,6.9,21.2
2023-12-14,Delhi,65.41666666666667,99.9,90.625,139.2,31.766666666666666,62.2,72.08333333333333,145.0,14.7,71,0.0,10.3,31.7
2023-12-15,Delhi,100.72916666666667,137.8,133.59583333333333,200.2,49.925000000000004,102.4,87.45833333333333,214.0,14.2,71,0.0,6.9,17.6
2023-12-16,Delhi,80.04166666666667,121.5,116.94583333333333,176.5,46.04583333333333,74.5,72.54166666666667,177.0,14.5,67,0.0,7.9,24.5
2023-12-17,Delhi,84.47500000000001,112.7,126.69583333333333,165.8,35.125,65.1,88.16666666666667,192.0,15.4,64,0.0,8.3,25.9
2023-12-18,Delhi,59.458333333333336,84.3,88.6125,125.7,20.3,32.1,80.95833333333333,141.0,14.3,67,0.0,12.7,37.8
2023-12-19,Delhi,53.737500000000004,65.7,78.92083333333333,96.2,23.454166666666666,47.9,82.25,149.0,14.2,64,0.0,13.3,33.1
2023-12-20,Delhi,66.14999999999999,100.1,95.73333333333333,143.9,36.65,76.8,69.29166666666667,172.0,13.6,70,0.0,8.8,24.5
2023-12-21,Delhi,86.72083333333335,122.5,124.69583333333333,175.6,41.729166666666664,70.7,70.20833333333333,188.0,13.9,74,0.0,8.5,26.6
2023-12-22,Delhi,132.01666666666668,265.4,189.63750000000002,380.9,71.69166666666666,194.1,87.58333333333333,234.0,13.9,76,0.0,5.6,13.7
2023-12-23,Delhi,140.89583333333334,250.5,203.70833333333334,358.6,75.83333333333333,166.3,88.54166666666667,231.0,16.1,72,0.3,6.3,22.3
2023-12-24,Delhi,117.50833333333334,197.9,170.92083333333335,286.8,68.06666666666666,115.7,91.08333333333333,246.0,15.8,76,0.0,5.8,18.0
2023-12-25,Delhi,100.2,130.4,144.59166666666667,188.6,40.99583333333333,83.9,89.29166666666667,199.0,15.5,78,0.0,8.4,23.4
2023-12-26,Delhi,123.51666666666667,226.3,179.51250000000002,327.8,56.270833333333336,124.9,83.20833333333333,216.0,15.4,75,0.0,6.4,16.9
2023-12-27,Delhi,136.58333333333334,212.8,199.07083333333333,308.3,60.22083333333333,110.0,85.75,231.0,14.3,80,0.0,7.3,19.1
2023-12-28,Delhi,119.90416666666665,191.4,173.09583333333333,275.7,50.80833333333334,127.8,98.91666666666667,236.0,14.0,85,0.0,7.0,18.0
2023-12-29,Delhi,161.97083333333333,256.1,234.4125,371.6,69.10416666666667,141.4,101.875,298.0,13.3,87,0.0,2.9,13.3
2023-12-30,Delhi,159.92083333333332,222.1,232.34583333333333,321.3,74.825,137.0,88.45833333333333,254.0,12.5,90,0.0,5.0,14.8
2023-12-31,Delhi,121.14583333333333,189.1,176.45416666666665,273.8,60.1875,106.9,72.29166666666667,205.0,12.7,84,0.0,4.5,14.4
2024-01-01,Delhi,101.67083333333333,154.1,147.725,223.1,50.94166666666666,87.2,67.29166666666667,192.0,10.4,85,0.0,5.5,18.0
2024-01-02,Delhi,103.95,163.4,150.65416666666667,236.6,49.68333333333334,106.5,73.91666666666667,184.0,9.1,86,0.0,5.6,15.1
2024-01-03,Delhi,118.52083333333333,143.4,172.08333333333334,207.2,48.62916666666666,81.9,86.54166666666667,249.0,9.5,89,0.0,5.5,18.4
2024-01-04,Delhi,118.34166666666665,148.1,171.9375,213.7,41.34583333333333,66.7,71.79166666666667,185.0,11.5,82,0.0,6.1,20.2
2024-01-05,Delhi,114.575,142.5,167.49583333333334,205.8,40.579166666666666,74.6,67.91666666666667,150.0,11.7,85,0.1,5.6,15.1
2024-01-06,Delhi,114.00416666666666,151.8,166.40416666666667,220.3,36.666666666666664,72.3,81.41666666666667,191.0,11.6,82,0.0,5.8,19.1
2024-01-07,Delhi,138.01250000000002,213.3,200.4625,310.1,52.958333333333336,133.2,84.95833333333333,226.0,11.4,81,0.0,5.0,15.8
2024-01-08,Delhi,150.83333333333334,203.5,220.35,298.0,59.74166666666667,107.6,80.91666666666667,235.0,10.9,86,0.0,6.1,15.1
2024-01-09,Delhi,102.91666666666667,169.5,150.32916666666668,246.8,32.516666666666666,72.5,72.20833333333333,159.0,10.8,86,0.0,8.9,29.2
2024-01-10,Delhi,81.01666666666667,94.5,117.22916666666667,137.4,22.616666666666664,41.1,76.625,145.0,9.2,84,0.0,12.9,30.2
2024-01-11,Delhi,97.32083333333333,109.0,142.42499999999998,158.8,26.75,52.5,92.20833333333333,182.0,9.3,88,0.0,10.0,24.1
2024-01-12,Delhi,94.42083333333333,143.4,136.80833333333334,208.2,30.47083333333333,71.0,73.91666666666667,151.0,10.1,86,0.0,9.6,24.5
2024-01-13,Delhi,121.14583333333333,188.6,176.14166666666665,273.8,60.050000000000004,106.1,65.75,198.0,10.3,84,0.0,4.6,13.0
2024-01-14,Delhi,102.74583333333334,177.4,149.9,258.0,49.36666666666667,91.3,61.333333333333336,166.0,9.7,86,0.0,6.8,19.4
2024-01-15,Delhi,96.22500000000001,128.5,140.6,185.8,36.875,73.5,59.958333333333336,147.0,9.0,85,0.0,7.6,20.2
2024-01-16,Delhi,145.46666666666667,218.9,211.85416666666666,320.4,63.4125,125.8,83.45833333333333,270.0,8.9,86,0.0,5.5,14.4
2024-01-17,Delhi,148.69583333333335,191.9,217.38333333333333,279.4,67.69583333333334,128.3,84.04166666666667,227.0,9.9,84,0.0,8.1,20.9
2024-01-18,Delhi,156.9625,243.1,227.08333333333334,350.2,91.1125,145.2,89.20833333333333,273.0,11.0,86,0.0,3.3,15.5
2024-01-19,Delhi,174.1208333333333,235.2,251.96666666666667,339.0,87.84166666666665,133.8,116.54166666666667,336.0,10.2,89,0.0,5.2,16.2
2024-01-20,Delhi,161.93333333333334,220.7,236.63750000000002,319.4,75.6875,117.9,109.08333333333333,282.0,9.6,88,0.0,6.2,17.3
2024-01-21,Delhi,118.125,191.9,174.25,282.2,37.9625,85.2,91.75,183.0,9.0,89,0.0,9.9,29.5
2024-01-22,Delhi,127.90416666666665,172.3,186.975,251.5,39.391666666666666,89.5,101.29166666666667,235.0,9.2,86,0.0,4.5,12.2
2024-01-23,Delhi,157.34166666666667,186.3,230.92083333333335,272.9,58.6625,119.7,97.95833333333333,280.0,10.4,88,0.0,5.9,19.1
2024-01-24,Delhi,115.44583333333333,155.1,169.39166666666668,228.2,45.02916666666667,73.3,73.5,188.0,11.3,84,0.0,6.6,18.0
2024-01-25,Delhi,124.19166666666666,156.9,182.54583333333335,228.6,46.30833333333334,89.3,74.33333333333333,193.0,10.2,88,0.0,5.7,15.5
2024-01-26,Delhi,147.36249999999998,193.7,217.42916666666667,283.1,73.74166666666666,149.9,100.70833333333333,280.0,11.4,84,0.0,5.8,15.1
2024-01-27,Delhi,73.5,147.6,109.90833333333335,217.0,37.15,91.1,82.875,167.0,12.5,77,0.0,11.8,32.4
2024-01-28,Delhi,93.5,141.6,140.53333333333333,210.9,52.65833333333333,111.9,87.95833333333333,227.0,13.8,79,0.0,8.1,22.3
2024-01-29,Delhi,108.9875,192.3,161.19583333333333,282.2,48.645833333333336,132.8,105.66666666666667,240.0,14.5,85,0.0,8.3,20.5
2024-01-30,Delhi,150.32083333333333,256.1,225.4958333333333,388.4,66.40416666666667,164.8,83.41666666666667,217.0,13.8,89,0.0,6.5,18.7
2024-01-31,Delhi,155.07500000000002,249.6,239.15416666666667,378.1,59.54583333333333,149.5,95.66666666666667,232.0,14.0,92,9.0,8.2,28.4
2024-02-01,Delhi,73.55416666666666,131.3,116.29166666666667,205.8,22.079166666666666,53.3,87.95833333333333,140.0,15.4,86,30.0,13.2,40.0
2024-02-02,Delhi,61.37916666666666,82.7,93.57916666666667,122.9,26.045833333333334,50.7,69.125,149.0,13.0,84,0.0,9.8,29.5
2024-02-03,Delhi,46.0,115.3,69.35833333333333,177.0,32.36666666666667,72.5,58.375,128.0,14.1,70,0.0,7.9,22.3
2024-02-04,Delhi,70.34583333333333,115.0,133.10833333333332,178.3,42.18333333333333,79.1,56.333333333333336,144.0,16.0,85,7.1,8.0,38.5
2024-02-05,Delhi,36.22083333333333,56.9,62.7875,101.3,22.7375,43.8,55.916666666666664,116.0,15.1,83,2.1,8.8,23.0
2024-02-06,Delhi,39.083333333333336,54.2,60.99166666666667,87.5,23.825,48.7,58.666666666666664,125.0,12.2,75,0.0,9.8,29.9
2024-02-07,Delhi,41.229166666666664,50.1,67.03750000000001,82.9,18.008333333333333,33.5,80.29166666666667,135.0,12.5,66,0.0,13.9,42.8
2024-02-08,Delhi,37.725,45.5,61.645833333333336,70.5,14.958333333333334,30.6,84.79166666666667,132.0,13.1,64,0.0,19.8,49.7
2024-02-09,Delhi,53.50833333333333,126.2,79.96249999999999,184.4,31.991666666666664,83.7,64.33333333333333,144.0,13.4,66,0.0,10.7,25.2
2024-02-10,Delhi,93.825,122.5,136.63333333333333,179.3,50.48333333333333,84.1,77.83333333333333,197.0,13.1,78,0.0,7.3,21.2
2024-02-11,Delhi,77.60833333333333,104.8,112.50833333333333,150.9,36.75833333333333,80.6,81.45833333333333,180.0,14.1,75,0.0,7.7,21.6
2024-02-12,Delhi,90.40416666666665,142.0,129.64583333333334,203.0,44.9125,87.3,86.20833333333333,213.0,14.3,75,0.0,6.7,18.7
2024-02-13,Delhi,108.65833333333335,152.3,155.92499999999998,218.9,42.479166666666664,81.7,87.91666666666667,206.0,14.9,73,0.0,6.3,14.0
2024-02-14,Delhi,92.85416666666667,137.8,135.12916666666666,198.4,31.425,63.7,97.79166666666667,204.0,15.8,74,0.0,8.8,28.8
2024-02-15,Delhi,73.0625,98.5,107.60416666666667,145.3,30.8875,73.1,95.625,195.0,15.8,69,0.0,9.5,29.5
2024-02-16,Delhi,68.19166666666666,87.5,100.64166666666667,134.1,34.52916666666667,71.6,86.16666666666667,200.0,15.7,64,0.0,8.8,26.6
2024-02-17,Delhi,58.824999999999996,83.8,88.95,129.9,29.775000000000002,66.1,78.79166666666667,165.0,16.2,61,0.0,11.4,30.6
2024-02-18,Delhi,77.37083333333334,101.0,121.8,155.5,43.0375,86.2,97.04166666666667,235.0,18.6,59,0.0,9.8,28.4
2024-02-19,Delhi,65.20416666666667,75.4,113.07083333333333,126.2,14.704166666666666,24.2,110.25,172.0,20.3,61,0.0,20.4,52.6
2024-02-20,Delhi,59.53333333333333,102.0,109.06666666666666,203.5,25.554166666666664,74.5,87.66666666666667,171.0,20.2,66,0.2,10.1,32.8
2024-02-21,Delhi,53.770833333333336,79.9,106.46666666666665,156.9,26.358333333333334,50.0,84.66666666666667,188.0,18.5,58,0.0,10.0,28.4
2024-02-22,Delhi,39.512499999999996,52.7,73.89999999999999,86.8,22.316666666666666,46.3,71.20833333333333,135.0,17.4,51,0.0,10.8,31.0
2024-02-23,Delhi,36.670833333333334,63.8,63.19583333333333,112.5,25.825,64.5,63.458333333333336,130.0,15.6,48,0.0,10.0,31.7
2024-02-24,Delhi,50.875,84.1,87.67083333333333,133.2,39.24583333333333,75.4,64.08333333333333,149.0,16.2,45,0.0,7.1,26.6
2024-02-25,Delhi,39.516666666666666,52.0,66.60000000000001,81.7,26.787499999999998,49.8,77.875,163.0,17.3,39,0.0,8.5,34.2
2024-02-26,Delhi,48.03333333333333,91.5,76.825,143.0,33.49166666666667,75.8,64.375,132.0,17.6,46,0.0,7.5,23.4
2024-02-27,Delhi,44.78333333333333,72.9,84.10416666666667,120.6,27.320833333333336,63.6,68.41666666666667,140.0,18.0,46,0.9,10.3,33.8
2024-02-28,Delhi,38.82083333333333,52.3,97.27499999999999,147.1,19.275000000000002,43.4,82.41666666666667,156.0,17.3,57,0.0,13.2,40.3
2024-02-29,Delhi,45.30833333333334,82.7,91.11666666666667,162.1,27.675,76.9,83.625,163.0,18.4,56,0.0,11.2,28.8
2024-03-01,Delhi,61.38333333333333,82.4,115.14166666666667,162.1,38.84166666666667,67.3,79.58333333333333,165.0,20.0,60,1.7,7.4,29.9
2024-03-02,Delhi,38.55416666666667,44.6,84.24166666666666,136.9,15.737499999999999,25.2,89.41666666666667,143.0,19.8,74,6.5,21.2,58.3
2024-03-03,Delhi,35.824999999999996,52.0,76.21249999999999,130.9,21.829166666666666,45.6,73.375,126.0,17.6,70,10.4,9.4,30.2
2024-03-04,Delhi,32.949999999999996,45.2,75.03333333333333,104.5,21.991666666666664,45.8,65.08333333333333,133.0,15.8,62,0.0,10.2,30.2
2024-03-05,Delhi,39.0625,55.6,94.52083333333333,145.8,18.537499999999998,42.1,80.04166666666667,144.0,14.7,54,0.0,11.6,32.0
2024-03-06,Delhi,52.025,94.3,110.69166666666666,203.5,28.59166666666667,80.1,75.91666666666667,152.0,15.1,56,0.0,10.3,32.0
2024-03-07,Delhi,56.9,95.2,114.64583333333333,208.6,37.92916666666667,70.5,72.91666666666667,164.0,17.1,56,0.0,10.0,29.9
2024-03-08,Delhi,38.12083333333333,51.1,84.85416666666667,131.3,22.366666666666664,53.5,80.25,148.0,17.9,53,0.0,11.7,33.8
2024-03-09,Delhi,40.18333333333333,64.5,127.02083333333333,231.0,22.670833333333334,65.9,94.41666666666667,163.0,17.9,50,0.0,11.8,34.9
2024-03-10,Delhi,56.0625,120.1,107.74166666666667,188.6,41.35,123.2,87.5,193.0,19.2,51,0.0,9.0,26.3
2024-03-11,Delhi,75.31666666666666,118.3,126.24583333333334,186.3,49.0625,103.3,107.33333333333333,239.0,22.3,47,0.0,7.8,26.6
2024-03-12,Delhi,48.666666666666664,63.3,100.22083333333335,143.9,27.425,62.5,79.58333333333333,167.0,21.9,47,0.0,11.8,31.3
2024-03-13,Delhi,46.22083333333333,62.9,119.675,233.8,23.395833333333332,50.1,91.29166666666667,185.0,21.4,52,0.2,8.4,33.8
2024-03-14,Delhi,40.108333333333334,54.1,89.57916666666667,121.1,23.583333333333332,52.0,86.91666666666667,161.0,21.6,53,0.0,10.3,33.5
2024-03-15,Delhi,36.84583333333333,51.1,122.79583333333333,170.9,21.808333333333334,55.1,72.95833333333333,139.0,20.3,43,0.0,12.5,35.3
2024-03-16,Delhi,44.59583333333333,77.3,96.34583333333335,163.0,32.65,78.4,81.41666666666667,183.0,19.7,45,0.0,8.6,25.9
2024-03-17,Delhi,50.35,78.0,105.81666666666666,207.2,39.512499999999996,81.8,72.25,171.0,20.5,46,0.0,9.1,23.8
2024-03-18,Delhi,48.82916666666667,79.2,105.25833333333333,199.8,36.12083333333333,84.8,74.5,167.0,20.6,48,0.0,8.7,27.4
2024-03-19,Delhi,50.854166666666664,76.8,110.45,171.8,39.137499999999996,70.0,85.125,197.0,21.5,45,0.0,8.7,33.8
2024-03-20,Delhi,59.104166666666664,79.9,93.22916666666667,129.5,43.887499999999996,85.9,76.45833333333333,181.0,23.2,44,0.0,8.0,26.3
2024-03-21,Delhi,64.78333333333333,77.8,171.46666666666667,246.8,27.09166666666667,62.3,92.66666666666667,206.0,22.7,55,0.0,12.7,35.6
2024-03-22,Delhi,64.6375,107.3,128.65416666666667,183.5,35.78333333333333,116.7,107.66666666666667,231.0,24.8,51,0.0,9.4,29.2
2024-03-23,Delhi,51.65833333333333,83.4,149.72916666666666,231.9,27.116666666666664,58.3,83.91666666666667,160.0,25.7,46,0.0,11.1,37.8
2024-03-24,Delhi,53.23333333333333,72.6,140.85833333333332,234.7,31.604166666666668,60.0,73.83333333333333,143.0,24.4,45,0.1,13.2,62.3
2024-03-25,Delhi,42.68333333333334,57.3,121.17916666666666,166.2,24.7,56.3,85.25,172.0,25.0,47,0.0,11.9,40.3
2024-03-26,Delhi,43.666666666666664,57.6,111.27083333333333,148.5,24.058333333333334,56.9,94.04166666666667,181.0,26.0,42,0.0,9.9,29.5
2024-03-27,Delhi,53.84583333333333,76.6,142.89166666666668,230.5,36.25833333333333,64.4,88.66666666666667,210.0,28.4,41,0.0,8.7,35.6
2024-03-28,Delhi,49.5,78.9,124.8625,160.7,27.020833333333332,67.1,97.83333333333333,204.0,29.0,41,0.0,8.9,27.7
2024-03-29,Delhi,57.14166666666667,74.0,139.01666666666668,184.9,33.44583333333333,76.1,90.08333333333333,239.0,28.2,46,0.0,8.6,35.6
2024-03-30,Delhi,48.21666666666667,61.0,132.9125,195.6,22.925,43.5,104.125,201.0,28.4,39,0.0,12.4,43.6
2024-03-31,Delhi,40.94166666666667,66.4,121.39999999999999,210.0,23.84166666666667,49.1,81.54166666666667,158.0,27.4,36,0.0,12.1,39.2
2024-04-01,Delhi,40.21666666666667,51.5,149.94166666666666,203.5,15.579166666666666,39.8,95.5,155.0,24.9,38,0.0,13.8,40.7
2024-04-02,Delhi,29.125,40.4,100.39999999999999,161.6,20.129166666666666,57.4,95.625,164.0,25.3,33,0.0,12.7,42.1
2024-04-03,Delhi,32.387499999999996,47.1,67.41666666666667,129.0,25.616666666666664,42.8,108.16666666666667,208.0,28.3,24,0.0,7.7,35.6
2024-04-04,Delhi,29.2625,40.5,75.90833333333333,101.7,17.779166666666665,47.1,104.91666666666667,170.0,29.2,26,0.0,10.9,31.0
2024-04-05,Delhi,33.737500000000004,45.8,102.73333333333333,165.8,23.09583333333333,53.2,81.83333333333333,147.0,28.2,24,0.0,15.0,52.6
2024-04-06,Delhi,33.94166666666667,46.3,100.20833333333333,141.1,20.5625,42.4,100.20833333333333,181.0,27.3,21,0.0,12.1,41.0
2024-04-07,Delhi,30.125,52.2,83.15833333333333,126.7,25.604166666666668,55.6,96.91666666666667,184.0,26.9,21,0.0,11.7,39.6
2024-04-08,Delhi,31.27916666666667,42.0,81.77499999999999,122.5,26.191666666666666,51.1,91.95833333333333,185.0,28.0,20,0.0,10.0,38.5
2024-04-09,Delhi,33.983333333333334,44.4,73.67916666666666,108.5,28.983333333333334,44.7,98.04166666666667,207.0,29.0,18,0.0,8.2,35.3
2024-04-10,Delhi,38.21666666666667,57.9,67.67083333333333,91.0,35.84166666666667,87.7,102.58333333333333,211.0,28.9,21,0.0,8.0,30.6
2024-04-11,Delhi,43.75,59.4,85.52916666666665,109.4,29.566666666666666,57.8,108.29166666666667,218.0,30.0,21,0.0,7.8,32.4
2024-04-12,Delhi,37.108333333333334,48.9,81.97500000000001,107.8,23.391666666666666,38.3,113.125,208.0,30.5,21,0.0,8.0,24.5
2024-04-13,Delhi,56.28333333333333,91.5,138.92083333333332,338.1,24.729166666666668,49.2,112.95833333333333,216.0,30.8,27,1.2,11.7,34.9
2024-04-14,Delhi,63.88333333333333,92.0,148.51666666666668,248.7,15.762500000000001,30.7,110.95833333333333,180.0,27.5,45,0.5,10.0,38.2
2024-04-15,Delhi,49.2125,65.4,117.04583333333333,137.4,26.22083333333333,62.0,86.0,160.0,28.8,48,1.3,8.5,47.2
2024-04-16,Delhi,49.44583333333333,67.1,181.47083333333333,291.5,22.304166666666664,53.5,87.16666666666667,148.0,29.8,36,0.0,15.3,40.3
2024-04-17,Delhi,39.475,55.4,181.20833333333334,253.3,11.854166666666666,21.2,117.625,171.0,29.3,27,0.0,19.4,52.6
2024-04-18,Delhi,32.7875,57.7,125.00416666666666,341.8,15.566666666666668,42.6,95.45833333333333,157.0,30.9,24,0.0,11.2,36.4
2024-04-19,Delhi,44.395833333333336,66.6,150.62083333333334,248.7,24.266666666666666,62.2,68.04166666666667,132.0,31.7,29,0.0,11.8,36.7
2024-04-20,Delhi,40.2875,65.4,174.13750000000002,311.1,23.45,49.5,78.16666666666667,145.0,30.0,28,0.0,14.8,40.7
2024-04-21,Delhi,33.420833333333334,49.4,125.82916666666667,170.9,16.6375,50.6,100.33333333333333,159.0,30.1,27,0.0,12.1,33.8
2024-04-22,Delhi,26.6125,37.5,81.65833333333333,128.1,20.691666666666666,65.1,101.5,164.0,31.1,25,0.0,13.3,46.1
2024-04-23,Delhi,37.125,58.7,105.79166666666667,170.0,32.362500000000004,70.5,96.20833333333333,188.0,30.0,26,0.0,9.8,43.9
2024-04-24,Delhi,39.27916666666667,59.8,139.0625,182.5,34.479166666666664,73.3,95.45833333333333,185.0,29.8,28,0.0,11.8,41.4
2024-04-25,Delhi,34.31666666666667,53.6,95.5,204.4,26.683333333333334,73.8,103.58333333333333,194.0,30.0,24,0.0,11.6,44.3
2024-04-26,Delhi,28.90833333333333,40.0,84.68333333333334,147.6,21.1375,44.8,105.125,205.0,32.2,23,0.0,10.6,57.6
2024-04-27,Delhi,30.645833333333332,43.4,100.02083333333333,153.2,20.48333333333333,38.7,92.70833333333333,179.0,32.0,27,0.0,15.5,42.5
2024-04-28,Delhi,35.229166666666664,64.5,112.28333333333335,170.4,32.11666666666667,97.7,84.58333333333333,159.0,30.6,28,0.0,9.8,35.3
2024-04-29,Delhi,37.762499999999996,52.3,109.53750000000001,217.0,24.90416666666667,67.8,118.66666666666667,231.0,30.8,26,0.0,11.7,42.1
2024-04-30,Delhi,40.387499999999996,63.8,150.75833333333333,225.4,25.03333333333333,72.6,97.33333333333333,172.0,29.7,25,0.0,12.8,36.0
2024-05-01,Delhi,57.125,114.1,298.87083333333334,491.7,16.941666666666666,61.6,107.33333333333333,165.0,26.9,22,0.0,16.5,45.7
2024-05-02,Delhi,44.762499999999996,56.3,186.0375,305.5,15.029166666666667,33.1,130.91666666666666,202.0,27.6,26,0.0,13.3,38.9
2024-05-03,Delhi,44.270833333333336,63.3,157.08333333333334,237.0,23.65416666666667,65.8,114.625,193.0,30.2,22,0.0,13.6,46.1
2024-05-04,Delhi,45.60833333333333,63.3,103.78750000000001,207.2,37.920833333333334,100.8,103.41666666666667,195.0,33.0,19,0.0,11.3,34.6
2024-05-05,Delhi,41.68333333333333,61.5,147.10416666666666,261.7,31.52916666666667,80.3,103.79166666666667,174.0,33.3,20,0.0,12.3,36.7
2024-05-06,Delhi,48.262499999999996,63.8,143.29583333333332,212.3,26.724999999999998,82.9,105.04166666666667,178.0,33.8,22,0.0,13.5,44.6
2024-05-07,Delhi,52.229166666666664,61.0,133.5625,179.7,30.133333333333336,56.7,121.04166666666667,261.0,34.0,25,0.0,9.0,30.2
2024-05-08,Delhi,60.29583333333333,71.0,213.70000000000002,292.4,18.341666666666665,40.2,140.625,238.0,32.7,39,0.0,13.6,38.9
2024-05-09,Delhi,65.77083333333333,73.1,198.64166666666665,257.0,15.204166666666666,46.9,158.83333333333334,270.0,32.5,37,0.0,14.0,45.0
2024-05-10,Delhi,60.9125,75.4,245.29999999999998,356.7,15.783333333333333,44.2,159.25,244.0,32.1,43,1.1,11.3,44.6
2024-05-11,Delhi,64.89166666666667,92.0,190.71666666666667,308.3,20.354166666666668,48.3,145.33333333333334,264.0,31.9,42,0.1,9.1,37.4
2024-05-12,Delhi,64.10416666666667,80.8,200.44583333333333,283.1,22.28333333333333,58.7,126.33333333333333,222.0,32.3,38,0.1,10.3,37.1
2024-05-13,Delhi,51.24583333333334,75.9,130.92083333333332,194.2,32.925000000000004,85.7,118.54166666666667,240.0,33.0,29,0.0,8.9,27.7
2024-05-14,Delhi,32.97083333333333,61.7,95.84583333333335,195.1,27.1125,75.2,113.41666666666667,200.0,32.8,21,0.0,10.5,40.3
2024-05-15,Delhi,46.949999999999996,68.5,129.14583333333334,275.7,39.145833333333336,96.1,111.54166666666667,205.0,34.2,19,0.0,10.1,34.6
2024-05-16,Delhi,57.112500000000004,88.0,118.04583333333333,196.5,44.47083333333333,104.6,133.66666666666666,305.0,34.5,18,0.0,9.0,36.4
2024-05-17,Delhi,66.27083333333333,104.1,190.3791666666667,297.1,55.300000000000004,103.0,113.5,253.0,36.3,18,0.0,10.5,32.0
2024-05-18,Delhi,53.4625,80.3,212.78333333333333,385.6,15.799999999999999,24.6,123.16666666666667,216.0,37.0,19,0.0,12.5,48.6
2024-05-19,Delhi,55.59166666666667,78.5,216.17083333333335,382.8,18.829166666666666,31.6,110.375,221.0,36.7,17,0.0,12.6,48.6
2024-05-20,Delhi,60.4125,84.1,230.73333333333335,408.9,29.625,64.7,112.20833333333333,269.0,36.4,19,0.0,11.7,61.2
2024-05-21,Delhi,63.604166666666664,73.8,159.64583333333334,236.1,27.525000000000002,65.4,137.91666666666666,253.0,35.2,28,0.0,10.0,29.9
2024-05-22,Delhi,54.875,66.1,182.28333333333333,284.1,19.858333333333334,51.8,144.08333333333334,246.0,35.2,36,0.3,14.8,46.1
2024-05-23,Delhi,52.48333333333333,62.6,198.775,289.6,14.279166666666667,30.4,137.04166666666666,206.0,35.7,36,0.0,14.1,41.8
2024-05-24,Delhi,51.7125,67.5,138.35833333333332,196.0,25.066666666666666,82.8,118.375,210.0,35.6,36,0.0,12.6,40.3
2024-05-25,Delhi,56.11666666666667,69.8,163.22916666666666,309.2,22.391666666666666,47.3,134.16666666666666,263.0,37.4,27,0.0,12.5,47.2
2024-05-26,Delhi,45.729166666666664,61.2,139.23333333333332,244.9,24.037499999999998,57.4,126.25,223.0,38.1,17,0.0,12.4,46.1
2024-05-27,Delhi,51.32916666666667,84.3,159.11249999999998,234.2,31.579166666666666,59.6,140.83333333333334,329.0,38.2,18,0.0,11.3,41.4
2024-05-28,Delhi,48.19166666666666,71.0,150.94166666666666,235.2,29.983333333333334,79.9,126.54166666666667,246.0,37.3,14,0.0,9.0,34.2
2024-05-29,Delhi,54.64166666666667,80.1,157.97916666666666,280.3,37.041666666666664,80.9,139.29166666666666,307.0,38.6,18,0.0,10.9,35.3
2024-05-30,Delhi,45.73333333333333,70.8,184.67499999999998,236.6,30.441666666666666,84.6,108.54166666666667,197.0,39.2,16,0.0,15.8,45.4
2024-05-31,Delhi,46.262499999999996,67.5,177.20833333333334,216.1,35.9125,73.4,113.29166666666667,244.0,37.6,12,0.0,12.9,44.3
2024-06-01,Delhi,45.229166666666664,72.9,216.6875,351.1,19.25,36.2,96.625,153.0,37.4,17,0.0,15.6,44.6
2024-06-02,Delhi,42.641666666666666,61.5,143.14166666666668,240.3,28.516666666666666,78.5,107.20833333333333,211.0,36.4,25,0.0,11.1,34.9
2024-06-03,Delhi,48.324999999999996,60.8,179.38333333333333,231.9,32.25416666666667,69.0,104.29166666666667,196.0,36.9,25,0.0,14.3,42.1
2024-06-04,Delhi,51.5875,75.9,208.15416666666667,373.5,27.52916666666667,65.6,106.33333333333333,178.0,36.9,19,0.0,11.8,44.3
2024-06-05,Delhi,62.24583333333334,82.7,325.87083333333334,655.7,34.670833333333334,78.9,83.70833333333333,152.0,36.6,23,0.0,16.1,53.3
2024-06-06,Delhi,64.8875,94.5,273.94166666666666,443.3,23.787499999999998,43.6,94.25,147.0,35.0,28,0.0,12.3,35.6
2024-06-07,Delhi,67.42916666666666,91.7,287.8,367.9,16.375,29.7,100.95833333333333,160.0,35.2,30,0.0,15.0,46.4
2024-06-08,Delhi,73.10000000000001,110.4,309.425,428.4,17.3125,53.6,116.79166666666667,183.0,34.7,27,0.0,15.4,48.2
2024-06-09,Delhi,45.59166666666667,58.6,178.0041666666667,248.7,18.225,43.7,109.875,176.0,35.1,23,0.0,13.4,38.5
2024-06-10,Delhi,37.608333333333334,50.1,155.1,230.5,17.8875,44.2,121.20833333333333,194.0,36.0,18,0.0,13.5,42.1
2024-06-11,Delhi,37.020833333333336,57.4,131.99583333333334,193.2,23.125,54.9,118.91666666666667,212.0,36.3,19,0.0,11.3,38.5
2024-06-12,Delhi,35.38333333333333,49.2,145.57083333333333,223.1,22.52916666666667,44.9,118.29166666666667,198.0,36.9,17,0.0,11.9,35.6
2024-06-13,Delhi,47.925000000000004,61.5,265.83750000000003,435.9,15.450000000000001,31.3,108.66666666666667,155.0,37.6,20,0.0,18.1,51.1
2024-06-14,Delhi,52.44166666666666,59.4,320.23333333333335,476.8,11.879166666666668,25.4,104.20833333333333,141.0,37.5,28,0.0,22.3,57.2
2024-06-15,Delhi,54.01666666666667,66.1,333.70416666666665,556.9,12.691666666666668,23.1,101.41666666666667,143.0,37.7,27,0.0,19.4,52.6
2024-06-16,Delhi,44.84166666666667,56.3,265.39166666666665,449.8,14.375,29.3,103.04166666666667,153.0,38.4,25,0.0,18.0,47.9
2024-06-17,Delhi,45.70416666666667,51.5,276.175,446.1,15.095833333333333,25.9,94.16666666666667,145.0,38.9,25,0.0,19.3,50.8
2024-06-18,Delhi,50.49583333333334,60.5,299.59999999999997,542.0,17.412499999999998,40.3,82.79166666666667,136.0,38.9,25,0.0,20.1,56.5
2024-06-19,Delhi,61.112500000000004,80.1,317.5208333333333,456.3,18.595833333333335,42.4,83.66666666666667,156.0,37.0,35,0.8,18.7,59.0
2024-06-20,Delhi,61.60833333333333,79.6,229.0583333333333,324.1,30.40416666666667,72.2,96.125,207.0,34.0,45,4.9,8.2,50.4
2024-06-21,Delhi,72.20833333333333,98.5,248.50833333333333,386.5,27.516666666666666,77.1,116.79166666666667,252.0,32.5,53,2.1,9.6,47.5
2024-06-22,Delhi,79.34166666666667,104.3,198.61249999999998,225.8,33.17916666666667,90.3,136.20833333333334,289.0,33.7,51,0.0,7.5,29.5
2024-06-23,Delhi,68.1875,97.1,140.20833333333334,167.2,23.974999999999998,63.6,137.45833333333334,228.0,34.5,51,0.3,10.2,32.0
2024-06-24,Delhi,76.45,92.0,141.125,161.6,23.25,50.7,128.41666666666666,228.0,34.1,54,1.7,8.0,36.0
2024-06-25,Delhi,66.58333333333333,77.8,110.96249999999999,137.4,22.95,43.5,134.66666666666666,248.0,32.9,62,4.0,8.0,31.7
2024-06-26,Delhi,74.1375,88.0,114.27916666666665,142.0,26.516666666666666,39.7,105.33333333333333,202.0,31.0,73,23.3,10.9,31.0
2024-06-27,Delhi,34.25,80.3,53.03333333333333,141.6,25.5125,74.6,100.91666666666667,170.0,28.3,84,11.5,13.5,36.0
2024-06-28,Delhi,35.8125,68.0,52.416666666666664,102.0,37.81666666666667,102.2,95.75,215.0,27.8,85,20.9,8.6,28.8
2024-06-29,Delhi,38.69166666666667,65.0,67.63333333333334,100.8,36.199999999999996,88.2,102.33333333333333,229.0,29.3,80,18.9,7.1,27.4
2024-06-30,Delhi,49.975,112.5,91.5125,192.3,29.641666666666666,110.0,123.25,232.0,30.7,74,11.9,6.4,27.0
2024-07-01,Delhi,45.05833333333334,79.9,76.6875,143.0,28.412499999999998,83.5,92.375,164.0,30.1,79,11.5,7.1,27.0
2024-07-02,Delhi,44.175000000000004,56.7,89.08333333333333,131.8,32.074999999999996,66.3,82.91666666666667,142.0,29.3,84,14.1,7.6,25.2
2024-07-03,Delhi,31.72083333333333,45.2,56.94166666666666,81.5,26.77916666666667,37.8,85.0,163.0,29.3,83,2.5,8.4,30.2
2024-07-04,Delhi,30.583333333333332,62.9,44.72083333333333,90.1,33.074999999999996,98.7,91.54166666666667,175.0,28.0,83,7.3,7.8,23.4
2024-07-05,Delhi,27.087500000000002,61.5,38.65833333333333,87.8,26.104166666666668,76.6,99.20833333333333,207.0,27.8,85,0.7,9.6,27.4
2024-07-06,Delhi,19.383333333333333,24.0,27.6875,34.1,21.041666666666668,40.5,87.20833333333333,154.0,28.6,80,1.0,9.0,29.5
2024-07-07,Delhi,22.849999999999998,38.8,34.5625,60.8,21.916666666666668,38.3,89.75,186.0,28.6,76,0.1,6.8,29.9
2024-07-08,Delhi,31.741666666666664,43.7,49.27916666666667,64.0,27.558333333333334,64.9,93.91666666666667,187.0,28.9,76,0.0,7.6,23.8
2024-07-09,Delhi,54.583333333333336,90.3,81.68333333333334,133.2,33.72083333333333,87.5,121.25,256.0,29.5,80,4.9,6.5,29.2
2024-07-10,Delhi,75.125,94.3,112.50416666666666,140.6,36.5,97.9,121.375,259.0,30.4,79,11.3,6.2,25.2
2024-07-11,Delhi,61.50416666666666,94.5,103.00416666666666,158.3,38.454166666666666,87.1,108.75,243.0,31.2,76,3.9,9.2,44.6
2024-07-12,Delhi,62.7125,101.3,196.72083333333333,334.3,35.579166666666666,108.9,87.04166666666667,174.0,30.3,74,0.5,9.2,46.4
2024-07-13,Delhi,66.72916666666667,100.1,166.9,260.8,49.81666666666666,127.4,100.16666666666667,220.0,29.9,77,12.4,5.5,25.9
2024-07-14,Delhi,84.16666666666667,111.8,187.25833333333333,214.7,51.65833333333333,109.3,139.04166666666666,309.0,31.1,72,0.3,4.7,19.1
2024-07-15,Delhi,65.70833333333333,92.0,106.30833333333334,166.2,39.362500000000004,88.2,96.70833333333333,213.0,30.2,76,3.0,11.3,44.6
2024-07-16,Delhi,43.65,72.4,62.291666666666664,104.1,25.212500000000002,71.3,102.54166666666667,200.0,30.7,77,17.0,10.7,31.0
2024-07-17,Delhi,40.53333333333333,51.1,58.02916666666667,73.6,23.079166666666666,57.9,103.04166666666667,212.0,31.2,75,0.2,10.6,28.8
2024-07-18,Delhi,41.875,69.8,61.39166666666667,101.0,25.991666666666664,58.3,112.45833333333333,235.0,31.2,76,2.0,7.6,23.8
2024-07-19,Delhi,45.94166666666667,53.0,70.67916666666666,79.9,31.116666666666664,52.0,92.5,222.0,30.5,77,0.9,7.7,21.2
2024-07-20,Delhi,50.44583333333333,81.0,74.19583333333334,118.0,33.3375,81.8,100.125,233.0,31.0,75,0.2,8.3,23.0
2024-07-21,Delhi,59.612500000000004,72.9,86.125,104.8,32.25416666666667,62.9,101.5,200.0,31.1,78,1.9,9.7,34.9
2024-07-22,Delhi,43.833333333333336,61.2,63.65416666666667,87.8,29.34583333333333,78.0,106.66666666666667,208.0,31.0,78,5.0,8.4,23.0
2024-07-23,Delhi,55.395833333333336,109.0,83.81666666666666,163.4,33.333333333333336,91.3,122.91666666666667,273.0,30.4,80,4.3,5.6,26.3
2024-07-24,Delhi,62.47083333333333,95.7,96.10416666666667,142.0,39.85,108.2,109.25,242.0,29.5,82,6.9,5.2,23.0
2024-07-25,Delhi,57.887499999999996,81.0,89.49583333333334,117.6,31.891666666666666,85.5,119.45833333333333,224.0,30.8,76,0.6,4.7,19.4
2024-07-26,Delhi,54.78333333333333,101.5,79.78333333333333,148.1,42.199999999999996,116.7,104.54166666666667,250.0,29.9,81,10.2,6.7,23.0
2024-07-27,Delhi,48.25,80.3,69.89999999999999,116.6,35.94583333333333,91.3,88.95833333333333,166.0,30.5,81,4.5,5.8,31.7
2024-07-28,Delhi,40.86666666666667,54.0,61.09583333333333,77.3,31.25,59.8,97.54166666666667,198.0,31.4,77,6.0,9.1,42.1
2024-07-29,Delhi,37.3375,56.8,61.5875,92.4,26.087500000000002,66.8,93.66666666666667,184.0,31.8,73,0.3,11.9,32.0
2024-07-30,Delhi,45.61666666666667,72.6,69.69583333333334,108.7,31.245833333333334,92.9,101.41666666666667,206.0,32.8,70,0.1,10.9,28.4
2024-07-31,Delhi,35.362500000000004,74.0,58.300000000000004,125.7,34.46666666666667,63.0,69.20833333333333,138.0,31.0,78,116.0,7.2,41.0
2024-08-01,Delhi,34.7125,60.1,51.97083333333333,88.0,30.558333333333334,79.7,100.25,227.0,28.2,85,34.7,6.5,34.9
2024-08-02,Delhi,31.954166666666666,56.1,46.225,81.0,32.487500000000004,68.9,82.95833333333333,159.0,28.4,83,3.0,11.1,37.1
2024-08-03,Delhi,26.90416666666667,43.2,39.40416666666667,63.6,22.170833333333334,51.5,91.66666666666667,172.0,28.9,82,1.9,13.5,40.3
2024-08-04,Delhi,25.587500000000002,34.8,37.65833333333333,51.2,17.875,34.5,86.16666666666667,157.0,29.7,74,0.1,17.3,51.8
2024-08-05,Delhi,21.575,29.5,30.59583333333333,41.4,14.825000000000001,30.7,82.08333333333333,141.0,29.0,76,1.2,22.0,52.9
2024-08-06,Delhi,25.258333333333336,37.3,39.00416666666667,61.0,26.195833333333336,61.0,71.66666666666667,165.0,29.0,76,0.1,11.3,28.8
2024-08-07,Delhi,29.766666666666666,52.9,44.68333333333334,78.9,32.025,61.2,52.708333333333336,99.0,27.3,86,16.4,7.1,21.6
2024-08-08,Delhi,34.53333333333334,58.7,50.88333333333333,85.4,37.5375,75.3,68.875,153.0,27.6,87,10.8,7.5,24.1
2024-08-09,Delhi,34.93333333333333,51.2,49.61666666666667,72.9,31.96666666666667,64.1,83.5,177.0,27.8,87,30.8,6.0,20.9
2024-08-10,Delhi,44.42083333333333,55.3,63.458333333333336,78.5,31.633333333333336,48.6,105.29166666666667,239.0,27.6,87,16.7,5.6,22.0
2024-08-11,Delhi,37.1875,51.9,52.68333333333334,73.8,29.695833333333336,49.5,73.70833333333333,162.0,27.3,89,11.4,6.3,22.3
2024-08-12,Delhi,28.675,43.3,40.387499999999996,61.2,24.962500000000002,49.2,62.0,126.0,26.7,91,10.9,7.6,25.2
2024-08-13,Delhi,30.78333333333333,69.8,43.574999999999996,99.4,30.758333333333336,91.8,58.958333333333336,123.0,27.3,90,9.1,9.0,29.9
2024-08-14,Delhi,35.641666666666666,78.2,50.90833333333333,111.5,32.59166666666667,87.3,84.625,187.0,28.0,89,7.8,6.8,22.7
2024-08-15,Delhi,36.96666666666667,57.7,53.958333333333336,82.2,31.875,66.4,84.16666666666667,175.0,28.4,87,10.9,9.5,28.1
2024-08-16,Delhi,24.041666666666668,46.0,34.362500000000004,69.4,23.675,53.2,78.125,158.0,27.8,88,15.0,10.9,31.0
2024-08-17,Delhi,31.270833333333332,75.0,45.78333333333333,109.2,28.075,72.4,97.375,222.0,28.5,86,7.7,5.8,20.9
2024-08-18,Delhi,41.34166666666667,77.1,64.4375,112.2,34.545833333333334,72.3,73.83333333333333,160.0,29.1,83,2.3,8.7,29.9
2024-08-19,Delhi,30.433333333333334,48.8,50.9,76.8,28.95,65.9,72.08333333333333,153.0,29.0,82,1.6,7.6,31.7
2024-08-20,Delhi,37.49583333333333,52.9,67.125,81.3,32.82083333333333,64.4,89.08333333333333,202.0,28.2,85,4.3,5.0,30.2
2024-08-21,Delhi,38.612500000000004,59.3,65.74583333333334,93.6,29.166666666666668,70.3,106.16666666666667,250.0,28.4,86,5.4,4.4,20.9
2024-08-22,Delhi,43.520833333333336,60.3,71.325,98.3,28.025000000000002,66.9,119.125,255.0,28.2,86,7.0,4.9,26.3
2024-08-23,Delhi,43.98333333333333,88.5,68.99166666666666,130.4,41.24583333333333,118.7,105.83333333333333,281.0,27.4,86,0.9,5.3,22.0
2024-08-24,Delhi,54.00416666666667,93.4,79.0125,137.8,42.62916666666667,100.8,86.375,183.0,28.3,84,8.8,6.0,32.4
2024-08-25,Delhi,24.479166666666668,46.6,37.233333333333334,72.4,16.833333333333332,42.9,94.20833333333333,164.0,28.8,79,15.2,16.5,45.0
2024-08-26,Delhi,27.97083333333333,36.2,40.608333333333334,52.5,15.299999999999999,26.2,100.33333333333333,182.0,28.2,83,3.8,15.4,42.1
2024-08-27,Delhi,25.079166666666666,28.7,35.975,41.2,15.729166666666666,27.8,87.70833333333333,143.0,27.2,85,11.1,17.3,49.0
2024-08-28,Delhi,19.783333333333335,38.3,28.474999999999998,55.6,17.2,35.9,91.29166666666667,150.0,26.8,87,7.9,10.2,31.3
2024-08-29,Delhi,31.075,58.3,48.975,90.6,27.849999999999998,70.5,76.91666666666667,179.0,26.9,87,19.5,10.4,36.4
2024-08-30,Delhi,46.604166666666664,78.9,75.5,123.9,34.65833333333333,98.3,105.83333333333333,240.0,27.5,88,7.5,5.7,22.3
2024-08-31,Delhi,42.862500000000004,67.1,74.86666666666666,101.3,26.791666666666668,49.4,89.66666666666667,176.0,29.2,79,0.0,8.4,26.6
2024-09-01,Delhi,39.49583333333333,62.9,65.09583333333333,96.6,28.845833333333335,75.7,96.75,196.0,29.6,76,0.1,8.1,22.7
2024-09-02,Delhi,33.87083333333333,45.3,49.425000000000004,66.1,22.416666666666668,53.4,102.54166666666667,201.0,28.0,84,11.7,10.3,27.7
2024-09-03,Delhi,31.704166666666666,41.4,46.074999999999996,60.3,21.900000000000002,44.1,96.0,201.0,27.4,87,17.8,8.6,25.9
2024-09-04,Delhi,33.06666666666667,62.6,47.80416666666667,89.6,33.57083333333333,82.7,70.08333333333333,158.0,27.2,87,0.9,5.9,22.3
2024-09-05,Delhi,48.675000000000004,71.5,69.75,102.2,41.9125,82.5,102.83333333333333,244.0,27.5,84,2.9,3.5,28.1
2024-09-06,Delhi,34.75416666666667,68.0,49.72083333333333,97.3,25.25,54.5,99.25,198.0,26.5,89,14.7,7.1,26.6
2024-09-07,Delhi,29.474999999999998,62.9,42.18333333333333,90.1,26.954166666666666,65.0,88.125,214.0,26.8,88,23.6,5.0,19.8
2024-09-08,Delhi,45.137499999999996,65.2,64.6875,93.4,33.12916666666667,65.2,86.29166666666667,227.0,27.6,87,14.1,5.2,22.0
2024-09-09,Delhi,47.525,79.2,68.05416666666666,113.4,33.55833333333333,76.7,94.83333333333333,233.0,28.4,82,3.4,6.2,21.2
2024-09-10,Delhi,42.79583333333333,78.5,61.145833333333336,112.2,39.704166666666666,79.3,62.375,120.0,27.2,89,11.8,3.6,23.0
2024-09-11,Delhi,43.38333333333333,67.1,62.46666666666667,96.6,35.53333333333333,76.6,75.33333333333333,169.0,27.5,89,26.7,7.3,30.2
2024-09-12,Delhi,23.9875,40.7,34.67916666666667,59.0,23.929166666666664,49.3,55.416666666666664,79.0,25.4,91,100.8,16.9,43.9
2024-09-13,Delhi,37.37916666666667,68.2,55.00833333333333,98.3,30.870833333333334,67.9,76.0,153.0,25.4,89,54.7,13.9,44.6
2024-09-14,Delhi,47.44166666666666,68.0,106.61666666666667,150.4,31.304166666666664,64.3,68.33333333333333,143.0,26.0,84,4.7,10.1,36.4
2024-09-15,Delhi,44.99583333333334,63.6,97.72083333333335,143.0,35.05833333333333,63.3,74.16666666666667,164.0,26.4,79,0.1,11.2,36.7
2024-09-16,Delhi,57.26666666666667,88.5,111.22083333333335,172.8,38.94583333333333,76.9,82.70833333333333,191.0,27.2,73,0.0,12.0,33.5
2024-09-17,Delhi,66.36666666666666,91.7,120.19583333333333,176.0,46.012499999999996,105.2,102.5,239.0,27.6,74,0.0,7.1,23.0
2024-09-18,Delhi,39.541666666666664,58.0,57.887499999999996,85.4,29.566666666666666,47.4,59.25,132.0,24.9,86,62.7,10.7,31.0
2024-09-19,Delhi,43.65833333333333,93.1,63.300000000000004,134.1,32.77916666666667,102.5,85.75,188.0,26.2,85,3.7,11.3,36.7
2024-09-20,Delhi,57.85833333333333,84.5,85.01666666666667,125.7,53.166666666666664,118.5,80.75,186.0,27.2,80,0.0,6.7,25.2
2024-09-21,Delhi,70.03333333333333,136.9,102.09583333333335,197.9,71.7375,171.2,93.66666666666667,243.0,27.9,79,0.2,4.7,20.5
2024-09-22,Delhi,72.53750000000001,119.7,107.40833333333335,173.2,58.791666666666664,137.6,102.08333333333333,212.0,29.0,77,0.0,5.7,17.6
2024-09-23,Delhi,65.9875,100.8,101.47083333333335,154.1,40.375,87.8,112.16666666666667,248.0,28.9,78,0.0,6.7,20.2
2024-09-24,Delhi,95.425,159.3,149.79583333333332,242.1,56.525,152.1,141.66666666666666,342.0,29.3,77,0.0,3.8,11.2
2024-09-25,Delhi,84.16666666666667,137.4,126.34166666666665,210.5,30.337500000000002,69.4,118.66666666666667,228.0,29.0,81,0.4,10.6,27.7
2024-09-26,Delhi,27.954166666666666,37.6,40.112500000000004,54.5,21.066666666666666,46.7,84.91666666666667,159.0,27.9,82,0.4,10.7,25.9
2024-09-27,Delhi,20.445833333333333,26.0,29.25,37.1,20.204166666666666,38.2,69.54166666666667,123.0,27.3,80,0.8,10.5,31.7
2024-09-28,Delhi,24.516666666666666,51.5,35.545833333333334,74.3,30.287499999999998,82.4,65.58333333333333,150.0,26.3,81,0.0,7.9,23.8
2024-09-29,Delhi,35.13333333333333,87.1,50.675000000000004,124.8,36.983333333333334,112.5,71.375,151.0,26.4,83,0.3,6.8,21.2
2024-09-30,Delhi,49.550000000000004,79.6,86.55,140.2,38.6875,82.1,89.79166666666667,185.0,27.7,77,0.0,8.5,29.2
2024-10-01,Delhi,61.9125,93.8,127.95,216.1,33.53333333333333,72.1,92.83333333333333,189.0,28.3,76,0.0,8.6,28.1
2024-10-02,Delhi,73.77499999999999,98.7,160.47916666666666,220.3,45.762499999999996,81.1,89.29166666666667,203.0,28.9,73,0.0,9.3,32.8
2024-10-03,Delhi,72.60833333333333,126.2,145.05833333333334,224.0,57.93333333333334,130.1,88.20833333333333,226.0,28.6,66,0.0,10.5,34.6
2024-10-04,Delhi,68.30416666666666,129.9,126.25416666666666,216.1,68.18333333333334,142.5,67.5,162.0,28.3,68,0.0,8.8,27.0
2024-10-05,Delhi,59.324999999999996,126.7,122.16666666666667,217.0,70.06666666666666,136.9,55.041666666666664,150.0,28.4,66,0.0,10.0,33.5
2024-10-06,Delhi,42.262499999999996,67.3,105.39583333333333,148.1,42.275,84.2,80.875,200.0,27.8,65,0.0,9.0,28.1
2024-10-07,Delhi,44.225,65.2,91.00833333333333,137.8,33.28333333333333,70.5,86.16666666666667,193.0,26.7,71,0.0,6.8,21.2
2024-10-08,Delhi,46.57916666666667,65.4,107.15416666666665,146.7,41.43333333333333,61.1,82.375,193.0,27.0,70,0.0,7.1,20.9
2024-10-09,Delhi,36.858333333333334,46.7,82.89166666666667,113.9,26.45,49.6,94.58333333333333,196.0,26.5,65,0.0,7.3,26.6
2024-10-10,Delhi,37.775,54.0,101.50833333333333,159.3,28.15833333333333,58.0,79.45833333333333,170.0,26.1,60,0.0,9.6,26.6
2024-10-11,Delhi,39.7125,53.6,103.88333333333333,174.2,34.420833333333334,66.3,75.0,177.0,25.0,56,0.0,9.2,27.7
2024-10-12,Delhi,45.93333333333334,84.5,103.17083333333333,169.5,40.88333333333333,87.5,83.33333333333333,194.0,25.3,61,0.0,8.0,22.7
2024-10-13,Delhi,61.97083333333333,91.7,119.05,188.1,62.51666666666667,93.0,92.20833333333333,247.0,26.0,57,0.0,6.4,18.0
2024-10-14,Delhi,53.42083333333333,84.1,112.07083333333333,192.3,49.57083333333333,82.3,80.54166666666667,196.0,25.7,55,0.0,6.3,20.9
2024-10-15,Delhi,52.13333333333333,85.2,118.00833333333333,203.0,40.4125,81.4,88.29166666666667,210.0,25.2,57,0.0,9.1,25.6
2024-10-16,Delhi,67.83749999999999,121.1,119.9375,188.6,59.225,122.7,77.125,213.0,25.7,57,0.0,6.7,18.4
2024-10-17,Delhi,90.7625,128.5,140.15,198.8,76.76666666666667,122.7,101.375,273.0,26.3,63,0.0,6.1,16.2
2024-10-18,Delhi,88.34583333333335,128.5,140.70416666666668,200.7,67.58749999999999,123.8,99.83333333333333,272.0,26.1,65,0.0,6.3,14.4
2024-10-19,Delhi,92.30416666666667,127.1,151.17499999999998,221.7,66.90416666666667,122.1,115.70833333333333,307.0,26.8,63,0.0,5.8,17.6
2024-10-20,Delhi,99.89583333333333,118.7,181.82500000000002,232.4,57.675000000000004,86.0,106.58333333333333,276.0,26.5,68,0.0,6.8,23.4
2024-10-21,Delhi,99.00833333333333,127.6,165.14583333333334,207.2,56.26666666666667,109.1,101.41666666666667,268.0,25.6,70,0.0,6.5,19.4
2024-10-22,Delhi,103.67083333333333,132.7,171.01666666666665,212.3,56.6625,98.2,102.20833333333333,259.0,25.6,67,0.0,7.2,20.2
2024-10-23,Delhi,78.45416666666667,120.1,144.05833333333334,195.1,31.224999999999998,65.0,100.95833333333333,195.0,26.1,61,0.0,10.0,33.1
2024-10-24,Delhi,68.34166666666667,79.2,157.49583333333334,239.3,23.224999999999998,49.3,92.125,169.0,25.5,59,0.0,10.9,29.9
2024-10-25,Delhi,58.175000000000004,74.7,134.92916666666667,179.7,27.016666666666666,58.1,97.83333333333333,193.0,25.0,61,0.0,10.4,33.5
2024-10-26,Delhi,58.6625,99.7,119.69166666666666,174.6,41.358333333333334,87.7,87.70833333333333,200.0,24.6,66,0.0,8.8,26.3
2024-10-27,Delhi,90.89999999999999,154.1,157.67916666666667,261.7,60.979166666666664,140.6,105.54166666666667,265.0,25.2,74,0.0,6.6,20.9
2024-10-28,Delhi,99.1375,147.6,175.8083333333333,254.3,62.416666666666664,110.4,97.25,266.0,25.7,71,0.0,7.5,24.5
2024-10-29,Delhi,91.02499999999999,136.9,152.08333333333334,222.6,58.74166666666667,121.9,96.45833333333333,247.0,26.4,70,0.0,6.6,20.5
2024-10-30,Delhi,86.29583333333333,127.6,147.6,207.7,62.00416666666666,91.3,98.5,276.0,27.0,65,0.0,7.6,22.7
2024-10-31,Delhi,72.49166666666666,94.5,147.71666666666667,183.5,32.354166666666664,62.4,87.58333333333333,184.0,26.1,63,0.0,11.0,34.6
2024-11-01,Delhi,55.300000000000004,89.4,107.00416666666666,183.5,33.425000000000004,81.8,74.70833333333333,161.0,24.9,53,0.0,11.9,33.8
2024-11-02,Delhi,70.91666666666667,96.4,126.14999999999999,182.5,55.49166666666667,95.6,77.875,226.0,24.4,54,0.0,7.1,20.2
2024-11-03,Delhi,92.98333333333333,138.3,139.47916666666666,206.8,52.895833333333336,99.7,85.83333333333333,233.0,24.4,54,0.0,6.6,19.4
2024-11-04,Delhi,121.59166666666665,165.8,185.26250000000002,253.3,64.35000000000001,114.9,87.95833333333333,253.0,23.7,62,0.0,6.7,18.0
2024-11-05,Delhi,133.82500000000002,176.0,207.66666666666666,278.5,66.84166666666667,122.2,95.125,275.0,23.4,71,0.0,6.4,17.3
2024-11-06,Delhi,144.95833333333334,190.5,240.19583333333333,304.5,66.24583333333334,131.6,91.83333333333333,253.0,23.9,67,0.0,5.6,18.4
2024-11-07,Delhi,142.9625,193.7,235.17499999999998,316.6,61.987500000000004,117.4,103.33333333333333,265.0,24.2,67,0.0,5.7,16.6
2024-11-08,Delhi,154.42499999999998,221.2,257.70416666666665,362.3,58.1625,127.7,102.41666666666667,269.0,24.6,66,0.0,5.4,16.6
2024-11-09,Delhi,124.175,183.0,198.975,300.8,49.229166666666664,80.2,90.375,237.0,24.5,68,0.0,7.8,24.5
2024-11-10,Delhi,107.78333333333335,158.8,167.0625,241.2,53.7125,125.2,81.08333333333333,215.0,24.3,69,0.0,6.5,18.4
2024-11-11,Delhi,122.24583333333334,166.7,190.59583333333333,258.0,59.09583333333333,123.4,82.66666666666667,220.0,23.9,74,0.0,6.1,18.0
2024-11-12,Delhi,107.59166666666665,164.4,167.05833333333334,252.4,59.59166666666667,109.8,91.16666666666667,273.0,24.9,60,0.0,7.4,28.8
2024-11-13,Delhi,140.85833333333332,213.7,168.05833333333334,253.3,39.77916666666667,105.7,74.08333333333333,172.0,24.1,56,0.0,5.5,29.2
2024-11-14,Delhi,156.27916666666667,228.2,183.14166666666665,270.1,54.199999999999996,105.0,71.08333333333333,184.0,24.1,55,0.0,3.3,25.6
2024-11-15,Delhi,110.4875,159.7,120.84583333333332,171.4,29.787499999999998,46.6,84.5,167.0,23.7,51,0.0,6.0,31.7
2024-11-16,Delhi,125.69583333333333,163.4,134.98749999999998,170.9,33.416666666666664,66.6,82.0,163.0,23.3,55,0.0,5.5,28.8
2024-11-17,Delhi,133.125,159.3,141.80416666666667,171.4,31.141666666666666,59.3,81.45833333333333,167.0,22.9,58,0.0,4.9,25.2
2024-11-18,Delhi,106.49583333333334,143.0,115.625,153.7,32.62083333333333,63.2,74.41666666666667,159.0,20.8,60,0.0,5.4,23.4
2024-11-19,Delhi,95.46666666666665,131.8,99.47916666666667,136.9,42.96666666666667,81.2,72.83333333333333,177.0,20.1,51,0.0,5.8,26.3
2024-11-20,Delhi,105.35000000000001,156.5,108.1875,158.8,49.35833333333333,94.6,79.41666666666667,195.0,19.8,50,0.0,5.5,25.2
2024-11-21,Delhi,113.14166666666667,163.9,115.35416666666667,167.6,56.17083333333333,94.6,73.625,197.0,19.7,51,0.0,5.4,24.1
2024-11-22,Delhi,153.02916666666667,236.1,157.10833333333332,241.2,67.825,114.1,69.375,209.0,20.3,54,0.0,4.6,22.7
2024-11-23,Delhi,176.22083333333333,237.0,181.72916666666666,244.0,84.23333333333333,136.1,57.125,177.0,20.9,51,0.0,4.2,21.2
2024-11-24,Delhi,90.47500000000001,220.3,94.22083333333335,226.8,60.9625,132.4,60.416666666666664,161.0,21.4,48,0.0,7.4,29.5
2024-11-25,Delhi,104.96249999999999,126.7,110.4875,130.9,33.4625,51.5,74.33333333333333,163.0,20.6,57,0.0,7.7,31.0
2024-11-26,Delhi,72.89583333333333,97.8,76.83333333333333,101.0,32.90416666666667,59.0,72.54166666666667,161.0,19.7,56,0.0,6.5,28.4
2024-11-27,Delhi,81.72916666666667,132.7,85.33333333333333,136.0,43.4,86.6,72.91666666666667,171.0,19.8,49,0.0,4.3,23.8
2024-11-28,Delhi,101.30833333333334,139.2,104.15416666666665,141.1,59.583333333333336,93.9,68.0,184.0,19.4,50,0.0,3.4,20.5
2024-11-29,Delhi,121.14166666666667,173.7,123.53750000000001,176.5,63.95416666666667,97.1,72.58333333333333,197.0,18.9,59,0.0,2.4,16.6
2024-11-30,Delhi,97.27083333333333,172.8,100.17083333333333,175.6,47.729166666666664,90.7,74.0,181.0,18.9,60,0.0,4.3,22.0
2024-12-01,Delhi,69.48333333333333,97.6,72.85000000000001,99.7,32.208333333333336,51.4,81.20833333333333,168.0,19.4,61,0.0,4.8,22.3
2024-12-02,Delhi,67.79166666666667,106.4,71.76666666666667,109.4,36.0875,67.7,71.25,154.0,19.5,58,0.0,4.9,22.7
2024-12-03,Delhi,50.60833333333333,81.0,55.637499999999996,84.1,30.491666666666664,48.5,74.75,149.0,20.1,56,0.0,6.6,27.4
2024-12-04,Delhi,35.545833333333334,55.5,38.24166666666667,57.5,21.479166666666668,34.8,81.25,139.0,20.1,50,0.0,9.8,35.3
2024-12-05,Delhi,33.25833333333333,48.8,33.858333333333334,49.7,25.616666666666664,46.0,72.58333333333333,137.0,17.8,45,0.0,8.2,32.4
2024-12-06,Delhi,48.875,77.8,50.333333333333336,78.9,31.03333333333333,57.1,73.66666666666667,147.0,17.5,47,0.0,7.2,31.7
2024-12-07,Delhi,99.97916666666667,225.8,101.51666666666667,230.5,66.59166666666667,166.7,64.66666666666667,172.0,16.9,44,0.0,3.4,15.5
2024-12-08,Delhi,97.76666666666667,216.5,99.22916666666667,220.7,51.637499999999996,156.7,87.08333333333333,181.0,16.1,56,1.5,8.2,33.8
2024-12-09,Delhi,66.55416666666666,87.3,67.7625,88.0,26.645833333333332,41.8,92.54166666666667,166.0,15.3,65,0.0,4.3,17.3
2024-12-10,Delhi,53.875,81.0,54.645833333333336,81.5,22.7375,34.3,75.75,129.0,14.5,53,0.0,8.3,32.4
2024-12-11,Delhi,46.15416666666667,71.7,46.525,71.9,25.304166666666664,44.0,76.75,136.0,13.9,47,0.0,8.0,28.1
2024-12-12,Delhi,70.17083333333333,88.0,70.92083333333333,88.5,26.979166666666668,39.5,88.5,170.0,14.2,52,0.0,7.5,27.4
2024-12-13,Delhi,47.73333333333333,71.5,49.32083333333333,72.6,16.575,25.2,99.20833333333333,140.0,14.8,48,0.0,11.9,38.2
2024-12-14,Delhi,45.775,61.7,46.28333333333333,61.9,23.120833333333334,40.5,82.29166666666667,146.0,14.6,44,0.0,9.6,28.8
2024-12-15,Delhi,92.875,196.0,94.85000000000001,199.3,41.68333333333333,91.7,80.04166666666667,189.0,14.3,51,0.0,4.4,16.9
2024-12-16,Delhi,152.75,249.6,156.40833333333333,256.1,61.0875,112.0,72.04166666666667,192.0,14.2,67,0.0,3.4,17.6
2024-12-17,Delhi,185.23333333333335,258.9,190.54166666666666,266.4,70.39166666666667,112.1,71.45833333333333,197.0,14.2,74,0.0,2.8,15.5
2024-12-18,Delhi,145.83333333333334,244.0,150.03333333333333,249.6,47.18333333333334,89.4,73.95833333333333,176.0,14.0,69,0.0,4.2,18.4
2024-12-19,Delhi,187.1833333333333,259.8,190.61666666666667,264.5,68.64999999999999,103.4,69.66666666666667,191.0,14.5,62,0.0,4.4,24.5
2024-12-20,Delhi,135.87083333333334,195.1,137.5625,197.0,47.958333333333336,76.7,83.54166666666667,195.0,16.2,62,0.0,4.1,16.2
2024-12-21,Delhi,135.88750000000002,213.3,137.17916666666667,214.7,40.85,78.0,72.20833333333333,171.0,15.5,65,0.0,4.9,20.9
2024-12-22,Delhi,179.69583333333333,238.0,181.45000000000002,239.3,66.10833333333333,107.0,71.16666666666667,192.0,16.3,60,0.0,3.3,18.7
2024-12-23,Delhi,129.49166666666667,164.4,130.98749999999998,165.3,37.80833333333333,68.9,79.5,130.0,14.5,68,1.4,6.7,25.9
2024-12-24,Delhi,111.1125,142.5,113.18333333333334,143.9,39.170833333333334,77.1,71.41666666666667,151.0,14.7,77,0.5,5.3,21.2
2024-12-25,Delhi,119.375,178.3,120.9375,179.3,39.96666666666667,70.3,64.875,162.0,15.1,78,0.0,5.2,20.9
2024-12-26,Delhi,164.84583333333333,235.6,166.38750000000002,238.4,66.90833333333333,122.3,57.875,180.0,16.1,68,0.0,3.1,14.0
2024-12-27,Delhi,120.4875,205.8,122.48333333333333,208.2,48.77916666666667,99.6,52.833333333333336,79.0,15.1,84,29.9,7.6,29.9
2024-12-28,Delhi,112.41666666666667,155.1,114.2625,156.5,43.725,67.4,55.291666666666664,91.0,14.9,89,4.6,5.4,19.8
2024-12-29,Delhi,93.90416666666665,132.7,95.07083333333333,133.6,26.05,38.2,60.75,118.0,13.7,86,0.0,8.1,24.1
2024-12-30,Delhi,88.00833333333333,145.8,88.55416666666667,147.1,30.304166666666664,67.8,79.5,166.0,12.7,87,0.0,7.6,25.2
2024-12-31,Delhi,144.79166666666666,204.0,147.07083333333333,206.8,43.625,87.4,64.25,145.0,11.3,89,0.0,3.5,15.8
2025-01-01,Delhi,145.17499999999998,185.8,147.8375,188.6,34.61666666666667,58.6,77.375,164.0,11.1,89,0.0,5.8,24.1
2025-01-02,Delhi,145.37083333333334,196.5,149.34166666666667,200.2,33.24166666666667,68.9,81.29166666666667,169.0,12.4,85,0.0,6.7,22.3
2025-01-03,Delhi,158.79166666666666,228.2,168.17916666666667,244.0,54.083333333333336,103.6,62.875,162.0,12.8,86,0.0,4.2,15.1
2025-01-04,Delhi,166.49166666666667,218.9,176.47916666666666,229.1,76.29583333333333,146.4,77.20833333333333,211.0,13.5,89,0.0,4.2,14.4
2025-01-05,Delhi,158.225,221.2,163.80416666666667,229.1,44.4125,77.6,94.33333333333333,223.0,12.4,90,0.0,6.4,22.3
2025-01-06,Delhi,141.20416666666668,164.8,143.80833333333334,168.1,37.61666666666667,60.8,85.0,177.0,13.0,89,4.9,4.9,20.9
2025-01-07,Delhi,109.76666666666667,141.6,110.875,143.4,21.775000000000002,40.8,92.08333333333333,158.0,13.0,88,0.0,9.9,33.5
2025-01-08,Delhi,71.92083333333333,101.0,73.19583333333334,105.0,29.708333333333332,69.6,85.16666666666667,159.0,12.7,75,0.0,8.8,28.1
2025-01-09,Delhi,161.0375,369.7,163.82916666666668,374.4,80.125,180.2,70.16666666666667,207.0,12.8,77,0.0,2.7,13.0
2025-01-10,Delhi,256.73333333333335,348.3,259.04583333333335,352.0,86.02916666666665,159.2,83.79166666666667,240.0,12.1,85,0.0,4.5,16.9
2025-01-11,Delhi,155.46666666666667,251.5,157.98333333333332,253.3,39.891666666666666,70.4,83.66666666666667,148.0,12.2,88,3.9,6.8,33.1
2025-01-12,Delhi,86.39166666666667,119.7,88.83749999999999,121.1,34.8375,65.6,76.5,145.0,13.2,87,0.1,4.3,16.2
2025-01-13,Delhi,92.58749999999999,116.4,93.3,118.0,31.9375,56.8,66.25,152.0,13.4,86,0.0,6.8,20.9
2025-01-14,Delhi,115.35000000000001,261.7,116.23333333333333,267.3,47.80416666666667,119.6,82.66666666666667,197.0,13.2,83,0.0,4.7,16.2
2025-01-15,Delhi,205.625,292.4,208.48749999999998,293.4,83.17916666666666,112.8,69.45833333333333,240.0,13.0,87,2.9,3.4,20.5
2025-01-16,Delhi,130.75833333333333,195.6,132.79999999999998,198.8,49.5625,86.3,62.25,137.0,13.9,84,0.7,4.3,18.0
2025-01-17,Delhi,99.83333333333333,130.9,101.01666666666667,131.3,28.979166666666668,50.5,72.58333333333333,144.0,13.2,81,0.0,6.8,23.4
2025-01-18,Delhi,139.70000000000002,267.3,142.30833333333334,271.0,54.27916666666667,134.2,58.708333333333336,149.0,12.3,86,0.0,4.2,18.7
2025-01-19,Delhi,173.14583333333334,271.9,176.07916666666665,275.7,71.78333333333333,101.2,68.08333333333333,191.0,14.6,86,0.0,3.2,15.1
2025-01-20,Delhi,104.75416666666666,170.0,105.49166666666667,171.4,31.3875,65.8,77.375,161.0,16.3,83,0.0,7.5,25.9
2025-01-21,Delhi,82.075,104.3,83.14583333333333,104.8,26.108333333333334,48.7,86.20833333333333,162.0,16.0,78,0.0,7.4,22.7
2025-01-22,Delhi,87.74583333333334,132.7,93.77499999999999,142.5,41.9,95.0,65.83333333333333,154.0,16.2,75,0.0,4.7,13.7
2025-01-23,Delhi,75.02916666666667,118.3,80.27083333333333,127.6,36.579166666666666,57.3,65.75,145.0,16.3,71,1.6,7.1,26.3
2025-01-24,Delhi,54.99166666666667,79.4,60.550000000000004,83.4,23.712500000000002,40.6,77.95833333333333,154.0,14.9,67,0.0,9.1,30.6
2025-01-25,Delhi,48.083333333333336,56.3,52.26666666666667,63.8,24.325,47.6,72.58333333333333,138.0,14.2,63,0.0,9.1,27.4
2025-01-26,Delhi,58.24583333333334,97.1,61.487500000000004,101.0,31.070833333333336,65.6,71.58333333333333,153.0,14.1,62,0.0,7.2,24.5
2025-01-27,Delhi,74.08333333333333,92.7,77.4875,96.9,32.041666666666664,55.5,82.75,176.0,14.4,62,0.0,7.0,27.0
2025-01-28,Delhi,98.42916666666667,224.4,99.84166666666665,225.8,47.041666666666664,135.2,85.83333333333333,204.0,15.3,58,0.0,5.5,21.6
2025-01-29,Delhi,145.225,218.9,146.64166666666668,219.8,58.67083333333333,129.8,98.91666666666667,238.0,16.6,63,0.0,7.2,28.1
2025-01-30,Delhi,153.19166666666666,198.8,155.30833333333334,200.7,49.8375,116.8,112.25,228.0,17.7,66,0.0,5.8,23.4
2025-01-31,Delhi,162.8375,251.5,170.04583333333332,254.3,72.05,111.2,77.16666666666667,215.0,18.8,65,0.0,4.2,23.4
2025-02-01,Delhi,96.9375,129.5,109.07916666666667,139.2,34.28333333333334,66.9,91.58333333333333,188.0,19.1,63,0.0,6.5,34.6
2025-02-02,Delhi,98.68333333333334,123.4,111.87916666666666,138.3,25.416666666666668,47.5,82.75,156.0,17.9,70,0.0,7.1,29.9
2025-02-03,Delhi,97.125,178.8,101.52916666666665,181.1,39.104166666666664,109.6,73.04166666666667,156.0,16.4,66,1.7,5.1,21.2
2025-02-04,Delhi,95.77499999999999,159.3,98.39166666666667,161.1,55.520833333333336,97.9,52.833333333333336,126.0,17.6,70,0.7,3.7,18.4
2025-02-05,Delhi,74.57083333333334,115.5,79.41250000000001,117.1,28.291666666666668,72.3,70.875,145.0,16.2,68,0.3,7.1,31.3
2025-02-06,Delhi,58.53333333333333,74.0,82.2,158.8,16.208333333333332,27.8,96.08333333333333,144.0,15.9,51,0.0,11.9,41.0
2025-02-07,Delhi,51.40416666666667,67.5,97.00416666666666,147.1,16.025000000000002,28.6,91.83333333333333,145.0,15.3,52,0.0,12.8,42.1
2025-02-08,Delhi,51.475,84.3,93.69583333333333,191.9,24.145833333333332,61.1,84.875,148.0,16.7,52,0.0,10.0,32.4
2025-02-09,Delhi,73.94166666666666,133.2,92.29166666666667,166.7,38.31666666666667,90.4,82.41666666666667,169.0,17.8,59,0.0,5.2,23.4
2025-02-10,Delhi,96.99583333333334,146.7,105.69583333333333,157.9,49.02916666666667,89.7,80.375,183.0,19.2,59,0.0,4.4,23.0
2025-02-11,Delhi,99.1125,158.3,110.79583333333333,164.8,44.59166666666667,86.6,79.75,177.0,20.3,60,0.0,4.3,24.8
2025-02-12,Delhi,52.56666666666666,82.4,116.6375,227.7,19.383333333333333,45.7,80.54166666666667,138.0,19.2,51,0.0,10.2,41.0
2025-02-13,Delhi,44.25833333333333,67.3,126.74166666666667,293.4,14.725,24.1,91.04166666666667,134.0,18.3,47,0.0,12.6,39.6
2025-02-14,Delhi,45.55416666666667,63.1,89.44583333333333,150.9,18.020833333333332,31.9,86.33333333333333,142.0,18.5,42,0.0,10.1,37.1
2025-02-15,Delhi,67.15833333333333,108.7,87.575,127.6,37.795833333333334,89.5,72.54166666666667,146.0,19.9,46,0.0,5.5,28.8
2025-02-16,Delhi,89.46249999999999,149.0,108.50416666666666,164.4,48.15833333333333,84.3,69.25,156.0,20.4,52,0.0,4.1,22.0
2025-02-17,Delhi,73.97083333333333,143.0,85.70833333333333,150.9,34.112500000000004,63.2,74.54166666666667,160.0,21.7,52,0.0,2.6,21.2
2025-02-18,Delhi,62.949999999999996,107.6,107.91666666666667,255.2,30.599999999999998,53.6,72.83333333333333,140.0,20.9,53,0.0,5.5,26.3
2025-02-19,Delhi,60.604166666666664,84.8,99.2375,243.1,30.837500000000002,54.1,80.08333333333333,165.0,20.6,51,1.0,5.6,25.6
2025-02-20,Delhi,50.32916666666667,85.0,100.41250000000001,164.4,25.675,52.5,81.29166666666667,131.0,19.0,69,7.1,11.7,41.0
2025-02-21,Delhi,54.44583333333333,68.5,86.47916666666667,126.7,21.7375,43.5,102.04166666666667,186.0,19.0,71,0.4,5.8,26.6
2025-02-22,Delhi,51.44583333333333,67.8,107.6125,127.6,18.879166666666666,39.2,85.66666666666667,149.0,18.3,66,0.0,8.3,32.4
2025-02-23,Delhi,51.208333333333336,87.1,100.33333333333333,159.7,26.28333333333333,60.4,90.41666666666667,169.0,18.9,62,0.0,5.6,25.9
2025-02-24,Delhi,66.78333333333333,98.3,128.525,176.5,33.387499999999996,56.7,91.41666666666667,178.0,20.1,57,0.0,5.3,28.8
2025-02-25,Delhi,79.35000000000001,124.3,134.39583333333334,201.6,45.10833333333333,84.6,88.29166666666667,184.0,21.4,54,0.0,4.2,21.6
2025-02-26,Delhi,80.87083333333334,117.6,146.63333333333335,183.0,52.125,82.6,95.70833333333333,217.0,23.7,55,0.0,4.7,23.4
2025-02-27,Delhi,55.9625,98.0,155.6625,204.0,34.862500000000004,82.7,62.041666666666664,97.0,21.1,70,1.0,8.5,48.2
2025-02-28,Delhi,45.86666666666667,77.1,108.21666666666665,193.7,27.820833333333336,67.8,70.16666666666667,127.0,20.0,73,3.3,9.5,32.0
2025-03-01,Delhi,55.833333333333336,85.2,94.9375,121.1,24.083333333333332,48.0,100.25,183.0,19.5,81,7.7,7.4,32.0
2025-03-02,Delhi,60.854166666666664,83.1,181.77916666666667,426.5,23.866666666666664,47.7,69.95833333333333,136.0,19.1,67,0.0,7.4,32.4
2025-03-03,Delhi,57.32083333333333,80.6,151.10833333333332,385.6,30.34583333333333,65.5,95.5,176.0,19.8,59,0.0,5.3,21.6
2025-03-04,Delhi,86.89583333333333,124.3,380.9708333333333,771.1,24.066666666666666,70.2,82.91666666666667,143.0,19.8,60,0.0,10.9,38.9
2025-03-05,Delhi,137.97916666666666,186.7,929.8416666666667,1438.0,10.179166666666667,16.9,100.58333333333333,138.0,17.8,45,0.0,17.6,54.0
2025-03-06,Delhi,98.79583333333333,130.4,573.5083333333333,760.0,24.020833333333332,72.7,81.08333333333333,140.0,19.6,41,0.0,10.1,35.6
2025-03-07,Delhi,74.00416666666666,122.0,323.37083333333334,579.3,31.27916666666667,65.9,88.125,171.0,20.9,44,0.0,5.2,27.7
2025-03-08,Delhi,76.7625,140.2,354.6375,551.3,30.270833333333332,88.6,98.25,187.0,22.4,43,0.0,6.8,33.8
2025-03-09,Delhi,89.625,133.6,350.97499999999997,521.5,38.06666666666667,80.6,104.79166666666667,208.0,24.7,43,0.0,6.2,28.4
2025-03-10,Delhi,79.43333333333332,100.1,316.78333333333336,517.8,29.5625,72.2,108.04166666666667,196.0,25.2,46,0.0,8.5,36.4
2025-03-11,Delhi,81.47083333333333,118.0,204.8375,295.2,37.86666666666667,58.9,109.41666666666667,228.0,26.9,46,0.0,3.9,23.4
2025-03-12,Delhi,77.18333333333334,106.4,356.78749999999997,614.7,21.7625,39.1,84.33333333333333,151.0,26.4,50,0.0,7.6,33.8
2025-03-13,Delhi,66.875,99.2,236.9375,493.6,25.962500000000002,56.0,88.875,164.0,25.2,53,5.9,5.6,42.8
2025-03-14,Delhi,63.637499999999996,88.5,225.49166666666667,394.9,27.775000000000002,47.2,97.91666666666667,176.0,25.7,51,0.0,6.0,31.7
2025-03-15,Delhi,56.31666666666666,89.6,320.82916666666665,545.8,22.191666666666666,69.8,96.58333333333333,141.0,24.1,55,0.5,9.1,34.2
2025-03-16,Delhi,57.71666666666667,86.4,322.00416666666666,566.2,17.270833333333332,38.9,92.91666666666667,151.0,23.7,48,0.1,7.4,34.6
2025-03-17,Delhi,68.82083333333334,97.1,388.31666666666666,612.8,17.658333333333335,36.5,97.91666666666667,159.0,23.1,44,0.0,8.1,38.2
2025-03-18,Delhi,69.04166666666667,95.0,409.02500000000003,607.2,19.008333333333333,38.7,107.66666666666667,176.0,23.6,43,0.0,8.0,33.1
2025-03-19,Delhi,70.09583333333333,109.9,385.7833333333333,763.7,22.183333333333334,41.2,105.08333333333333,185.0,25.2,37,0.0,6.3,31.3
2025-03-20,Delhi,62.6625,95.9,303.4291666666667,624.0,21.979166666666668,36.4,97.33333333333333,162.0,26.2,32,0.0,6.4,34.9
2025-03-21,Delhi,77.10000000000001,108.7,481.31666666666666,821.4,19.195833333333333,37.2,90.70833333333333,152.0,25.4,32,0.0,8.9,40.0
2025-03-22,Delhi,62.00416666666666,87.3,275.06666666666666,448.0,23.608333333333334,50.3,96.25,172.0,25.2,33,0.0,8.2,42.1
2025-03-23,Delhi,66.14583333333333,109.4,155.33333333333334,214.7,41.9,69.6,109.04166666666667,234.0,26.0,34,0.0,5.1,26.6
2025-03-24,Delhi,67.65416666666667,93.4,185.57083333333333,252.4,35.137499999999996,56.4,124.83333333333333,239.0,27.2,32,0.0,4.9,27.0
2025-03-25,Delhi,73.06666666666666,106.9,203.20000000000002,279.4,36.1625,57.5,125.875,246.0,28.7,32,0.0,6.1,28.1
2025-03-26,Delhi,68.20833333333333,108.3,199.77916666666667,289.6,39.6625,63.9,100.58333333333333,202.0,30.0,29,0.0,5.3,32.0
2025-03-27,Delhi,76.78333333333333,114.8,371.2833333333333,571.8,34.170833333333334,68.2,80.83333333333333,151.0,30.1,27,0.0,6.4,35.6
2025-03-28,Delhi,108.39583333333333,153.7,705.5541666666667,1154.8,19.070833333333333,60.8,101.29166666666667,159.0,26.1,25,0.0,12.1,36.7
2025-03-29,Delhi,133.76666666666668,169.0,922.6208333333334,1274.0,11.341666666666667,17.5,121.95833333333333,173.0,23.0,22,0.0,13.1,39.6
2025-03-30,Delhi,101.7625,131.8,702.8458333333333,987.2,14.291666666666666,29.4,117.5,179.0,24.8,22,0.0,9.9,34.9
2025-03-31,Delhi,68.42916666666666,103.6,427.8333333333333,724.6,16.3875,27.9,118.83333333333333,193.0,26.2,21,0.0,8.5,34.2
2025-04-01,Delhi,71.57916666666667,99.2,437.45416666666665,629.6,18.454166666666666,47.6,111.29166666666667,174.0,26.5,21,0.0,8.1,36.7
2025-04-02,Delhi,58.54583333333333,95.2,266.6458333333333,491.7,26.066666666666666,45.0,107.375,191.0,27.7,22,0.0,5.4,31.0
2025-04-03,Delhi,48.666666666666664,68.2,201.55416666666667,353.0,23.004166666666666,36.4,122.91666666666667,206.0,29.6,19,0.0,4.6,24.1
2025-04-04,Delhi,56.37916666666666,78.5,269.9916666666667,491.7,19.587500000000002,37.7,112.83333333333333,192.0,30.1,18,0.0,7.2,36.0
2025-04-05,Delhi,74.22083333333333,102.9,434.7708333333333,590.5,15.666666666666666,32.8,114.41666666666667,183.0,29.0,22,0.0,8.5,38.2
2025-04-06,Delhi,47.20416666666667,73.6,193.42916666666667,343.7,23.770833333333332,51.8,116.29166666666667,207.0,30.5,22,0.0,5.8,28.8
2025-04-07,Delhi,61.54583333333333,77.3,220.13750000000002,353.0,30.483333333333334,56.1,133.83333333333334,252.0,32.5,22,0.0,4.9,20.5
2025-04-08,Delhi,70.55833333333334,81.0,302.5833333333333,468.5,24.116666666666664,51.2,133.875,247.0,32.8,22,0.0,6.5,29.5
2025-04-09,Delhi,73.325,86.4,283.84999999999997,380.9,21.829166666666666,48.3,136.5,256.0,33.5,25,0.0,6.9,28.4
2025-04-10,Delhi,96.50416666666666,126.2,474.9791666666667,696.6,18.695833333333333,47.2,136.45833333333334,247.0,31.5,33,1.4,7.1,71.6
2025-04-11,Delhi,113.27916666666665,140.2,666.4375,832.6,15.945833333333333,33.7,130.75,206.0,26.3,60,8.1,11.6,54.4
2025-04-12,Delhi,80.41666666666667,117.3,353.8333333333333,501.1,17.258333333333333,28.3,140.08333333333334,223.0,26.3,57,1.1,5.0,31.0
2025-04-13,Delhi,55.85,71.7,176.99166666666667,286.8,22.7375,50.7,133.875,231.0,28.3,47,0.0,3.4,19.4
2025-04-14,Delhi,70.83749999999999,103.8,331.2708333333333,506.6,22.7,50.3,131.83333333333334,229.0,29.3,42,0.0,6.4,24.1
2025-04-15,Delhi,57.0375,65.0,268.56666666666666,347.4,17.9875,32.7,137.5,218.0,30.8,37,0.0,7.3,29.9
2025-04-16,Delhi,72.34583333333333,80.3,311.08750000000003,418.2,19.304166666666667,29.6,141.20833333333334,234.0,32.2,34,0.0,6.4,28.8
2025-04-17,Delhi,68.3375,90.8,296.975,439.6,19.2375,38.6,139.875,233.0,33.3,32,0.0,8.1,39.6
2025-04-18,Delhi,71.90833333333333,83.8,318.19166666666666,412.6,18.954166666666666,36.9,147.95833333333334,258.0,32.9,40,0.0,7.9,50.8
2025-04-19,Delhi,99.19166666666666,122.0,610.1708333333333,800.9,11.966666666666667,19.5,151.41666666666666,226.0,32.6,41,0.0,11.9,43.9
2025-04-20,Delhi,95.95,131.8,535.0916666666667,743.2,13.012500000000001,20.5,143.08333333333334,215.0,33.1,37,0.0,9.5,44.3
2025-04-21,Delhi,75.05833333333334,95.0,350.59999999999997,497.3,20.162499999999998,34.0,129.58333333333334,237.0,33.8,23,0.0,6.8,31.7
2025-04-22,Delhi,68.10833333333333,91.7,387.4708333333333,516.0,20.525000000000002,38.8,111.33333333333333,196.0,32.6,10,0.0,8.8,33.8
2025-04-23,Delhi,78.87083333333334,106.9,453.91249999999997,689.2,19.233333333333334,39.7,126.08333333333333,206.0,32.2,11,0.0,8.5,37.8
2025-04-24,Delhi,63.46666666666667,106.4,290.6708333333333,620.3,25.21666666666667,45.5,113.375,205.0,32.8,11,0.0,7.0,41.0
2025-04-25,Delhi,54.949999999999996,95.9,217.6208333333333,404.2,27.295833333333334,45.3,117.70833333333333,213.0,33.8,13,0.0,6.7,37.1
2025-04-26,Delhi,50.225,89.2,161.08333333333334,405.1,35.541666666666664,57.4,121.04166666666667,223.0,34.3,13,0.0,8.1,45.4
2025-04-27,Delhi,65.58333333333333,98.5,335.37916666666666,555.1,18.587500000000002,33.2,126.5,207.0,34.5,14,0.0,5.0,27.0
2025-04-28,Delhi,77.35416666666667,95.9,418.8625,510.4,18.033333333333335,29.0,141.91666666666666,227.0,33.0,20,0.0,7.8,38.9
2025-04-29,Delhi,85.70416666666667,99.0,441.5708333333334,504.8,14.862499999999999,26.1,158.66666666666666,243.0,31.3,35,0.0,10.5,37.8
2025-04-30,Delhi,75.74583333333334,92.9,378.15000000000003,584.9,14.975,23.6,155.625,238.0,31.5,37,0.0,9.1,32.4
2025-05-01,Delhi,87.27916666666665,111.3,430.6541666666667,601.6,14.262500000000001,21.9,147.25,221.0,31.8,36,0.0,10.1,34.9
2025-05-02,Delhi,73.80833333333334,94.5,232.60833333333335,445.2,20.0,48.4,144.20833333333334,235.0,26.2,65,12.4,8.4,31.0
2025-05-03,Delhi,71.16666666666667,80.3,239.80416666666667,431.2,20.695833333333333,32.3,156.0,260.0,28.3,54,3.4,5.3,49.0
2025-05-04,Delhi,77.39999999999999,98.5,367.50416666666666,631.4,18.075,34.9,144.83333333333334,219.0,29.9,49,2.0,5.0,35.6
2025-05-05,Delhi,67.27083333333333,91.5,279.09999999999997,545.8,15.945833333333333,25.2,136.79166666666666,211.0,28.5,58,0.1,8.3,35.6
2025-05-06,Delhi,68.50416666666666,78.0,250.4125,432.1,19.825,29.5,118.875,196.0,27.4,62,0.4,7.5,46.4
2025-05-07,Delhi,62.19166666666666,71.0,231.27083333333334,316.6,17.491666666666667,46.3,133.83333333333334,219.0,27.8,62,0.5,7.4,33.1
2025-05-08,Delhi,70.72500000000001,89.6,273.6791666666667,480.6,30.804166666666664,67.8,104.875,201.0,28.3,61,2.7,5.9,32.0
2025-05-09,Delhi,62.05833333333334,85.9,231.52083333333334,514.1,27.829166666666666,61.4,107.45833333333333,201.0,30.7,49,1.1,5.6,28.8
2025-05-10,Delhi,53.42916666666667,67.5,170.6625,243.1,21.59166666666667,41.8,130.20833333333334,216.0,30.9,52,1.5,4.5,50.0
2025-05-11,Delhi,77.63333333333334,132.2,319.65416666666664,750.6,28.02916666666667,57.0,114.0,204.0,31.7,49,0.0,5.6,30.6
2025-05-12,Delhi,92.09166666666665,129.5,477.22499999999997,687.3,28.0125,58.7,108.04166666666667,192.0,33.0,35,0.0,6.5,36.0
2025-05-13,Delhi,87.075,122.5,473.9916666666666,596.0,34.104166666666664,83.7,86.125,156.0,34.7,24,0.0,10.0,42.8
2025-05-14,Delhi,87.29166666666667,120.6,436.59999999999997,743.2,35.6,84.2,94.70833333333333,188.0,35.3,21,0.0,9.0,37.4
2025-05-15,Delhi,85.86666666666667,140.2,419.89166666666665,696.6,42.541666666666664,106.8,98.75,196.0,36.2,21,0.0,6.7,34.9
2025-05-16,Delhi,79.15416666666667,145.8,383.0833333333333,715.3,36.916666666666664,107.6,114.75,204.0,35.8,24,0.0,10.0,47.9
2025-05-17,Delhi,76.7,109.9,421.40000000000003,920.1,20.5,41.2,128.0,213.0,35.7,28,0.0,9.9,49.0
2025-05-18,Delhi,75.1375,95.5,336.87083333333334,412.6,18.320833333333333,40.7,145.0,234.0,35.2,31,0.0,9.6,37.8
2025-05-19,Delhi,92.21249999999999,109.4,400.10833333333335,532.7,15.841666666666667,28.0,166.0,271.0,34.5,45,0.0,8.7,34.2
2025-05-20,Delhi,107.375,126.7,492.4041666666667,618.4,15.674999999999999,26.0,161.58333333333334,262.0,34.9,45,0.0,9.6,53.3
2025-05-21,Delhi,114.51666666666667,136.9,596.0541666666667,771.1,14.545833333333334,24.1,165.58333333333334,255.0,34.8,45,0.0,9.9,55.1
2025-05-22,Delhi,129.98749999999998,222.1,730.775,1110.1,15.104166666666666,23.6,155.16666666666666,239.0,31.4,55,0.0,11.0,38.9
2025-05-23,Delhi,101.35000000000001,127.1,610.7208333333333,814.0,13.862499999999999,22.8,151.83333333333334,229.0,32.3,52,1.5,11.7,36.0
2025-05-24,Delhi,92.30833333333334,110.4,507.25,776.7,13.2875,20.4,140.0,217.0,33.4,48,0.4,12.8,41.8
2025-05-25,Delhi,96.54166666666667,140.2,512.2666666666667,914.6,14.299999999999999,29.1,143.5,235.0,28.4,66,0.4,8.5,35.3
2025-05-26,Delhi,56.73333333333333,83.1,146.17916666666667,311.1,26.633333333333336,76.1,144.54166666666666,256.0,29.8,65,1.8,7.5,30.6
2025-05-27,Delhi,56.604166666666664,76.6,150.73749999999998,225.8,28.870833333333334,64.3,125.45833333333333,213.0,31.2,62,0.0,5.4,24.1
2025-05-28,Delhi,68.4375,104.1,185.08333333333334,260.8,28.724999999999998,72.0,139.33333333333334,260.0,33.2,55,0.0,5.4,29.9
2025-05-29,Delhi,93.65416666666665,113.2,278.85833333333335,406.1,38.18333333333333,74.1,123.33333333333333,252.0,33.6,52,0.3,5.8,25.9
2025-05-30,Delhi,100.89999999999999,141.1,337.8041666666667,504.8,33.9125,65.7,128.70833333333334,252.0,31.6,49,0.0,5.5,33.1
2025-05-31,Delhi,115.52916666666665,171.4,419.65000000000003,681.7,34.854166666666664,71.7,136.70833333333334,249.0,31.9,48,1.0,6.4,32.4
2025-06-01,Delhi,91.24583333333334,108.5,435.14166666666665,642.6,21.96666666666667,39.2,96.54166666666667,151.0,31.0,48,4.2,9.7,47.9
2025-06-02,Delhi,77.55416666666666,100.6,304.25,436.8,22.400000000000002,39.6,117.83333333333333,211.0,30.9,48,0.3,5.7,29.5
2025-06-03,Delhi,82.6375,97.1,369.5833333333333,579.3,21.59166666666667,35.5,126.625,210.0,30.2,46,0.0,5.9,33.8
2025-06-04,Delhi,93.02083333333333,116.4,418.34999999999997,806.5,18.833333333333332,34.7,134.95833333333334,200.0,28.8,55,0.3,5.6,51.1
2025-06-05,Delhi,100.36666666666667,131.8,395.4708333333333,666.8,24.90416666666667,51.2,150.25,254.0,30.9,46,0.0,4.0,30.2
2025-06-06,Delhi,79.22083333333333,94.1,290.48333333333335,452.6,24.916666666666668,47.1,131.41666666666666,210.0,32.7,40,0.0,5.5,31.7
2025-06-07,Delhi,79.27916666666667,100.1,265.56666666666666,325.0,22.691666666666666,38.0,140.41666666666666,228.0,34.7,37,0.0,6.9,32.0
2025-06-08,Delhi,107.7375,171.8,558.7541666666667,1102.7,23.179166666666664,46.1,132.375,252.0,36.6,35,0.0,7.3,35.6
2025-06-09,Delhi,118.75833333333333,163.0,647.0,998.4,29.400000000000002,59.1,117.58333333333333,218.0,37.5,29,0.0,9.6,40.7
2025-06-10,Delhi,120.27916666666665,166.7,746.2291666666666,1128.8,33.733333333333334,89.9,94.5,182.0,37.4,22,0.0,9.1,38.5
2025-06-11,Delhi,100.40416666666665,133.2,491.0416666666667,735.7,27.204166666666666,86.2,125.0,220.0,37.1,32,0.0,7.9,29.2
2025-06-12,Delhi,109.54583333333333,128.1,449.87916666666666,609.1,16.650000000000002,26.5,159.5,251.0,36.8,45,0.5,7.7,28.8
2025-06-13,Delhi,106.45,112.9,544.9,743.2,16.116666666666667,24.9,145.875,232.0,36.0,48,0.0,9.3,38.2
2025-06-14,Delhi,90.375,108.7,371.6958333333334,556.9,20.504166666666666,37.5,153.625,267.0,36.2,47,0.3,7.1,32.8
2025-06-15,Delhi,103.21249999999999,118.3,464.3416666666667,547.6,21.329166666666666,36.8,140.375,243.0,33.8,53,1.3,8.1,45.0
2025-06-16,Delhi,84.35416666666667,110.4,272.7625,448.0,21.854166666666668,34.7,134.79166666666666,233.0,29.4,81,25.6,6.1,49.7
2025-06-17,Delhi,57.541666666666664,105.2,104.95,145.3,32.09166666666667,78.8,121.16666666666667,240.0,29.1,82,16.9,6.0,25.9
2025-06-18,Delhi,51.06666666666666,101.0,65.39583333333333,142.0,30.325,71.6,113.08333333333333,195.0,28.9,79,5.3,4.6,18.7
2025-06-19,Delhi,45.15833333333333,59.6,70.95,125.3,26.066666666666666,45.3,117.83333333333333,200.0,29.7,77,0.1,6.2,28.8
2025-06-20,Delhi,41.6875,77.5,83.55833333333334,238.0,26.025000000000002,48.6,95.66666666666667,163.0,28.7,84,1.2,7.8,29.9
2025-06-21,Delhi,58.862500000000004,81.0,111.8125,237.5,31.833333333333332,68.7,117.83333333333333,244.0,30.4,77,1.6,4.9,21.6
2025-06-22,Delhi,55.225,68.7,88.21249999999999,170.0,33.925000000000004,66.4,125.875,250.0,31.0,74,0.8,5.1,27.4
2025-06-23,Delhi,64.09583333333333,88.9,139.31666666666666,299.0,27.53333333333333,49.2,127.04166666666667,246.0,31.5,74,0.1,5.1,25.9
2025-06-24,Delhi,62.604166666666664,79.6,124.48750000000001,169.0,26.77916666666667,49.1,144.20833333333334,287.0,31.2,75,1.1,4.7,18.4
2025-06-25,Delhi,45.375,57.6,73.27916666666667,143.0,27.058333333333334,52.2,106.29166666666667,158.0,29.1,84,12.9,9.1,28.4
2025-06-26,Delhi,42.050000000000004,52.3,86.50416666666666,180.7,21.541666666666668,41.8,103.75,189.0,30.6,76,11.5,8.6,28.1
2025-06-27,Delhi,37.88333333333333,49.6,92.09583333333335,189.1,22.354166666666668,45.4,105.75,184.0,30.7,75,0.5,6.9,26.6
2025-06-28,Delhi,42.68333333333334,74.3,63.94166666666666,97.6,25.695833333333336,43.4,124.79166666666667,243.0,30.8,74,8.3,4.6,23.8
2025-06-29,Delhi,51.34583333333333,76.4,84.11666666666666,137.8,41.233333333333334,76.6,77.83333333333333,170.0,29.5,79,16.2,5.9,27.4
2025-06-30,Delhi,42.475,56.8,73.75416666666666,149.5,31.054166666666664,64.2,79.29166666666667,131.0,27.8,87,17.3,5.1,32.0
2025-07-01,Delhi,43.291666666666664,61.0,59.487500000000004,77.5,35.86666666666667,78.8,98.04166666666667,194.0,28.7,84,9.1,4.9,23.4
2025-07-02,Delhi,41.13333333333333,66.6,56.637499999999996,98.7,32.4125,65.2,101.58333333333333,200.0,29.9,81,1.1,6.2,31.3
2025-07-03,Delhi,37.141666666666666,61.2,61.12083333333334,150.9,25.045833333333334,63.2,95.16666666666667,172.0,30.1,78,0.9,7.2,27.0
2025-07-04,Delhi,45.22083333333333,88.5,62.34583333333333,98.7,30.229166666666668,78.3,114.625,221.0,30.3,78,0.3,5.1,18.4
2025-07-05,Delhi,68.125,109.0,77.96249999999999,125.3,38.90833333333333,81.0,134.58333333333334,279.0,30.9,77,3.4,4.0,17.3
2025-07-06,Delhi,76.50416666666668,134.6,100.66666666666667,192.3,35.75416666666667,100.3,153.83333333333334,331.0,31.0,74,7.4,4.2,21.6
2025-07-07,Delhi,64.825,115.7,95.3125,169.5,35.25,107.8,125.58333333333333,264.0,29.0,83,13.5,3.4,16.6
2025-07-08,Delhi,70.45416666666667,113.6,174.3708333333333,344.6,46.07916666666667,106.0,77.41666666666667,157.0,30.9,76,0.0,4.8,25.2
2025-07-09,Delhi,58.69583333333333,89.2,135.79166666666666,198.8,44.8375,86.2,94.20833333333333,207.0,29.2,82,14.9,3.7,32.8
2025-07-10,Delhi,52.79583333333333,79.4,61.5625,105.0,49.70416666666667,85.3,62.5,146.0,27.5,85,3.6,4.0,23.4
2025-07-11,Delhi,69.64999999999999,123.4,76.29583333333333,131.3,59.85833333333333,107.2,72.41666666666667,193.0,28.4,83,0.4,2.2,15.1
2025-07-12,Delhi,79.71666666666667,143.0,93.47083333333335,146.7,45.85833333333333,100.4,119.375,266.0,29.3,80,2.7,2.6,20.5
2025-07-13,Delhi,71.0625,177.9,78.01666666666667,204.4,50.291666666666664,115.3,72.70833333333333,172.0,28.2,87,18.6,5.0,30.2
2025-07-14,Delhi,30.054166666666664,36.2,34.67916666666667,71.0,16.408333333333335,30.0,103.04166666666667,158.0,28.0,85,17.6,12.8,42.1
2025-07-15,Delhi,31.541666666666668,51.8,63.85,308.3,19.579166666666666,44.0,87.5,134.0,28.0,84,7.3,13.4,40.0
2025-07-16,Delhi,48.62916666666666,73.1,80.33749999999999,140.6,26.991666666666664,63.9,102.70833333333333,208.0,28.7,83,8.2,8.1,26.6
2025-07-17,Delhi,48.69583333333333,79.9,68.37916666666666,101.7,29.462500000000002,67.5,94.5,177.0,28.5,82,1.4,7.8,33.5
2025-07-18,Delhi,41.079166666666666,77.3,59.9375,110.8,17.120833333333334,37.9,99.66666666666667,162.0,28.5,80,4.1,12.8,49.7
2025-07-19,Delhi,39.47083333333333,83.8,126.18333333333334,324.1,26.900000000000002,80.1,85.75,154.0,29.0,77,0.0,10.8,35.6
2025-07-20,Delhi,64.27499999999999,93.1,233.4,353.0,40.15,89.9,79.625,174.0,30.1,73,0.0,5.7,25.6
2025-07-21,Delhi,69.07083333333334,135.5,118.19583333333333,244.9,50.47083333333333,105.7,67.70833333333333,143.0,28.9,78,0.4,4.2,18.7
2025-07-22,Delhi,80.48333333333333,152.3,88.05416666666667,165.8,53.112500000000004,109.2,81.41666666666667,192.0,30.1,74,0.2,3.9,20.5
2025-07-23,Delhi,67.1375,99.0,189.0666666666667,453.6,32.07083333333333,64.9,79.33333333333333,158.0,29.8,78,1.2,5.9,29.5
2025-07-24,Delhi,74.57083333333334,123.4,269.48333333333335,545.8,32.012499999999996,68.5,84.75,190.0,30.7,72,1.5,7.1,26.3
2025-07-25,Delhi,89.37916666666666,186.3,389.1666666666667,927.6,33.574999999999996,96.8,79.75,167.0,31.8,68,0.5,6.3,31.7
2025-07-26,Delhi,75.825,188.6,179.7125,916.4,47.387499999999996,98.2,111.125,250.0,31.0,73,2.3,4.8,27.0
2025-07-27,Delhi,61.979166666666664,102.4,88.72500000000001,112.0,41.395833333333336,92.9,108.375,258.0,32.1,68,0.9,6.7,34.2
2025-07-28,Delhi,66.42083333333333,92.9,76.10833333333333,95.0,33.175000000000004,60.9,128.45833333333334,275.0,32.1,67,1.6,4.7,22.0
2025-07-29,Delhi,51.512499999999996,88.7,58.487500000000004,90.1,33.204166666666666,48.4,87.95833333333333,160.0,29.2,82,3.8,5.0,24.5
2025-07-30,Delhi,44.24166666666667,85.0,44.84166666666667,87.5,29.458333333333332,90.0,88.29166666666667,165.0,27.9,88,15.3,7.8,29.2
2025-07-31,Delhi,42.170833333333334,63.1,43.06666666666666,64.0,25.97083333333333,49.3,87.875,139.0,27.7,88,29.2,5.9,26.3
2025-08-01,Delhi,51.76666666666667,78.2,74.80416666666666,140.2,34.762499999999996,78.4,75.125,162.0,28.3,85,7.5,4.4,27.0
2025-08-02,Delhi,49.96666666666667,77.1,107.2625,174.2,32.62916666666667,75.8,63.333333333333336,137.0,29.1,79,0.9,6.7,28.1
2025-08-03,Delhi,70.55,104.1,175.79166666666666,319.4,43.26666666666667,97.6,54.958333333333336,122.0,29.7,77,0.7,7.7,32.4
2025-08-04,Delhi,87.38333333333333,127.6,267.4166666666667,493.6,52.73333333333333,100.4,77.25,176.0,28.6,82,0.1,7.5,28.8
2025-08-05,Delhi,76.45416666666667,126.7,297.07916666666665,698.5,45.17083333333333,99.9,58.333333333333336,147.0,27.9,84,8.3,6.9,24.8
2025-08-06,Delhi,58.35833333333333,97.6,245.07916666666665,449.8,30.75,81.3,69.58333333333333,135.0,28.7,80,0.5,5.6,21.6
2025-08-07,Delhi,112.5125,171.8,681.2791666666667,1210.7,28.075,60.7,69.95833333333333,148.0,29.9,72,0.0,8.5,31.0
2025-08-08,Delhi,126.8875,160.7,736.7541666666666,1009.6,32.80416666666667,74.8,64.45833333333333,141.0,29.9,70,0.0,7.4,26.3
2025-08-09,Delhi,92.14583333333333,129.0,336.1041666666667,461.9,38.637499999999996,83.8,68.95833333333333,170.0,27.8,84,8.9,4.3,19.1
2025-08-10,Delhi,98.67916666666667,175.6,347.0416666666667,571.8,49.666666666666664,103.8,74.20833333333333,168.0,28.9,83,1.7,3.2,19.8
2025-08-11,Delhi,102.28750000000001,129.5,453.2083333333333,743.2,45.666666666666664,90.3,67.0,140.0,29.8,78,1.6,7.3,31.7
2025-08-12,Delhi,79.55,163.9,301.8666666666667,597.9,42.074999999999996,99.8,65.75,154.0,29.2,80,3.9,5.9,25.6
2025-08-13,Delhi,98.85416666666667,172.8,365.5625,596.0,53.42083333333333,105.4,58.708333333333336,147.0,30.3,74,0.0,5.9,23.4
2025-08-14,Delhi,63.666666666666664,112.5,115.91250000000001,247.7,55.824999999999996,102.0,49.791666666666664,120.0,27.8,88,8.2,4.9,20.2
2025-08-15,Delhi,78.30833333333334,147.6,79.125,148.5,45.34583333333333,118.6,103.79166666666667,262.0,28.4,86,4.6,3.8,16.2
2025-08-16,Delhi,81.3,121.1,82.57916666666667,122.0,38.775,86.6,115.45833333333333,246.0,28.6,87,4.1,4.8,25.9
2025-08-17,Delhi,53.237500000000004,87.8,55.35,87.8,27.520833333333332,51.2,95.41666666666667,199.0,29.0,86,3.6,6.1,29.9
2025-08-18,Delhi,47.02916666666667,63.8,69.7,180.2,27.400000000000002,57.4,81.83333333333333,151.0,29.2,83,9.0,8.2,29.9
2025-08-19,Delhi,48.09166666666667,60.3,155.21666666666667,287.8,24.05,41.5,101.70833333333333,198.0,29.2,82,5.4,7.3,33.8
2025-08-20,Delhi,40.3375,58.9,128.38750000000002,311.1,22.900000000000002,47.4,84.66666666666667,155.0,29.3,79,5.6,9.6,29.9
2025-08-21,Delhi,37.69583333333333,62.9,65.92083333333333,200.7,26.09166666666667,64.2,92.45833333333333,186.0,29.7,78,13.8,6.5,33.5
2025-08-22,Delhi,64.93333333333334,87.3,71.66666666666667,92.2,38.791666666666664,66.1,112.29166666666667,228.0,30.3,75,3.3,4.1,21.6
2025-08-23,Delhi,43.26666666666667,83.6,43.8125,86.1,33.045833333333334,60.8,75.58333333333333,142.0,28.3,84,13.2,5.2,27.4
2025-08-24,Delhi,36.87916666666667,66.1,52.32083333333333,188.6,29.25,59.1,78.29166666666667,162.0,27.6,87,11.8,8.2,38.9
2025-08-25,Delhi,28.554166666666664,35.7,28.599999999999998,35.7,18.287499999999998,25.3,89.33333333333333,129.0,26.6,89,19.7,11.8,40.7
2025-08-26,Delhi,20.545833333333334,38.9,20.766666666666666,39.2,20.337500000000002,45.1,77.25,112.0,27.2,89,6.7,11.5,39.6
2025-08-27,Delhi,41.166666666666664,87.1,42.21666666666667,87.5,32.12083333333333,88.6,97.58333333333333,219.0,28.4,86,1.4,5.6,22.3
2025-08-28,Delhi,57.449999999999996,79.6,61.9,87.5,27.858333333333334,61.2,116.95833333333333,240.0,28.6,86,15.5,5.3,23.8
2025-08-29,Delhi,36.94583333333333,62.2,40.416666666666664,62.2,27.2,42.8,76.875,141.0,27.9,88,12.6,8.0,28.8
2025-08-30,Delhi,36.487500000000004,63.3,39.13333333333333,65.0,26.775000000000002,71.2,87.20833333333333,169.0,28.4,84,3.8,7.9,29.2
2025-08-31,Delhi,35.75416666666667,41.0,35.854166666666664,41.1,26.71666666666667,40.8,72.29166666666667,135.0,26.7,90,13.1,8.5,34.2
2025-09-01,Delhi,21.275000000000002,37.3,21.354166666666668,37.4,21.375,30.8,71.70833333333333,140.0,25.4,92,31.5,11.0,37.4
2025-09-02,Delhi,18.716666666666665,29.5,18.875,29.9,19.375,31.6,72.20833333333333,113.0,25.0,93,21.7,12.9,43.2
2025-09-03,Delhi,17.483333333333334,28.7,17.645833333333332,29.0,23.21666666666667,41.5,69.04166666666667,111.0,26.2,89,14.7,7.5,26.6
2025-09-04,Delhi,29.179166666666664,39.0,34.34583333333333,98.0,25.208333333333332,45.1,84.79166666666667,208.0,27.1,87,17.7,5.8,28.8
2025-09-05,Delhi,30.141666666666666,37.1,35.645833333333336,91.5,20.883333333333333,40.0,89.875,173.0,27.6,85,4.8,9.9,46.4
2025-09-06,Delhi,32.574999999999996,48.0,33.824999999999996,55.8,17.6125,33.3,102.375,186.0,27.7,85,13.3,10.2,38.5
2025-09-07,Delhi,38.85,56.6,39.420833333333334,56.7,27.3625,67.5,85.375,152.0,28.0,85,2.3,7.7,32.0
2025-09-08,Delhi,44.81666666666666,94.3,47.416666666666664,99.2,39.85,102.6,86.625,190.0,28.6,81,0.7,3.8,21.2
2025-09-09,Delhi,45.7125,87.3,74.46666666666667,105.7,38.15833333333333,83.2,76.95833333333333,173.0,29.0,76,0.4,7.5,26.3
2025-09-10,Delhi,35.291666666666664,51.7,128.6625,221.7,16.075,27.7,87.20833333333333,135.0,29.2,73,0.0,11.0,37.1
2025-09-11,Delhi,44.020833333333336,63.3,164.05416666666667,183.5,22.650000000000002,55.7,62.75,111.0,28.9,69,0.0,10.1,37.4
2025-09-12,Delhi,47.7125,88.9,127.96249999999999,188.6,34.99583333333333,84.5,56.75,129.0,29.4,67,0.2,7.6,30.2
2025-09-13,Delhi,52.67916666666667,98.5,96.33333333333333,169.0,46.06666666666666,100.1,61.791666666666664,144.0,30.8,60,0.9,6.1,32.0
2025-09-14,Delhi,55.42083333333333,102.4,81.25416666666666,146.2,53.541666666666664,102.9,63.333333333333336,153.0,31.9,57,0.2,6.4,32.4
2025-09-15,Delhi,46.175000000000004,86.4,74.4375,129.0,45.42916666666667,103.4,66.95833333333333,153.0,32.3,54,0.0,7.4,36.0
2025-09-16,Delhi,45.50416666666666,91.7,67.19166666666666,133.6,38.87916666666667,88.3,82.29166666666667,192.0,31.7,56,0.1,6.6,31.0
2025-09-17,Delhi,54.07916666666667,76.8,83.25416666666666,113.2,29.891666666666666,53.6,98.08333333333333,189.0,31.2,61,0.2,5.1,26.6
2025-09-18,Delhi,59.666666666666664,80.6,88.04166666666667,111.8,26.920833333333334,57.0,103.70833333333333,204.0,30.2,67,1.6,5.3,27.0
2025-09-19,Delhi,58.512499999999996,76.6,78.19166666666666,96.2,35.375,68.8,90.125,184.0,31.1,62,0.7,6.3,32.0
2025-09-20,Delhi,47.3375,71.7,105.82916666666667,183.9,29.962500000000002,72.3,82.83333333333333,161.0,31.5,56,0.0,8.3,36.7
2025-09-21,Delhi,40.96666666666667,52.9,118.25833333333333,210.0,22.620833333333334,40.9,88.75,171.0,31.2,53,0.0,9.3,38.9
2025-09-22,Delhi,45.21666666666667,61.5,160.84166666666667,312.9,24.21666666666667,53.6,90.875,170.0,31.6,51,0.0,10.0,41.4
2025-09-23,Delhi,42.416666666666664,58.6,163.33333333333334,295.2,20.608333333333334,34.4,90.08333333333333,168.0,31.5,47,0.0,10.6,42.5
2025-09-24,Delhi,46.65416666666667,63.6,193.23333333333335,287.8,21.325,39.4,87.0,157.0,31.0,50,0.0,9.9,40.7
2025-09-25,Delhi,43.68333333333334,59.3,172.3791666666667,254.3,22.291666666666668,38.5,84.79166666666667,156.0,31.1,52,0.0,8.8,36.0
2025-09-26,Delhi,43.15833333333333,73.8,177.1875,365.1,21.633333333333336,46.8,92.08333333333333,172.0,31.6,52,0.0,8.5,37.4
2025-09-27,Delhi,59.09166666666667,76.1,161.39583333333334,329.7,30.375,59.0,114.58333333333333,256.0,32.6,54,0.1,3.9,22.3
2025-09-28,Delhi,35.979166666666664,63.1,74.53750000000001,91.7,26.129166666666666,60.0,93.08333333333333,164.0,32.3,60,0.0,8.7,38.9
2025-09-29,Delhi,34.920833333333334,55.5,56.85,78.5,23.545833333333334,51.9,97.08333333333333,185.0,32.0,58,0.2,6.5,28.4
2025-09-30,Delhi,43.5625,54.6,67.15416666666667,142.0,30.704166666666666,48.4,95.375,213.0,30.6,64,8.0,4.3,34.2
2025-10-01,Delhi,48.87916666666666,82.0,71.28750000000001,105.9,32.5625,63.2,97.83333333333333,204.0,28.3,74,2.8,4.3,33.1
2025-10-02,Delhi,47.84583333333333,75.7,62.25833333333333,98.7,28.46666666666667,61.5,115.41666666666667,238.0,28.4,72,1.0,5.7,28.1
2025-10-03,Delhi,36.016666666666666,65.0,48.666666666666664,80.1,27.412499999999998,76.4,98.66666666666667,197.0,29.1,71,0.0,5.2,24.1
2025-10-04,Delhi,65.10416666666667,82.7,206.75,407.9,32.99166666666667,74.1,90.58333333333333,181.0,30.3,60,0.1,6.9,34.2
2025-10-05,Delhi,64.45,105.0,203.02083333333334,316.6,32.608333333333334,90.5,94.875,191.0,29.2,60,0.7,7.3,38.2
2025-10-06,Delhi,52.39166666666667,104.3,122.63333333333333,283.1,35.858333333333334,87.9,81.75,167.0,24.0,85,14.6,5.9,33.1
2025-10-07,Delhi,26.441666666666666,45.9,36.4625,62.4,27.2625,53.6,75.79166666666667,114.0,23.4,87,5.2,6.2,29.2
2025-10-08,Delhi,42.083333333333336,51.5,56.00416666666666,68.7,32.5,54.0,68.66666666666667,131.0,22.7,86,0.2,4.6,28.1
2025-10-09,Delhi,42.59166666666666,81.3,129.6875,456.3,24.962500000000002,42.2,90.79166666666667,170.0,23.8,75,0.4,6.8,25.2
2025-10-10,Delhi,49.79583333333333,78.5,148.17916666666667,416.3,29.1375,68.5,100.83333333333333,190.0,23.5,68,0.0,4.7,18.7
2025-10-11,Delhi,49.47083333333333,70.3,148.9125,378.1,31.620833333333334,53.6,93.66666666666667,183.0,23.9,68,0.0,5.8,23.8
2025-10-12,Delhi,62.69583333333333,87.5,273.84166666666664,455.4,23.09166666666667,44.5,102.875,191.0,25.2,63,0.0,6.2,25.6
2025-10-13,Delhi,59.03333333333333,85.4,151.875,425.6,33.583333333333336,82.5,102.41666666666667,201.0,25.8,59,0.0,3.4,17.3
2025-10-14,Delhi,62.699999999999996,99.2,159.95833333333334,230.5,45.708333333333336,105.0,95.41666666666667,209.0,26.4,52,0.0,3.2,20.2
2025-10-15,Delhi,67.64583333333333,118.3,145.11666666666667,223.1,57.1875,102.0,89.54166666666667,206.0,26.7,49,0.0,2.7,20.9
2025-10-16,Delhi,59.770833333333336,75.2,149.85416666666666,182.5,43.9625,70.4,101.45833333333333,212.0,26.1,51,0.0,4.1,20.9
2025-10-17,Delhi,62.800000000000004,92.0,177.7458333333333,262.6,37.85,81.5,104.875,213.0,26.5,54,0.0,4.2,20.9
2025-10-18,Delhi,77.64999999999999,125.3,230.5375,353.9,50.62916666666666,117.8,95.75,221.0,27.2,53,0.0,3.0,18.0
2025-10-19,Delhi,95.53333333333335,129.5,207.77916666666667,284.1,70.60000000000001,118.3,85.20833333333333,223.0,27.9,52,0.0,2.3,25.6
2025-10-20,Delhi,85.05833333333334,136.4,181.7541666666667,270.1,59.57083333333333,114.8,87.16666666666667,207.0,28.1,49,0.0,3.9,24.8
2025-10-21,Delhi,89.35416666666667,143.4,114.87916666666666,157.9,47.541666666666664,99.0,94.0,209.0,26.9,57,0.4,4.4,24.8
2025-10-22,Delhi,108.50833333333333,166.2,173.25,302.7,52.166666666666664,97.2,87.66666666666667,204.0,27.6,53,0.0,4.5,23.4
2025-10-23,Delhi,62.229166666666664,79.4,171.63333333333333,305.5,29.429166666666664,52.9,95.29166666666667,192.0,26.6,42,0.0,5.9,24.8
2025-10-24,Delhi,77.72083333333333,114.3,148.35833333333332,240.3,49.012499999999996,84.7,82.25,195.0,25.9,46,0.0,3.8,19.4
2025-10-25,Delhi,100.0625,151.8,146.79999999999998,195.6,65.95,114.9,77.5,195.0,25.7,45,0.0,3.3,22.0
2025-10-26,Delhi,100.73333333333333,148.1,133.97916666666666,178.8,67.54166666666667,112.8,79.41666666666667,187.0,25.5,46,0.0,3.7,21.2
2025-10-27,Delhi,88.57916666666667,137.8,154.15833333333333,246.8,55.34583333333333,107.3,82.95833333333333,190.0,24.2,56,0.0,6.2,35.3
2025-10-28,Delhi,76.12916666666666,110.6,109.53750000000001,138.3,42.175000000000004,87.9,68.04166666666667,143.0,23.3,72,0.0,4.2,20.5
2025-10-29,Delhi,93.97500000000001,127.1,164.6,302.7,49.625,89.1,72.70833333333333,193.0,24.8,66,0.0,4.0,26.3
2025-10-30,Delhi,103.37916666666666,164.4,161.0875,366.9,58.82083333333333,134.9,74.125,157.0,24.5,74,0.1,3.7,17.6
2025-10-31,Delhi,101.43333333333334,161.6,126.71666666666665,198.8,63.662499999999994,135.2,70.04166666666667,184.0,25.3,75,0.1,4.6,19.8
2025-11-01,Delhi,96.80416666666667,122.5,197.41666666666666,273.8,36.19583333333333,64.0,89.125,194.0,25.1,62,0.0,6.4,27.7
2025-11-02,Delhi,90.23333333333333,107.1,213.40416666666667,340.9,24.162499999999998,40.5,98.16666666666667,174.0,23.7,59,0.0,7.8,31.7
2025-11-03,Delhi,79.07083333333334,117.1,183.95833333333334,306.4,34.208333333333336,73.5,79.375,165.0,23.5,53,0.0,7.5,32.8
2025-11-04,Delhi,81.00833333333334,121.1,172.15,313.9,50.27916666666667,72.9,70.16666666666667,172.0,23.4,60,0.0,5.5,30.2
2025-11-05,Delhi,79.90833333333333,122.5,163.4625,380.0,31.745833333333334,51.6,82.625,172.0,23.9,62,0.0,6.8,26.3
2025-11-06,Delhi,60.13333333333333,85.9,199.125,310.1,21.554166666666664,39.3,89.25,148.0,20.7,49,0.0,8.8,27.0
2025-11-07,Delhi,51.300000000000004,62.6,156.20000000000002,203.0,23.116666666666664,41.4,92.70833333333333,166.0,20.3,47,0.0,8.2,26.3
2025-11-08,Delhi,53.175000000000004,76.1,118.36666666666667,201.2,26.045833333333334,45.3,87.91666666666667,157.0,20.0,45,0.0,7.1,28.4
2025-11-09,Delhi,65.22500000000001,85.7,123.19166666666666,185.8,27.349999999999998,47.8,97.79166666666667,179.0,20.1,46,0.0,7.0,25.9
2025-11-10,Delhi,84.15833333333333,126.2,117.97083333333335,174.2,38.55833333333333,89.0,93.75,190.0,20.1,46,0.0,5.6,25.6
2025-11-11,Delhi,90.37083333333334,112.9,136.47083333333333,180.2,31.1875,54.6,97.16666666666667,189.0,20.1,47,0.0,6.8,27.7
2025-11-12,Delhi,99.87083333333334,126.7,136.62083333333334,175.6,28.058333333333334,50.9,96.79166666666667,176.0,20.4,48,0.0,7.6,33.8
2025-11-13,Delhi,108.63333333333333,132.2,132.47916666666666,170.0,31.558333333333334,57.5,101.45833333333333,192.0,19.3,52,0.0,6.7,27.4
2025-11-14,Delhi,87.07083333333333,108.5,97.175,130.4,35.875,76.6,89.70833333333333,184.0,19.2,50,0.0,6.5,27.0
2025-11-15,Delhi,86.19583333333333,113.4,90.02083333333333,116.9,33.99583333333333,65.3,85.29166666666667,183.0,19.3,50,0.0,6.5,27.0
2025-11-16,Delhi,67.64999999999999,96.9,69.2,98.5,30.895833333333332,53.1,78.29166666666667,159.0,19.1,50,0.0,6.7,30.2
2025-11-17,Delhi,105.34583333333335,204.0,107.0625,206.3,50.354166666666664,102.9,70.58333333333333,177.0,19.0,50,0.0,4.5,22.0
2025-11-18,Delhi,146.94166666666666,203.0,148.78333333333333,205.8,68.15416666666667,104.4,74.83333333333333,203.0,19.4,58,0.0,4.1,23.8
2025-11-19,Delhi,138.78333333333333,192.8,139.92916666666665,194.2,74.83333333333333,124.3,77.16666666666667,228.0,19.7,63,0.0,3.2,20.5
2025-11-20,Delhi,176.57916666666665,221.7,178.07500000000002,224.0,94.22083333333335,136.0,92.08333333333333,284.0,20.0,64,0.0,3.5,19.8
2025-11-21,Delhi,178.19583333333333,226.8,180.9958333333333,230.0,91.12916666666666,129.8,75.91666666666667,224.0,20.3,61,0.0,3.0,20.2
2025-11-22,Delhi,183.08333333333334,241.2,186.6875,243.1,71.20833333333333,100.9,84.875,223.0,20.3,57,0.0,3.7,23.0
2025-11-23,Delhi,173.6625,247.7,176.11249999999998,249.6,58.62916666666666,82.0,82.29166666666667,214.0,19.3,56,0.0,4.1,23.4
2025-11-24,Delhi,133.38333333333333,196.0,135.24583333333334,198.8,49.762499999999996,86.8,95.0,228.0,18.4,58,0.0,4.1,20.5
2025-11-25,Delhi,93.375,132.7,94.08333333333333,133.6,42.22083333333334,70.7,94.66666666666667,212.0,17.4,58,0.0,5.7,25.2
2025-11-26,Delhi,106.86666666666667,195.1,107.85000000000001,196.5,50.666666666666664,111.4,90.91666666666667,210.0,17.3,57,0.0,3.6,17.3
2025-11-27,Delhi,136.42499999999998,198.8,137.76666666666668,200.2,77.05833333333334,112.7,73.29166666666667,202.0,18.1,55,0.0,2.1,15.8
2025-11-28,Delhi,81.87916666666666,129.5,83.1125,130.9,39.583333333333336,79.7,91.08333333333333,184.0,18.0,60,0.0,5.1,20.9
2025-11-29,Delhi,55.3375,71.9,56.27916666666667,72.2,29.141666666666666,51.8,78.875,151.0,19.0,54,0.0,7.3,29.9
2025-11-30,Delhi,57.92916666666667,80.6,58.4625,81.0,29.03333333333333,54.4,90.04166666666667,166.0,17.3,49,0.0,7.4,32.0
2025-12-01,Delhi,98.53333333333335,172.8,99.05833333333334,173.7,52.00833333333333,109.9,81.875,202.0,16.9,49,0.0,3.6,20.9
2025-12-02,Delhi,111.52499999999999,170.0,112.22500000000001,170.4,56.44583333333333,93.9,75.70833333333333,199.0,18.3,57,0.0,4.2,18.7
2025-12-03,Delhi,90.80833333333334,113.9,91.32083333333333,114.1,27.712500000000002,44.8,102.83333333333333,201.0,16.2,55,0.0,6.1,26.6
2025-12-04,Delhi,90.79583333333333,118.3,91.24166666666667,118.5,30.09583333333333,68.6,99.58333333333333,181.0,15.2,56,0.0,7.1,28.8
2025-12-05,Delhi,93.5,133.2,94.02499999999999,133.2,33.775,52.7,104.91666666666667,211.0,15.0,56,0.0,5.2,19.8
2025-12-06,Delhi,75.41250000000001,92.4,76.1125,92.7,22.2375,34.4,108.25,187.0,16.2,53,0.0,9.4,30.6
2025-12-07,Delhi,73.84166666666667,97.8,74.64999999999999,98.3,22.270833333333332,38.7,96.41666666666667,165.0,17.0,56,0.0,8.7,26.6
2025-12-08,Delhi,64.1125,83.1,65.69166666666666,84.5,20.483333333333334,31.1,109.54166666666667,178.0,18.0,53,0.0,9.5,30.6
2025-12-09,Delhi,53.72083333333333,70.3,54.61666666666667,71.0,21.791666666666668,37.9,96.91666666666667,156.0,17.5,54,0.0,9.9,30.2
2025-12-10,Delhi,64.1875,110.4,64.95416666666667,111.1,30.1125,59.6,85.54166666666667,167.0,17.5,57,0.0,7.6,25.2
2025-12-11,Delhi,97.72500000000001,147.6,98.37083333333334,149.0,40.2875,66.2,80.66666666666667,189.0,17.3,60,0.0,5.7,27.7
2025-12-12,Delhi,161.11249999999998,319.4,163.09583333333333,323.2,69.68333333333334,176.2,97.79166666666667,250.0,17.2,63,0.0,3.6,16.2
2025-12-13,Delhi,212.28333333333333,290.6,215.01666666666665,294.3,77.77499999999999,129.6,108.66666666666667,288.0,17.8,66,0.0,2.4,15.8
2025-12-14,Delhi,230.84583333333333,333.4,234.49166666666667,337.1,80.12083333333334,158.4,102.58333333333333,268.0,17.7,70,0.0,2.0,13.0
2025-12-15,Delhi,155.0,318.5,158.48749999999998,323.2,50.7125,122.2,93.0,206.0,16.6,72,0.0,5.6,22.3
2025-12-16,Delhi,84.64583333333333,101.5,86.58333333333333,102.4,20.212500000000002,33.5,121.95833333333333,197.0,17.0,69,0.0,9.5,31.0
2025-12-17,Delhi,88.53750000000001,107.3,92.28750000000001,109.9,23.554166666666664,40.7,99.91666666666667,174.0,17.0,70,0.0,8.1,26.3
2025-12-18,Delhi,134.07500000000002,205.8,145.06666666666666,217.5,43.699999999999996,87.2,87.125,208.0,16.4,74,0.0,5.4,21.6
2025-12-19,Delhi,121.94583333333333,190.0,124.8125,200.2,36.80833333333333,63.2,85.75,181.0,15.7,78,0.0,5.8,23.4
2025-12-20,Delhi,148.30833333333334,220.7,149.77083333333334,223.1,61.550000000000004,120.8,88.16666666666667,225.0,15.0,78,0.0,4.0,15.1
2025-12-21,Delhi,205.01250000000002,272.9,207.6291666666667,275.7,59.449999999999996,115.1,92.54166666666667,241.0,14.4,84,0.0,4.3,18.0
2025-12-22,Delhi,219.5583333333333,324.1,222.60833333333335,326.9,72.325,146.7,101.91666666666667,258.0,15.4,83,0.0,3.2,15.5
2025-12-23,Delhi,131.42083333333332,272.9,134.10416666666666,275.7,35.483333333333334,107.8,92.20833333333333,167.0,16.5,81,0.0,7.9,25.6
2025-12-24,Delhi,57.645833333333336,94.3,60.050000000000004,98.0,26.65833333333333,63.5,73.83333333333333,128.0,15.8,69,0.0,8.8,32.0
2025-12-25,Delhi,92.32083333333333,186.3,94.82083333333333,189.5,48.9125,97.7,59.458333333333336,162.0,14.7,64,0.0,5.4,20.9
2025-12-26,Delhi,129.50416666666666,189.5,131.23333333333332,194.2,59.270833333333336,87.1,57.708333333333336,167.0,15.2,67,0.0,4.7,24.5
2025-12-27,Delhi,147.80833333333334,318.5,148.92083333333332,320.4,52.675000000000004,132.7,72.875,173.0,14.8,77,0.0,4.8,21.2
2025-12-28,Delhi,200.10833333333335,318.5,201.29999999999998,320.4,65.91666666666667,127.6,65.625,189.0,14.6,78,0.0,4.3,20.9
2025-12-29,Delhi,181.02916666666667,249.6,182.0875,250.5,59.09166666666667,96.7,78.08333333333333,203.0,14.1,81,0.0,3.3,20.2
2025-12-30,Delhi,147.83333333333334,205.4,149.17083333333332,206.3,44.90833333333333,71.6,80.29166666666667,185.0,14.2,79,0.0,4.6,22.3
2025-12-31,Delhi,169.3125,242.1,170.5,244.0,56.18333333333334,77.5,81.95833333333333,205.0,13.2,84,0.0,6.6,23.8
2022-08-01,Hyderabad,,,,,,,,,25.6,84,5.0,6.6,24.5
2022-08-02,Hyderabad,,,,,,,,,25.8,84,6.2,6.5,25.2
2022-08-03,Hyderabad,,,,,,,,,25.4,84,3.4,5.7,27.0
2022-08-04,Hyderabad,18.98421052631579,22.9,27.152631578947368,32.6,13.25263157894737,29.7,75.52631578947368,120.0,25.3,86,7.3,6.0,27.7
2022-08-05,Hyderabad,10.879166666666668,16.9,15.529166666666667,24.0,13.666666666666666,25.6,52.833333333333336,78.0,24.7,85,6.4,11.0,37.1
2022-08-06,Hyderabad,7.008333333333333,11.0,10.029166666666667,15.8,10.741666666666667,21.2,42.416666666666664,69.0,24.9,83,20.2,18.1,47.9
2022-08-07,Hyderabad,5.758333333333333,10.8,8.245833333333334,15.5,8.804166666666667,17.0,42.25,57.0,24.3,86,12.7,19.4,45.7
2022-08-08,Hyderabad,4.716666666666667,8.6,6.7250000000000005,12.3,7.5249999999999995,11.9,42.083333333333336,52.0,22.9,92,22.7,23.5,49.0
2022-08-09,Hyderabad,4.866666666666666,8.7,7.120833333333334,13.1,6.5125,10.7,46.958333333333336,63.0,23.6,85,6.2,26.5,60.1
2022-08-10,Hyderabad,7.625,13.0,11.904166666666667,20.3,6.304166666666667,11.0,52.666666666666664,78.0,25.1,74,0.3,27.8,69.1
2022-08-11,Hyderabad,6.625,10.0,10.012500000000001,14.8,6.454166666666667,10.9,48.333333333333336,72.0,25.4,74,0.9,21.8,58.0
2022-08-12,Hyderabad,5.720833333333334,9.0,8.520833333333334,14.1,6.258333333333333,11.8,42.5,70.0,25.8,73,0.5,21.6,54.0
2022-08-13,Hyderabad,6.5375000000000005,9.3,9.879166666666666,14.1,6.2,11.2,42.375,65.0,25.2,76,0.2,21.0,55.8
2022-08-14,Hyderabad,6.5125,10.0,9.612499999999999,14.3,7.679166666666667,12.7,36.625,46.0,23.8,84,7.0,21.6,51.5
2022-08-15,Hyderabad,8.491666666666665,12.7,12.804166666666667,19.6,9.35,15.8,36.083333333333336,43.0,23.5,85,7.4,20.4,52.2
2022-08-16,Hyderabad,11.395833333333334,15.5,17.670833333333334,24.1,12.108333333333334,23.3,39.625,69.0,25.1,77,0.0,14.3,39.2
2022-08-17,Hyderabad,13.479166666666666,19.3,21.241666666666667,29.5,10.1,23.2,41.083333333333336,62.0,25.8,75,0.0,11.7,35.6
2022-08-18,Hyderabad,11.379166666666668,15.0,17.912499999999998,23.0,9.041666666666666,23.6,43.25,70.0,26.1,75,0.1,14.8,40.0
2022-08-19,Hyderabad,10.7125,13.4,17.099999999999998,23.4,8.420833333333333,17.3,40.875,67.0,26.0,74,0.1,17.0,45.7
2022-08-20,Hyderabad,8.408333333333333,10.4,12.804166666666667,16.2,7.2625,16.6,43.333333333333336,70.0,25.6,76,0.9,18.9,47.2
2022-08-21,Hyderabad,7.945833333333333,10.8,12.204166666666666,17.2,7.379166666666666,15.0,39.25,53.0,26.0,74,0.5,18.8,45.4
2022-08-22,Hyderabad,8.808333333333334,12.4,13.766666666666666,19.7,8.1625,18.2,39.5,64.0,25.4,75,0.2,18.5,49.0
2022-08-23,Hyderabad,9.049999999999999,12.9,13.716666666666667,18.9,9.8375,24.8,44.041666666666664,73.0,25.5,76,0.3,14.2,39.2
2022-08-24,Hyderabad,10.454166666666667,15.4,15.975000000000001,22.8,10.304166666666667,25.4,46.583333333333336,80.0,26.0,76,1.6,11.8,35.6
2022-08-25,Hyderabad,14.945833333333333,23.9,22.462500000000002,35.0,15.129166666666668,47.6,57.125,104.0,25.3,80,4.2,9.4,33.8
2022-08-26,Hyderabad,21.258333333333333,32.4,31.9375,47.7,17.383333333333333,38.7,56.875,107.0,25.8,76,1.0,8.1,25.9
2022-08-27,Hyderabad,22.425,27.9,33.775,40.9,14.445833333333333,32.1,63.583333333333336,117.0,25.6,78,1.7,9.4,31.7
2022-08-28,Hyderabad,21.34166666666667,26.2,32.52916666666667,39.5,14.854166666666666,35.1,59.583333333333336,104.0,26.0,76,0.6,9.0,32.8
2022-08-29,Hyderabad,28.65416666666667,36.2,42.5,52.3,21.333333333333332,44.6,57.583333333333336,110.0,25.5,82,8.8,5.2,24.8
2022-08-30,Hyderabad,21.083333333333332,28.8,30.320833333333336,41.2,16.729166666666668,43.4,68.375,112.0,25.7,81,0.7,8.6,28.1
2022-08-31,Hyderabad,15.345833333333333,24.3,22.1875,34.9,14.470833333333333,34.3,55.041666666666664,86.0,25.7,82,8.7,6.9,26.3
2022-09-01,Hyderabad,16.366666666666667,30.9,23.766666666666666,44.6,13.762500000000001,38.7,50.041666666666664,89.0,25.4,84,7.2,5.2,23.8
2022-09-02,Hyderabad,12.983333333333334,22.0,18.979166666666668,32.0,15.979166666666666,33.1,36.125,64.0,25.7,81,0.4,9.1,29.9
2022-09-03,Hyderabad,16.629166666666666,44.5,24.054166666666664,64.0,14.858333333333334,39.5,37.625,71.0,26.7,79,2.6,5.7,21.6
2022-09-04,Hyderabad,22.983333333333334,40.6,32.983333333333334,58.4,20.779166666666665,48.0,51.083333333333336,106.0,25.8,81,10.5,7.1,37.8
2022-09-05,Hyderabad,20.275000000000002,34.0,29.008333333333336,48.5,20.958333333333332,50.0,52.916666666666664,91.0,25.6,83,2.5,5.2,28.8
2022-09-06,Hyderabad,20.529166666666665,27.1,29.354166666666668,38.6,19.608333333333334,40.0,69.75,132.0,25.2,86,10.9,4.9,21.2
2022-09-07,Hyderabad,18.729166666666668,31.3,26.808333333333334,44.8,19.349999999999998,49.3,69.875,129.0,25.0,86,19.5,5.1,26.6
2022-09-08,Hyderabad,27.116666666666664,32.2,38.78333333333333,46.1,22.645833333333332,41.9,56.833333333333336,89.0,24.4,88,10.9,6.4,25.9
2022-09-09,Hyderabad,19.979166666666668,25.1,28.608333333333334,36.0,14.8375,37.0,76.625,140.0,24.4,89,24.5,6.2,21.2
2022-09-10,Hyderabad,10.129166666666666,15.0,14.5,21.5,10.591666666666667,20.0,55.833333333333336,72.0,24.0,90,20.3,11.6,31.3
2022-09-11,Hyderabad,6.066666666666666,8.4,8.666666666666666,12.0,8.4375,12.5,46.833333333333336,54.0,23.5,90,9.2,18.3,38.9
2022-09-12,Hyderabad,6.5125,11.0,9.645833333333334,16.4,8.066666666666666,13.6,44.666666666666664,71.0,24.5,84,1.6,21.0,47.5
2022-09-13,Hyderabad,7.8875,11.5,11.833333333333334,17.1,9.141666666666667,19.0,41.458333333333336,64.0,25.3,78,0.5,19.2,50.4
2022-09-14,Hyderabad,9.129166666666666,14.7,13.916666666666666,22.9,11.408333333333333,22.6,39.0,72.0,25.2,78,0.9,16.0,44.6
2022-09-15,Hyderabad,8.733333333333333,13.2,13.120833333333332,20.5,10.920833333333334,24.5,41.333333333333336,69.0,25.2,77,0.2,17.7,45.7
2022-09-16,Hyderabad,6.666666666666667,9.9,9.775,14.4,7.866666666666667,14.5,44.416666666666664,68.0,25.3,76,0.0,20.3,52.2
2022-09-17,Hyderabad,9.745833333333334,16.9,14.487499999999999,24.7,9.120833333333334,23.1,44.166666666666664,73.0,25.3,78,0.3,14.7,38.9
2022-09-18,Hyderabad,11.5,18.1,17.408333333333335,27.1,9.825000000000001,25.4,48.666666666666664,79.0,25.3,77,0.1,13.2,38.9
2022-09-19,Hyderabad,12.35,16.2,18.245833333333334,24.3,10.358333333333333,18.5,49.5,80.0,25.2,75,3.2,14.0,37.8
2022-09-20,Hyderabad,16.445833333333333,23.1,23.833333333333332,33.2,11.116666666666667,17.9,52.375,59.0,24.0,83,1.8,15.4,39.6
2022-09-21,Hyderabad,20.770833333333332,26.4,31.6875,39.8,10.441666666666666,22.7,62.125,101.0,24.9,79,0.8,14.9,39.2
2022-09-22,Hyderabad,21.8,24.9,32.675000000000004,36.6,10.987499999999999,24.5,64.08333333333333,95.0,24.6,79,3.6,13.9,36.7
2022-09-23,Hyderabad,15.862499999999999,21.6,23.9375,32.0,10.908333333333333,24.6,57.125,94.0,24.3,76,0.8,12.6,34.9
2022-09-24,Hyderabad,13.358333333333334,20.1,20.041666666666668,29.1,12.3375,31.1,45.791666666666664,79.0,24.8,76,0.0,10.2,34.6
2022-09-25,Hyderabad,20.004166666666666,37.6,29.045833333333334,54.2,20.991666666666667,61.5,52.25,106.0,24.9,78,0.7,6.8,25.9
2022-09-26,Hyderabad,30.579166666666666,43.0,44.23333333333333,61.9,24.979166666666668,59.3,54.958333333333336,109.0,25.2,80,3.1,5.2,25.6
2022-09-27,Hyderabad,33.07083333333333,44.5,48.38333333333333,64.3,20.025000000000002,53.0,66.75,135.0,25.2,83,2.2,7.5,22.3
2022-09-28,Hyderabad,30.433333333333334,40.3,44.19583333333333,58.2,20.0625,44.1,68.79166666666667,124.0,24.9,85,14.6,5.7,23.0
2022-09-29,Hyderabad,26.479166666666668,30.6,37.99583333333333,44.0,18.962500000000002,39.2,68.79166666666667,116.0,24.0,89,25.5,8.3,29.2
2022-09-30,Hyderabad,34.270833333333336,48.2,49.77916666666667,69.6,19.783333333333335,39.7,70.875,138.0,25.2,84,8.5,8.9,33.5
2022-10-01,Hyderabad,28.5,35.9,41.55833333333333,51.8,15.233333333333334,29.3,72.54166666666667,124.0,25.0,80,1.3,10.0,33.8
2022-10-02,Hyderabad,24.84583333333333,30.0,36.37083333333333,43.9,13.470833333333333,34.6,78.91666666666667,125.0,25.2,76,0.0,14.2,38.9
2022-10-03,Hyderabad,25.71666666666667,28.6,37.983333333333334,41.8,14.604166666666666,39.6,75.20833333333333,124.0,25.8,69,0.1,13.6,38.5
2022-10-04,Hyderabad,23.516666666666666,25.8,34.708333333333336,37.6,16.604166666666668,43.2,71.41666666666667,119.0,25.9,67,0.0,11.7,35.3
2022-10-05,Hyderabad,33.90833333333333,65.0,50.262499999999996,94.3,19.929166666666667,48.4,75.83333333333333,143.0,24.5,81,10.9,7.1,29.9
2022-10-06,Hyderabad,45.43333333333334,74.7,66.1125,108.7,23.666666666666668,47.3,68.375,134.0,22.8,92,21.1,6.5,25.6
2022-10-07,Hyderabad,19.758333333333333,34.8,28.245833333333334,49.8,17.070833333333333,33.1,70.125,118.0,24.3,82,2.3,8.9,29.9
2022-10-08,Hyderabad,23.662499999999998,31.7,34.52916666666667,46.1,19.695833333333333,46.3,69.25,122.0,24.5,82,3.5,5.3,20.2
2022-10-09,Hyderabad,26.141666666666666,41.3,37.88333333333333,59.6,18.716666666666665,40.4,71.58333333333333,120.0,24.1,87,2.6,7.8,31.3
2022-10-10,Hyderabad,12.870833333333332,19.4,18.466666666666665,27.8,15.054166666666667,32.2,49.583333333333336,78.0,24.0,88,1.5,10.3,29.5
2022-10-11,Hyderabad,12.049999999999999,16.2,17.375,23.3,12.741666666666667,27.2,56.708333333333336,87.0,24.4,85,3.2,11.6,32.8
2022-10-12,Hyderabad,17.541666666666668,40.2,25.183333333333334,57.4,18.349999999999998,58.2,58.833333333333336,97.0,24.2,86,11.8,6.7,22.0
2022-10-13,Hyderabad,22.270833333333332,28.8,31.84583333333333,41.1,21.170833333333334,47.5,73.0,150.0,24.3,86,3.8,4.7,20.5
2022-10-14,Hyderabad,18.133333333333333,32.8,25.916666666666668,46.9,22.775000000000002,53.3,62.875,111.0,23.4,88,2.0,5.5,24.8
2022-10-15,Hyderabad,23.541666666666668,29.3,33.65,41.9,17.833333333333332,36.4,71.58333333333333,120.0,23.6,88,5.0,10.0,32.8
2022-10-16,Hyderabad,9.841666666666667,18.0,14.1875,26.0,13.487499999999999,28.8,36.791666666666664,54.0,23.1,92,6.0,10.5,33.5
2022-10-17,Hyderabad,15.15,22.2,22.295833333333334,32.1,14.483333333333334,34.4,45.208333333333336,83.0,24.6,84,2.0,8.2,25.9
2022-10-18,Hyderabad,29.583333333333332,48.3,42.729166666666664,69.4,27.895833333333332,68.9,51.083333333333336,102.0,24.4,84,0.4,3.5,17.3
2022-10-19,Hyderabad,32.520833333333336,54.1,46.550000000000004,77.3,35.225,71.2,64.45833333333333,149.0,24.3,83,1.1,5.8,20.9
2022-10-20,Hyderabad,23.479166666666668,39.6,33.80833333333333,57.2,26.666666666666668,63.2,65.75,117.0,23.8,86,2.8,6.4,25.6
2022-10-21,Hyderabad,32.40833333333333,43.1,47.07083333333333,61.7,18.054166666666667,44.8,95.08333333333333,153.0,24.2,78,0.0,8.1,27.7
2022-10-22,Hyderabad,33.15,41.9,47.60833333333333,60.1,21.708333333333332,54.4,87.95833333333333,150.0,22.9,60,0.0,11.2,33.8
2022-10-23,Hyderabad,34.9,41.1,50.85833333333333,59.8,23.208333333333332,62.2,90.83333333333333,152.0,22.0,58,0.0,11.9,42.5
2022-10-24,Hyderabad,40.30416666666667,61.2,58.90833333333333,88.2,29.599999999999998,84.5,76.125,149.0,21.8,57,0.0,11.0,35.3
2022-10-25,Hyderabad,47.449999999999996,82.4,68.93333333333334,119.0,41.016666666666666,101.6,76.20833333333333,164.0,21.6,64,0.0,7.2,23.4
2022-10-26,Hyderabad,54.82916666666667,85.4,79.62916666666666,123.9,49.12083333333334,99.9,70.91666666666667,171.0,22.0,63,0.0,7.2,23.4
2022-10-27,Hyderabad,47.6875,73.8,68.89583333333333,106.4,37.387499999999996,68.0,73.75,149.0,22.3,65,0.0,6.3,21.2
2022-10-28,Hyderabad,38.583333333333336,54.6,55.583333333333336,78.5,24.008333333333336,63.6,82.95833333333333,133.0,22.9,57,0.0,8.0,22.7
2022-10-29,Hyderabad,33.92916666666667,42.8,49.012499999999996,61.5,11.591666666666667,22.8,101.5,156.0,22.7,48,0.0,10.5,33.1
2022-10-30,Hyderabad,40.31666666666667,59.8,58.60833333333333,86.6,12.049999999999999,21.8,110.0,162.0,22.2,51,0.0,10.2,31.0
2022-10-31,Hyderabad,50.26666666666667,61.7,72.84166666666667,89.6,20.958333333333332,56.8,98.91666666666667,156.0,21.9,58,0.0,8.5,27.4
2022-11-01,Hyderabad,52.9,84.5,76.175,121.5,26.77916666666667,40.1,80.375,152.0,22.2,67,0.2,6.8,25.6
2022-11-02,Hyderabad,43.88333333333333,57.5,63.775,83.1,24.054166666666664,54.6,75.29166666666667,140.0,22.7,75,0.0,7.6,24.5
2022-11-03,Hyderabad,58.80416666666667,80.6,84.67916666666666,115.9,27.029166666666665,55.4,92.70833333333333,170.0,24.1,72,0.3,8.7,27.4
2022-11-04,Hyderabad,49.074999999999996,81.3,71.1125,116.6,27.84166666666667,49.4,80.625,137.0,24.1,76,0.6,7.2,26.3
2022-11-05,Hyderabad,42.0625,67.5,61.62916666666666,98.3,29.983333333333334,53.0,79.5,151.0,23.9,68,0.0,6.6,24.1
2022-11-06,Hyderabad,46.862500000000004,68.5,69.25,99.9,37.77916666666667,64.9,79.54166666666667,160.0,23.1,62,0.0,7.3,25.6
2022-11-07,Hyderabad,50.199999999999996,86.6,74.65416666666667,127.1,32.30833333333333,50.3,88.79166666666667,166.0,23.2,61,0.0,6.4,25.2
2022-11-08,Hyderabad,49.333333333333336,78.5,72.55416666666666,115.3,30.6125,52.0,94.375,170.0,23.1,60,0.0,5.9,22.0
2022-11-09,Hyderabad,53.67083333333333,79.4,77.89999999999999,115.0,35.1625,64.2,91.20833333333333,176.0,22.4,54,0.0,7.3,22.3
2022-11-10,Hyderabad,54.54583333333333,77.8,78.51666666666667,111.5,35.09583333333333,63.1,79.79166666666667,156.0,22.9,52,0.0,9.4,27.4
2022-11-11,Hyderabad,54.12083333333334,69.6,77.6125,99.4,18.766666666666666,42.5,105.66666666666667,169.0,23.9,51,0.0,13.2,39.2
2022-11-12,Hyderabad,41.69166666666667,52.7,60.04583333333333,75.7,20.270833333333332,57.0,89.20833333333333,141.0,23.9,53,0.0,10.6,32.8
2022-11-13,Hyderabad,49.12916666666666,59.0,70.675,84.8,22.083333333333332,51.0,100.5,159.0,23.3,61,0.0,8.6,27.4
2022-11-14,Hyderabad,55.24583333333334,77.5,79.29166666666667,111.5,32.108333333333334,68.3,93.58333333333333,163.0,23.1,65,0.0,6.5,21.2
2022-11-15,Hyderabad,64.74166666666666,96.6,93.21666666666665,138.3,39.395833333333336,76.8,84.375,182.0,22.9,57,0.0,7.0,25.9
2022-11-16,Hyderabad,56.15416666666667,83.1,80.84166666666667,119.7,45.76666666666667,102.1,80.20833333333333,178.0,21.7,53,0.0,6.5,20.2
2022-11-17,Hyderabad,47.25833333333333,63.6,68.2,91.3,38.574999999999996,84.3,84.08333333333333,169.0,21.4,51,0.0,8.4,26.3
2022-11-18,Hyderabad,53.762499999999996,72.4,77.72500000000001,104.3,36.49583333333333,81.1,80.33333333333333,156.0,22.0,48,0.0,10.6,34.6
2022-11-19,Hyderabad,52.57083333333333,76.1,75.62916666666666,109.7,27.224999999999998,72.0,96.41666666666667,168.0,21.2,51,0.0,10.8,35.6
2022-11-20,Hyderabad,48.166666666666664,59.5,68.91250000000001,85.0,25.420833333333334,61.5,101.125,175.0,20.4,52,0.0,8.2,26.6
2022-11-21,Hyderabad,51.9625,70.5,74.45416666666667,101.0,25.1875,61.4,92.04166666666667,167.0,23.4,49,0.0,9.1,30.6
2022-11-22,Hyderabad,55.708333333333336,75.9,80.2375,109.7,31.166666666666668,61.4,81.70833333333333,132.0,25.0,56,0.0,10.0,34.2
2022-11-23,Hyderabad,51.59166666666667,78.0,74.79583333333333,112.5,32.583333333333336,59.9,76.16666666666667,160.0,24.6,70,0.0,8.4,32.4
2022-11-24,Hyderabad,34.5875,49.6,50.52916666666667,71.9,23.145833333333332,52.2,75.29166666666667,142.0,24.3,75,0.8,6.6,25.9
2022-11-25,Hyderabad,44.50416666666666,57.6,64.94583333333334,83.4,26.958333333333332,51.6,86.375,169.0,24.5,65,0.0,6.6,21.6
2022-11-26,Hyderabad,67.8,97.6,97.8875,140.2,39.670833333333334,98.8,89.08333333333333,179.0,23.8,54,0.0,6.8,20.9
2022-11-27,Hyderabad,66.87083333333334,93.6,96.25833333333333,134.6,39.449999999999996,97.1,97.33333333333333,193.0,23.3,55,0.0,6.7,26.6
2022-11-28,Hyderabad,53.44583333333333,80.1,76.80416666666666,115.0,15.4625,26.6,120.41666666666667,180.0,22.8,54,0.0,6.4,20.5
2022-11-29,Hyderabad,49.78333333333333,70.3,71.34583333333333,100.8,16.445833333333333,29.8,105.375,162.0,21.6,50,0.0,7.8,23.4
2022-11-30,Hyderabad,54.05833333333334,80.8,77.70416666666667,115.7,15.329166666666666,25.7,112.0,174.0,21.2,56,0.0,6.1,22.3
2022-12-01,Hyderabad,57.32083333333333,80.1,83.16250000000001,115.5,21.041666666666668,50.5,110.16666666666667,168.0,23.1,60,0.0,6.5,23.0
2022-12-02,Hyderabad,68.125,108.0,98.825,156.5,33.1875,64.4,93.5,169.0,23.8,70,0.0,5.8,24.5
2022-12-03,Hyderabad,52.199999999999996,82.4,75.64583333333333,118.7,29.795833333333334,56.8,100.20833333333333,162.0,24.0,73,0.1,6.6,23.8
2022-12-04,Hyderabad,57.775,88.2,84.03750000000001,127.6,26.579166666666666,56.7,106.5,183.0,24.0,70,0.0,6.6,22.3
2022-12-05,Hyderabad,92.62083333333334,138.3,133.76666666666668,199.8,31.275000000000002,57.7,99.29166666666667,171.0,22.5,60,0.0,8.2,23.0
2022-12-06,Hyderabad,68.21666666666667,97.6,98.02083333333333,140.2,36.19583333333333,76.0,79.0,150.0,22.1,54,0.0,8.6,25.9
2022-12-07,Hyderabad,59.72083333333333,73.8,86.21249999999999,105.7,27.537499999999998,65.5,79.33333333333333,141.0,22.0,57,0.0,10.0,31.3
2022-12-08,Hyderabad,42.35,56.9,60.708333333333336,82.0,22.108333333333334,55.3,90.45833333333333,145.0,20.7,52,0.0,11.1,33.8
2022-12-09,Hyderabad,39.362500000000004,47.4,56.7125,68.5,17.716666666666665,43.0,96.375,139.0,21.5,47,0.0,10.2,28.8
2022-12-10,Hyderabad,41.520833333333336,47.5,60.50833333333333,69.2,22.054166666666664,43.7,71.04166666666667,94.0,22.2,70,3.8,12.5,38.2
2022-12-11,Hyderabad,14.920833333333334,36.8,21.72083333333333,53.7,15.416666666666666,23.2,61.125,83.0,21.6,89,11.1,15.5,42.1
2022-12-12,Hyderabad,15.233333333333334,22.2,23.150000000000002,33.6,13.025,34.1,66.70833333333333,102.0,22.5,85,1.3,14.1,38.9
2022-12-13,Hyderabad,6.520833333333333,11.8,9.674999999999999,17.6,4.8875,12.6,45.916666666666664,81.0,22.9,84,2.3,12.1,34.2
2022-12-14,Hyderabad,0.7708333333333334,0.8,1.1125,1.2,0.0,0.0,27.0,31.0,23.0,79,0.0,8.5,32.0
2022-12-15,Hyderabad,0.7000000000000001,0.9,0.9916666666666667,1.2,0.0,0.0,33.416666666666664,35.0,23.6,72,0.0,5.4,22.0
2022-12-16,Hyderabad,40.079166666666666,79.4,58.60833333333333,115.5,28.270833333333332,60.1,62.291666666666664,116.0,24.2,69,0.0,5.6,20.5
2022-12-17,Hyderabad,56.229166666666664,82.0,81.4375,118.3,42.025,75.0,69.79166666666667,153.0,24.0,69,0.0,7.1,24.5
2022-12-18,Hyderabad,37.766666666666666,53.9,54.23333333333333,77.5,29.71666666666667,69.5,75.83333333333333,146.0,22.5,60,0.0,9.0,28.1
2022-12-19,Hyderabad,55.520833333333336,84.5,80.375,121.1,42.520833333333336,66.8,81.83333333333333,168.0,21.2,57,0.0,7.4,25.2
2022-12-20,Hyderabad,57.23333333333333,84.1,85.2375,123.9,36.237500000000004,58.4,96.54166666666667,182.0,21.6,62,0.0,6.6,23.8
2022-12-21,Hyderabad,60.5875,94.5,88.72500000000001,136.9,43.43333333333334,71.5,97.5,191.0,21.9,58,0.0,5.1,21.2
2022-12-22,Hyderabad,61.50416666666666,89.9,89.27083333333333,129.5,42.6875,72.1,90.25,171.0,22.1,54,0.0,6.9,25.6
2022-12-23,Hyderabad,57.72083333333333,99.2,84.23333333333333,143.9,43.70416666666667,73.6,99.125,194.0,22.1,59,0.0,6.3,26.6
2022-12-24,Hyderabad,50.449999999999996,67.5,75.56666666666666,103.1,27.775000000000002,50.9,102.33333333333333,164.0,21.8,56,0.0,7.7,24.5
2022-12-25,Hyderabad,36.94166666666667,64.5,57.44166666666666,100.8,18.974999999999998,34.5,93.08333333333333,129.0,21.4,66,0.0,9.8,31.0
2022-12-26,Hyderabad,15.325000000000001,21.6,22.9875,33.2,12.754166666666668,30.6,60.125,83.0,23.0,78,0.3,10.2,29.9
2022-12-27,Hyderabad,13.883333333333333,23.2,20.854166666666668,34.1,13.654166666666667,31.7,54.166666666666664,80.0,24.0,72,0.0,6.2,24.1
2022-12-28,Hyderabad,23.65833333333333,45.1,34.75,65.2,23.804166666666664,59.8,65.54166666666667,127.0,24.8,66,0.0,4.7,15.5
2022-12-29,Hyderabad,32.84166666666667,48.4,47.987500000000004,70.3,33.858333333333334,65.4,72.625,152.0,25.0,62,0.0,4.4,17.3
2022-12-30,Hyderabad,47.46666666666667,83.8,68.97916666666667,120.6,37.24583333333333,82.4,84.75,165.0,24.7,60,0.0,4.1,21.6
2022-12-31,Hyderabad,58.42916666666667,81.0,84.57083333333334,116.4,40.237500000000004,72.4,78.29166666666667,158.0,24.8,56,0.0,3.9,16.6
2023-01-01,Hyderabad,53.02916666666667,72.4,76.62083333333334,104.1,38.725,68.4,81.41666666666667,159.0,24.1,58,0.0,5.8,20.2
2023-01-02,Hyderabad,49.44166666666666,62.9,71.85416666666667,91.3,22.116666666666664,47.7,95.79166666666667,160.0,23.6,62,0.0,7.1,24.8
2023-01-03,Hyderabad,40.829166666666666,54.0,60.47083333333333,78.7,17.120833333333334,45.2,83.5,135.0,22.9,67,0.0,5.8,22.3
2023-01-04,Hyderabad,33.18333333333333,44.2,50.05416666666667,65.9,15.158333333333333,41.1,81.54166666666667,127.0,22.2,67,0.0,7.5,27.7
2023-01-05,Hyderabad,27.329166666666666,37.1,41.42916666666667,55.2,13.445833333333333,39.0,87.45833333333333,119.0,21.7,76,0.9,9.4,28.1
2023-01-06,Hyderabad,47.30833333333334,85.0,68.97500000000001,122.5,23.316666666666666,63.6,90.75,150.0,21.7,76,0.3,7.6,26.3
2023-01-07,Hyderabad,86.825,104.3,124.60833333333333,149.5,29.712500000000002,68.4,78.625,156.0,21.0,64,0.0,8.7,29.2
2023-01-08,Hyderabad,39.2875,57.0,56.28333333333333,81.5,30.833333333333332,75.6,74.875,142.0,18.7,54,0.0,8.7,27.4
2023-01-09,Hyderabad,48.362500000000004,64.0,69.18333333333334,91.5,43.90416666666667,78.0,80.0,168.0,18.7,52,0.0,7.3,19.1
2023-01-10,Hyderabad,53.925000000000004,92.7,77.48333333333333,132.7,46.487500000000004,75.0,93.375,176.0,20.4,50,0.0,6.4,20.5
2023-01-11,Hyderabad,48.12083333333334,67.5,69.37083333333332,97.1,36.766666666666666,92.7,109.375,196.0,20.3,55,0.0,4.7,15.5
2023-01-12,Hyderabad,43.28333333333333,66.1,63.229166666666664,95.9,25.129166666666666,53.7,102.125,171.0,21.1,57,0.0,6.1,22.3
2023-01-13,Hyderabad,47.15833333333333,70.3,68.91250000000001,101.5,29.729166666666668,68.5,101.58333333333333,182.0,21.6,58,0.0,5.0,17.6
2023-01-14,Hyderabad,46.2875,65.7,68.02916666666667,95.0,26.1375,69.0,107.83333333333333,178.0,22.0,56,0.0,5.4,17.3
2023-01-15,Hyderabad,37.083333333333336,42.3,54.35833333333333,61.9,18.8375,42.9,110.04166666666667,179.0,22.1,59,0.0,6.4,24.1
2023-01-16,Hyderabad,27.104166666666668,37.8,39.80416666666667,54.8,17.087500000000002,45.1,98.625,159.0,22.3,54,0.0,7.1,20.9
2023-01-17,Hyderabad,23.366666666666664,30.4,34.37916666666667,44.6,10.841666666666667,23.4,90.70833333333333,139.0,21.7,49,0.0,7.7,24.1
2023-01-18,Hyderabad,23.34166666666667,30.3,35.012499999999996,44.1,11.512500000000001,29.6,92.875,147.0,21.8,57,0.0,7.6,20.5
2023-01-19,Hyderabad,32.24583333333333,39.6,48.083333333333336,58.0,13.762500000000001,30.6,95.54166666666667,148.0,21.8,59,0.0,8.4,24.1
2023-01-20,Hyderabad,38.050000000000004,42.8,57.025,64.3,13.833333333333334,34.4,91.625,138.0,22.0,61,0.0,8.1,26.6
2023-01-21,Hyderabad,34.99166666666667,56.5,52.12083333333334,81.7,20.229166666666668,59.9,91.04166666666667,151.0,21.7,59,0.0,7.2,21.2
2023-01-22,Hyderabad,40.737500000000004,50.5,60.425000000000004,75.0,15.395833333333334,35.8,92.25,143.0,21.6,61,0.0,8.2,23.4
2023-01-23,Hyderabad,41.800000000000004,54.0,62.85,79.2,12.370833333333332,30.8,95.875,134.0,21.7,66,0.0,9.3,31.7
2023-01-24,Hyderabad,21.233333333333334,28.9,32.50416666666667,43.3,9.666666666666666,27.2,83.75,108.0,22.1,63,0.0,10.8,29.5
2023-01-25,Hyderabad,23.3875,40.7,36.72083333333333,63.6,11.554166666666667,32.2,89.0,120.0,21.6,62,0.0,9.9,33.5
2023-01-26,Hyderabad,31.745833333333334,40.7,49.458333333333336,64.5,15.125,40.0,95.45833333333333,132.0,21.1,60,0.0,8.9,32.0
2023-01-27,Hyderabad,38.11666666666667,56.1,57.375,85.0,19.641666666666666,42.8,102.79166666666667,155.0,21.8,55,0.0,7.4,29.2
2023-01-28,Hyderabad,43.4625,78.7,64.05416666666666,114.6,24.820833333333336,61.8,109.45833333333333,173.0,22.2,53,0.0,7.0,26.3
2023-01-29,Hyderabad,48.07083333333333,50.9,71.52916666666667,78.5,15.466666666666667,36.9,125.33333333333333,183.0,22.4,56,0.0,10.8,34.2
2023-01-30,Hyderabad,34.608333333333334,43.3,53.89166666666667,68.7,11.654166666666667,33.4,93.16666666666667,115.0,22.8,68,0.0,10.4,35.6
2023-01-31,Hyderabad,46.73333333333333,66.6,70.14999999999999,97.8,20.900000000000002,54.7,91.16666666666667,148.0,23.3,60,0.0,7.2,27.4
2023-02-01,Hyderabad,61.53333333333333,87.3,89.47916666666667,127.1,32.52916666666667,65.5,99.29166666666667,178.0,22.8,57,0.0,10.4,35.3
2023-02-02,Hyderabad,44.57083333333333,68.5,64.92083333333333,99.4,23.916666666666668,54.9,101.41666666666667,169.0,22.6,48,0.0,11.3,36.0
2023-02-03,Hyderabad,27.895833333333332,49.1,40.45,71.2,24.995833333333334,57.5,91.0,158.0,22.1,37,0.0,8.1,25.9
2023-02-04,Hyderabad,42.24166666666667,67.5,61.2125,98.3,37.0375,75.4,105.375,177.0,22.8,43,0.0,7.1,26.6
2023-02-05,Hyderabad,47.895833333333336,73.3,68.85833333333333,105.2,43.20416666666667,81.4,108.04166666666667,196.0,22.5,44,0.0,6.5,21.6
2023-02-06,Hyderabad,43.074999999999996,57.9,62.958333333333336,83.8,23.991666666666664,60.1,120.79166666666667,194.0,23.1,49,0.0,7.3,24.1
2023-02-07,Hyderabad,44.90833333333333,81.0,66.25,117.6,20.245833333333334,61.2,114.45833333333333,172.0,24.7,51,0.0,7.3,23.4
2023-02-08,Hyderabad,47.9625,63.6,70.35000000000001,92.2,25.037499999999998,64.8,114.125,203.0,24.8,53,0.0,6.1,22.7
2023-02-09,Hyderabad,55.50833333333333,82.7,80.04583333333333,119.2,35.1875,75.5,102.79166666666667,191.0,24.4,50,0.0,5.9,20.2
2023-02-10,Hyderabad,48.15416666666667,76.4,69.25,109.7,16.779166666666665,29.7,106.95833333333333,172.0,24.9,38,0.0,6.6,27.0
2023-02-11,Hyderabad,37.525,59.8,54.00833333333333,85.9,14.883333333333333,36.2,111.54166666666667,168.0,25.1,38,0.0,5.6,23.4
2023-02-12,Hyderabad,40.108333333333334,64.7,57.63333333333333,92.7,21.775000000000002,61.8,102.58333333333333,176.0,25.4,36,0.0,8.6,25.2
2023-02-13,Hyderabad,21.5625,32.0,31.27916666666667,45.9,22.245833333333334,67.9,90.75,144.0,23.6,35,0.0,10.6,32.8
2023-02-14,Hyderabad,30.8625,38.0,44.25,54.4,18.908333333333335,54.9,104.41666666666667,163.0,22.6,34,0.0,9.3,27.0
2023-02-15,Hyderabad,27.2,43.5,39.75833333333333,62.6,12.133333333333333,22.7,104.58333333333333,146.0,23.8,32,0.0,9.9,31.0
2023-02-16,Hyderabad,27.583333333333332,43.2,40.858333333333334,62.2,11.262500000000001,20.5,100.75,143.0,24.8,31,0.0,11.1,36.4
2023-02-17,Hyderabad,36.12916666666667,56.6,53.104166666666664,81.5,11.991666666666667,25.9,110.625,169.0,24.0,35,0.0,8.0,26.3
2023-02-18,Hyderabad,44.59583333333333,61.9,64.8,89.6,14.420833333333334,22.6,110.0,189.0,24.4,41,0.0,5.6,23.8
2023-02-19,Hyderabad,31.670833333333334,39.5,46.675000000000004,57.2,15.025,52.9,111.5,188.0,25.0,46,0.0,7.0,27.7
2023-02-20,Hyderabad,40.074999999999996,68.2,58.270833333333336,98.0,25.962500000000002,78.3,102.625,185.0,25.2,47,0.0,5.5,20.9
2023-02-21,Hyderabad,43.57916666666667,58.4,62.94583333333333,83.8,27.891666666666666,78.3,112.83333333333333,199.0,25.9,38,0.0,6.1,22.0
2023-02-22,Hyderabad,40.30833333333333,49.2,57.95416666666667,70.5,24.479166666666668,64.7,121.45833333333333,204.0,26.2,36,0.0,6.6,18.7
2023-02-23,Hyderabad,33.483333333333334,41.3,48.31666666666666,59.8,17.120833333333334,49.8,117.75,183.0,25.7,39,0.0,7.7,21.6
2023-02-24,Hyderabad,33.766666666666666,45.3,48.854166666666664,65.7,11.5,25.9,131.0,192.0,26.5,35,0.0,7.4,26.3
2023-02-25,Hyderabad,32.84583333333333,48.4,47.4,70.1,8.995833333333334,16.4,124.75,186.0,26.6,31,0.0,7.9,27.0
2023-02-26,Hyderabad,30.53333333333333,48.7,44.12916666666666,69.8,8.391666666666667,14.1,119.04166666666667,179.0,26.1,31,0.0,8.4,28.4
2023-02-27,Hyderabad,26.099999999999998,32.2,37.983333333333334,46.7,5.504166666666666,10.4,125.20833333333333,170.0,25.4,35,0.0,8.8,29.5
2023-02-28,Hyderabad,23.320833333333336,27.3,33.916666666666664,39.5,5.5,7.9,112.20833333333333,151.0,25.7,35,0.0,10.6,34.6
2023-03-01,Hyderabad,26.462500000000002,29.4,38.40833333333333,42.5,5.054166666666666,8.5,120.45833333333333,159.0,26.0,32,0.0,11.1,35.6
2023-03-02,Hyderabad,27.816666666666666,33.8,40.38333333333333,48.8,11.395833333333334,39.2,118.875,168.0,25.7,30,0.0,10.2,32.8
2023-03-03,Hyderabad,36.40833333333333,46.2,52.550000000000004,66.6,16.454166666666666,38.8,118.08333333333333,183.0,26.0,35,0.0,9.2,35.6
2023-03-04,Hyderabad,39.52916666666667,52.9,56.94166666666666,75.9,14.149999999999999,30.9,126.91666666666667,179.0,27.0,29,0.0,8.9,30.2
2023-03-05,Hyderabad,35.65416666666667,43.4,51.68333333333334,62.9,13.729166666666666,36.0,116.875,164.0,26.2,34,0.0,9.1,31.3
2023-03-06,Hyderabad,38.458333333333336,53.9,55.59166666666667,77.8,17.525000000000002,45.0,126.5,198.0,26.5,33,0.0,9.4,33.1
2023-03-07,Hyderabad,39.512499999999996,55.4,56.99583333333334,79.6,19.5625,65.7,106.79166666666667,166.0,25.9,37,0.0,10.9,37.1
2023-03-08,Hyderabad,48.92083333333333,56.6,70.51666666666667,81.5,23.325,56.2,114.29166666666667,186.0,26.2,40,0.0,8.4,27.7
2023-03-09,Hyderabad,37.270833333333336,56.0,54.0875,80.6,24.1375,62.2,103.75,164.0,26.4,35,0.0,8.8,28.8
2023-03-10,Hyderabad,33.69583333333333,42.5,49.06666666666666,61.7,14.65,40.6,111.91666666666667,165.0,26.6,36,0.0,7.1,26.6
2023-03-11,Hyderabad,38.69166666666667,47.5,56.5625,69.8,14.895833333333334,40.0,117.04166666666667,169.0,26.2,40,0.0,9.9,32.0
2023-03-12,Hyderabad,35.77916666666667,46.8,52.9375,68.9,14.141666666666666,30.3,105.70833333333333,155.0,26.4,39,0.0,10.5,34.6
2023-03-13,Hyderabad,28.775000000000002,33.4,42.15416666666667,49.2,13.529166666666667,31.0,108.08333333333333,151.0,26.4,35,0.0,9.1,29.9
2023-03-14,Hyderabad,33.199999999999996,47.7,48.104166666666664,69.2,19.254166666666666,51.6,106.125,156.0,27.1,26,0.0,8.4,27.4
2023-03-15,Hyderabad,34.5875,42.6,50.604166666666664,61.7,16.954166666666666,44.5,97.91666666666667,149.0,26.9,32,0.0,9.5,28.8
2023-03-16,Hyderabad,41.68333333333333,59.0,62.550000000000004,85.9,10.191666666666666,18.4,112.54166666666667,167.0,24.3,69,9.7,7.3,41.0
2023-03-17,Hyderabad,24.620833333333334,36.1,36.19166666666667,52.2,9.975,21.7,88.0,105.0,22.2,81,29.6,9.1,38.5
2023-03-18,Hyderabad,22.629166666666666,39.3,33.270833333333336,57.6,14.529166666666667,36.6,71.25,107.0,21.7,86,17.6,7.7,39.2
2023-03-19,Hyderabad,28.620833333333334,50.9,41.579166666666666,73.3,19.9625,59.9,88.75,146.0,22.6,73,0.3,6.6,23.8
2023-03-20,Hyderabad,30.875,39.3,45.15833333333333,57.6,18.695833333333333,51.3,95.45833333333333,181.0,23.3,67,0.0,5.6,18.0
2023-03-21,Hyderabad,34.0,49.1,50.15,71.5,30.254166666666666,82.5,89.70833333333333,193.0,23.5,59,0.0,5.5,21.2
2023-03-22,Hyderabad,25.916666666666668,43.9,38.50833333333333,63.8,29.329166666666666,79.6,74.45833333333333,150.0,24.7,58,0.0,7.1,24.1
2023-03-23,Hyderabad,37.108333333333334,64.7,55.59583333333333,95.9,40.40833333333333,95.5,72.625,150.0,25.1,59,0.0,6.4,26.3
2023-03-24,Hyderabad,35.0875,48.1,51.69583333333333,70.1,22.6375,76.2,89.79166666666667,138.0,25.9,62,0.0,5.7,19.4
2023-03-25,Hyderabad,32.57083333333333,41.1,48.32083333333333,60.5,14.9375,41.1,93.5,136.0,26.0,69,0.7,7.6,33.1
2023-03-26,Hyderabad,32.0875,45.8,47.68333333333334,66.8,16.979166666666668,63.0,89.91666666666667,151.0,26.6,65,0.0,6.8,24.5
2023-03-27,Hyderabad,28.34583333333333,47.5,42.0,68.9,27.079166666666666,97.4,83.375,156.0,26.5,55,0.0,9.5,28.4
2023-03-28,Hyderabad,32.012499999999996,46.0,46.69166666666666,66.4,29.974999999999998,69.9,94.375,177.0,27.2,53,0.0,7.6,23.8
2023-03-29,Hyderabad,31.208333333333332,45.9,46.229166666666664,66.4,15.950000000000001,45.1,96.70833333333333,149.0,27.8,55,0.0,9.9,31.3
2023-03-30,Hyderabad,25.77916666666667,42.1,38.25416666666667,60.8,16.208333333333332,48.7,97.5,164.0,28.4,49,0.0,9.9,28.4
2023-03-31,Hyderabad,26.266666666666666,31.3,39.166666666666664,45.8,14.575000000000001,42.9,97.54166666666667,153.0,27.2,52,0.0,8.1,29.9
2023-04-01,Hyderabad,27.55,45.4,42.762499999999996,66.6,25.47083333333333,84.1,81.45833333333333,150.0,27.1,52,0.0,8.1,28.4
2023-04-02,Hyderabad,34.65833333333333,51.7,50.82916666666667,75.2,27.070833333333336,113.1,94.125,168.0,27.2,60,0.5,5.2,22.0
2023-04-03,Hyderabad,25.166666666666668,28.1,37.233333333333334,41.3,12.512500000000001,40.9,96.95833333333333,146.0,27.9,54,0.0,8.3,28.8
2023-04-04,Hyderabad,27.525000000000002,38.6,40.579166666666666,55.9,17.125,64.0,101.79166666666667,159.0,28.5,52,0.0,8.3,34.2
2023-04-05,Hyderabad,26.120833333333334,36.4,38.87083333333333,53.3,17.354166666666668,60.3,99.75,168.0,28.6,52,0.0,6.2,23.4
2023-04-06,Hyderabad,28.145833333333332,32.7,41.88333333333333,48.1,10.795833333333334,23.6,99.5,157.0,27.5,57,2.5,8.1,52.6
2023-04-07,Hyderabad,27.15416666666667,41.6,40.645833333333336,60.8,7.2,11.6,91.54166666666667,132.0,26.9,62,1.5,7.6,42.8
2023-04-08,Hyderabad,32.358333333333334,41.8,47.30416666666667,60.8,7.745833333333334,14.8,118.20833333333333,186.0,26.8,57,0.1,9.4,38.2
2023-04-09,Hyderabad,22.791666666666668,29.9,34.829166666666666,44.7,11.987499999999999,39.8,99.58333333333333,149.0,28.0,47,0.0,7.7,28.4
2023-04-10,Hyderabad,19.395833333333332,27.0,29.066666666666666,40.9,15.75,48.8,92.25,136.0,28.2,38,0.0,7.5,23.0
2023-04-11,Hyderabad,23.837500000000002,29.6,34.9125,43.3,17.320833333333333,50.7,107.75,165.0,28.9,39,0.0,8.4,27.4
2023-04-12,Hyderabad,33.90833333333333,56.5,49.09166666666667,81.3,22.708333333333332,67.2,111.375,189.0,29.8,38,0.0,7.1,22.0
2023-04-13,Hyderabad,43.520833333333336,76.6,63.012499999999996,110.4,32.4125,85.8,105.0,188.0,30.6,37,0.0,6.6,23.8
2023-04-14,Hyderabad,55.625,78.0,80.37083333333334,112.2,35.483333333333334,100.6,114.04166666666667,184.0,30.5,41,0.0,7.1,40.7
2023-04-15,Hyderabad,50.645833333333336,81.5,73.0,116.9,26.875,109.8,116.29166666666667,182.0,29.7,41,0.0,10.5,36.0
2023-04-16,Hyderabad,48.24166666666667,68.2,69.35416666666667,97.8,32.07083333333333,90.5,107.20833333333333,188.0,30.1,41,0.0,6.4,22.0
2023-04-17,Hyderabad,46.71666666666667,64.7,67.35416666666667,93.1,30.2375,70.1,106.08333333333333,183.0,30.7,38,0.0,5.7,21.6
2023-04-18,Hyderabad,42.6875,69.6,61.45416666666667,99.9,32.733333333333334,64.2,117.16666666666667,202.0,31.1,31,0.0,7.8,25.6
2023-04-19,Hyderabad,41.645833333333336,56.3,60.112500000000004,81.0,25.020833333333332,70.5,117.375,186.0,30.6,35,0.0,6.3,27.0
2023-04-20,Hyderabad,54.479166666666664,85.2,78.55,122.5,44.10833333333333,104.9,106.08333333333333,211.0,31.0,34,0.0,6.5,30.2
2023-04-21,Hyderabad,46.9,71.2,67.83749999999999,102.4,29.94583333333333,86.2,114.25,179.0,28.8,47,1.6,8.6,31.7
2023-04-22,Hyderabad,45.86666666666667,63.6,66.50416666666666,91.5,27.8,64.1,102.45833333333333,165.0,28.9,51,0.0,7.4,24.1
2023-04-23,Hyderabad,29.479166666666668,56.9,43.14166666666667,82.0,24.72083333333333,56.6,97.75,200.0,28.7,50,0.0,7.5,34.9
2023-04-24,Hyderabad,23.412499999999998,28.4,34.86666666666667,42.0,13.358333333333334,40.6,93.95833333333333,138.0,28.0,65,4.2,10.1,35.3
2023-04-25,Hyderabad,14.441666666666668,23.6,21.808333333333334,35.5,8.654166666666667,22.0,79.58333333333333,117.0,27.6,68,16.2,12.0,37.1
2023-04-26,Hyderabad,20.525000000000002,34.6,31.175,50.8,13.079166666666666,38.1,76.45833333333333,120.0,26.6,68,2.5,9.5,30.6
2023-04-27,Hyderabad,28.575,40.4,43.300000000000004,59.1,14.670833333333334,31.9,88.08333333333333,134.0,25.6,74,17.3,7.3,50.0
2023-04-28,Hyderabad,25.941666666666666,38.8,39.6625,58.2,12.779166666666667,29.7,77.29166666666667,118.0,26.8,68,0.5,6.2,27.7
2023-04-29,Hyderabad,21.45,31.1,31.883333333333336,46.2,16.320833333333333,31.8,75.75,124.0,25.6,74,19.4,8.2,46.8
2023-04-30,Hyderabad,21.0375,27.2,31.3625,40.3,13.391666666666666,27.2,73.79166666666667,108.0,24.7,79,17.7,7.9,35.6
2023-05-01,Hyderabad,18.745833333333334,23.9,27.375,35.0,11.141666666666666,24.4,91.5,146.0,24.4,80,9.9,8.3,36.0
2023-05-02,Hyderabad,13.616666666666667,19.4,20.087500000000002,29.0,10.229166666666666,28.7,69.29166666666667,109.0,24.9,80,7.0,10.9,35.6
2023-05-03,Hyderabad,13.458333333333334,23.8,20.075,34.8,13.5375,49.1,62.333333333333336,118.0,25.8,75,1.0,7.8,24.1
2023-05-04,Hyderabad,18.712500000000002,27.6,28.041666666666668,40.9,17.033333333333335,51.2,76.79166666666667,142.0,26.3,74,0.2,6.1,22.3
2023-05-05,Hyderabad,19.375,28.9,28.633333333333336,42.4,18.529166666666665,47.7,73.33333333333333,120.0,25.1,78,8.7,6.2,31.3
2023-05-06,Hyderabad,26.458333333333332,39.2,38.4125,56.5,26.15416666666667,50.5,73.20833333333333,140.0,26.8,72,1.8,5.6,27.4
2023-05-07,Hyderabad,33.85,48.4,48.979166666666664,69.6,26.916666666666668,55.0,92.83333333333333,171.0,28.1,68,0.0,7.1,31.0
2023-05-08,Hyderabad,34.725,50.9,50.02916666666667,73.1,25.27916666666667,65.3,102.375,180.0,28.5,66,0.0,5.9,23.8
2023-05-09,Hyderabad,38.11666666666667,51.6,54.76666666666667,74.0,28.191666666666666,70.4,89.66666666666667,172.0,27.3,77,4.3,6.9,30.6
2023-05-10,Hyderabad,44.98333333333333,66.4,64.71249999999999,95.0,36.3375,77.5,96.95833333333333,199.0,27.7,78,15.3,6.0,27.7
2023-05-11,Hyderabad,43.9625,60.8,63.44166666666666,87.1,33.074999999999996,83.6,106.79166666666667,206.0,29.3,60,0.2,7.1,33.8
2023-05-12,Hyderabad,42.8125,61.7,61.69583333333333,88.7,25.84583333333333,70.6,109.29166666666667,193.0,29.6,49,0.0,8.2,29.2
2023-05-13,Hyderabad,34.65416666666667,47.7,50.07083333333333,68.7,31.295833333333334,87.5,99.0,187.0,29.8,45,0.0,9.7,36.7
2023-05-14,Hyderabad,21.620833333333334,33.9,31.537499999999998,48.5,18.595833333333335,57.6,105.125,160.0,30.2,40,0.0,14.8,48.2
2023-05-15,Hyderabad,20.754166666666666,32.8,30.583333333333332,47.5,14.720833333333333,39.6,98.95833333333333,144.0,30.4,42,0.0,12.4,43.6
2023-05-16,Hyderabad,18.212500000000002,26.0,28.037499999999998,37.7,15.108333333333334,38.3,90.45833333333333,138.0,29.6,43,0.0,11.9,38.5
2023-05-17,Hyderabad,18.270833333333332,31.0,28.875,46.6,13.270833333333334,30.1,92.25,142.0,29.4,46,0.0,9.8,34.6
2023-05-18,Hyderabad,32.050000000000004,64.0,48.3375,94.1,19.108333333333334,52.4,104.375,177.0,30.4,44,0.0,6.9,23.0
2023-05-19,Hyderabad,43.46666666666667,68.5,64.96249999999999,100.4,20.4875,48.9,107.16666666666667,175.0,31.4,42,0.0,7.3,29.9
2023-05-20,Hyderabad,35.237500000000004,44.4,53.229166666666664,65.9,20.0625,80.5,101.70833333333333,159.0,30.3,51,0.1,8.8,43.2
2023-05-21,Hyderabad,30.8125,36.1,47.2875,53.8,15.541666666666666,43.7,108.875,163.0,30.6,49,0.0,6.3,29.5
2023-05-22,Hyderabad,34.416666666666664,62.9,51.775,91.7,21.77916666666667,76.0,109.33333333333333,165.0,29.1,56,15.1,8.9,49.3
2023-05-23,Hyderabad,37.770833333333336,57.7,56.61666666666667,84.5,22.087500000000002,65.1,118.41666666666667,191.0,30.3,47,0.0,5.8,18.7
2023-05-24,Hyderabad,33.12916666666667,48.3,48.99583333333334,70.5,23.2625,56.8,101.04166666666667,163.0,30.3,51,3.4,9.3,37.4
2023-05-25,Hyderabad,26.383333333333336,33.4,39.85,49.4,14.816666666666668,43.1,98.95833333333333,141.0,30.3,52,1.0,11.5,44.3
2023-05-26,Hyderabad,16.816666666666666,26.9,25.2625,40.2,12.5,35.8,84.08333333333333,127.0,30.4,46,0.0,13.3,39.2
2023-05-27,Hyderabad,19.529166666666665,28.4,30.65416666666667,42.7,14.995833333333335,42.0,85.91666666666667,135.0,30.2,44,0.0,11.4,36.0
2023-05-28,Hyderabad,23.691666666666666,47.6,39.03333333333333,73.8,21.158333333333335,76.7,84.125,136.0,30.7,44,0.0,9.4,34.6
2023-05-29,Hyderabad,39.420833333333334,66.4,62.36666666666667,100.6,35.87916666666667,84.7,91.25,168.0,29.8,52,9.0,7.7,38.5
2023-05-30,Hyderabad,32.5375,44.4,49.550000000000004,65.4,18.695833333333333,65.0,100.04166666666667,152.0,28.3,62,11.0,7.9,45.4
2023-05-31,Hyderabad,30.179166666666664,36.0,45.69583333333333,54.0,22.304166666666664,70.9,98.875,158.0,31.0,50,0.0,9.5,33.8
2023-06-01,Hyderabad,32.90833333333333,56.9,50.15,84.1,23.375,73.5,98.91666666666667,154.0,31.1,43,0.0,9.9,33.1
2023-06-02,Hyderabad,26.47083333333333,47.8,40.020833333333336,70.8,24.400000000000002,63.0,80.58333333333333,144.0,31.5,39,0.0,13.2,40.7
2023-06-03,Hyderabad,23.087500000000002,35.6,35.920833333333334,53.2,21.679166666666664,55.6,76.66666666666667,130.0,31.4,40,0.0,10.8,32.8
2023-06-04,Hyderabad,22.954166666666666,28.5,36.324999999999996,46.2,15.450000000000001,35.2,86.70833333333333,136.0,28.1,63,6.3,11.1,59.8
2023-06-05,Hyderabad,20.866666666666667,28.8,32.725,43.3,12.5875,31.1,86.5,134.0,29.3,57,0.0,11.6,38.5
2023-06-06,Hyderabad,24.816666666666666,27.7,40.275,45.5,12.3125,26.2,89.75,140.0,29.6,56,1.9,13.4,52.2
2023-06-07,Hyderabad,24.020833333333332,31.0,38.541666666666664,47.5,13.154166666666667,40.7,92.79166666666667,151.0,31.2,49,0.1,12.5,38.9
2023-06-08,Hyderabad,19.041666666666668,26.5,30.495833333333334,42.8,13.270833333333334,41.6,84.70833333333333,131.0,31.2,49,0.0,15.4,46.4
2023-06-09,Hyderabad,16.404166666666665,19.7,25.641666666666666,30.0,10.745833333333332,34.8,89.79166666666667,133.0,31.1,51,0.0,17.0,45.7
2023-06-10,Hyderabad,11.266666666666666,15.0,17.204166666666666,23.3,8.475,26.6,75.70833333333333,106.0,31.0,51,0.3,16.1,42.1
2023-06-11,Hyderabad,8.858333333333333,11.2,13.683333333333332,17.9,8.345833333333333,24.9,60.083333333333336,92.0,30.3,55,0.0,14.8,40.3
2023-06-12,Hyderabad,10.825000000000001,12.7,18.591666666666665,23.9,9.733333333333333,28.2,64.16666666666667,93.0,30.6,52,0.0,14.0,41.8
2023-06-13,Hyderabad,11.6,14.8,21.7,31.0,9.308333333333334,26.6,60.041666666666664,94.0,31.1,45,0.0,16.1,43.9
2023-06-14,Hyderabad,12.720833333333333,15.9,23.370833333333334,32.9,9.329166666666667,29.1,62.541666666666664,96.0,31.2,46,0.0,17.2,46.1
2023-06-15,Hyderabad,11.683333333333332,17.2,22.183333333333334,33.5,10.254166666666666,33.6,57.875,96.0,31.1,46,0.0,16.9,43.6
2023-06-16,Hyderabad,12.595833333333333,17.6,23.233333333333334,31.8,10.5625,32.4,60.125,95.0,31.5,42,0.0,15.3,39.6
2023-06-17,Hyderabad,14.0,17.5,27.375,36.8,9.691666666666666,28.9,57.375,94.0,31.4,47,0.0,16.2,47.5
2023-06-18,Hyderabad,16.754166666666666,23.8,33.020833333333336,44.0,10.9625,36.3,61.041666666666664,102.0,31.6,46,0.0,14.3,42.8
2023-06-19,Hyderabad,20.474999999999998,27.9,38.87916666666667,48.2,12.5375,36.8,68.83333333333333,110.0,31.4,48,0.1,11.3,38.9
2023-06-20,Hyderabad,23.425,32.6,41.15833333333333,53.0,16.662499999999998,41.0,71.375,125.0,31.0,51,0.4,10.5,37.1
2023-06-21,Hyderabad,21.766666666666666,27.6,37.00833333333333,44.6,14.5625,34.2,70.625,120.0,29.5,60,9.3,13.2,41.8
2023-06-22,Hyderabad,24.3125,29.4,40.625,48.5,14.508333333333333,35.5,72.79166666666667,115.0,27.7,72,4.7,13.2,37.1
2023-06-23,Hyderabad,23.275000000000002,35.3,36.07083333333333,50.8,22.145833333333332,49.3,47.708333333333336,85.0,27.1,72,11.2,11.6,36.7
2023-06-24,Hyderabad,10.299999999999999,14.3,15.291666666666666,21.4,11.004166666666668,20.2,42.583333333333336,63.0,25.8,81,16.5,12.7,39.2
2023-06-25,Hyderabad,8.633333333333333,15.0,12.845833333333333,22.2,8.995833333333334,20.7,49.666666666666664,73.0,26.5,76,3.9,18.2,44.3
2023-06-26,Hyderabad,9.970833333333333,12.2,15.866666666666667,18.7,9.870833333333334,18.3,41.041666666666664,51.0,25.7,82,3.1,17.5,47.9
2023-06-27,Hyderabad,10.4625,12.4,18.425,25.1,7.441666666666666,11.1,44.333333333333336,60.0,27.0,71,1.0,18.2,52.9
2023-06-28,Hyderabad,6.945833333333333,10.5,11.829166666666666,17.5,6.083333333333333,11.6,53.041666666666664,78.0,27.0,72,1.6,17.3,41.4
2023-06-29,Hyderabad,7.120833333333334,12.4,10.887500000000001,18.9,5.304166666666666,8.8,55.291666666666664,74.0,27.6,67,0.1,18.4,46.4
2023-06-30,Hyderabad,7.4125000000000005,13.9,13.854166666666666,27.4,5.05,9.9,55.583333333333336,79.0,27.7,66,0.3,20.5,52.6
2023-07-01,Hyderabad,7.425,12.7,13.5875,22.9,4.854166666666667,10.3,55.375,78.0,28.5,64,0.3,18.2,49.7
2023-07-02,Hyderabad,8.341666666666667,14.5,14.041666666666666,23.3,6.266666666666667,17.5,50.0,75.0,28.2,67,0.8,16.4,45.4
2023-07-03,Hyderabad,8.275,16.4,13.262500000000001,24.8,7.470833333333334,23.9,50.541666666666664,77.0,27.7,72,1.9,14.4,45.7
2023-07-04,Hyderabad,8.304166666666667,15.5,12.141666666666666,22.5,8.504166666666666,21.2,53.166666666666664,87.0,28.3,69,0.2,12.7,39.2
2023-07-05,Hyderabad,9.658333333333333,20.3,14.583333333333334,30.9,9.991666666666667,23.6,51.291666666666664,76.0,26.6,77,3.3,13.7,35.6
2023-07-06,Hyderabad,4.908333333333333,8.3,7.091666666666666,12.0,6.3,8.3,50.0,66.0,24.9,85,10.9,17.7,42.5
2023-07-07,Hyderabad,5.55,9.3,8.683333333333334,15.5,5.4375,8.9,51.333333333333336,71.0,26.3,74,2.9,20.8,53.6
2023-07-08,Hyderabad,6.25,11.5,10.183333333333334,18.8,6.329166666666667,9.9,50.083333333333336,73.0,26.3,75,0.8,19.0,47.5
2023-07-09,Hyderabad,7.629166666666666,11.9,13.420833333333334,22.2,6.929166666666667,11.2,48.333333333333336,73.0,26.8,74,1.2,16.3,43.9
2023-07-10,Hyderabad,10.916666666666666,13.6,26.55,44.7,6.695833333333333,14.3,51.375,76.0,27.0,69,0.1,15.0,42.8
2023-07-11,Hyderabad,10.579166666666667,13.6,21.7625,30.0,8.758333333333333,19.9,40.958333333333336,62.0,26.2,71,0.0,13.9,40.3
2023-07-12,Hyderabad,13.395833333333334,18.6,30.879166666666666,44.7,7.0375000000000005,15.0,51.5,81.0,26.5,72,1.8,12.9,40.7
2023-07-13,Hyderabad,10.870833333333332,19.2,22.420833333333334,35.0,7.383333333333333,22.6,53.833333333333336,78.0,27.0,73,0.7,12.1,33.5
2023-07-14,Hyderabad,8.733333333333333,14.2,13.904166666666667,22.4,6.9125000000000005,14.9,51.458333333333336,71.0,26.7,76,1.4,13.9,34.2
2023-07-15,Hyderabad,8.5875,14.2,17.875,29.7,5.695833333333333,11.0,46.875,64.0,26.6,72,0.9,17.4,44.3
2023-07-16,Hyderabad,8.545833333333333,11.1,14.233333333333334,18.5,6.833333333333333,10.3,40.166666666666664,58.0,25.1,82,7.0,15.9,38.2
2023-07-17,Hyderabad,6.279166666666666,9.3,10.1,15.2,6.4750000000000005,8.2,40.458333333333336,55.0,24.9,82,6.4,20.2,51.1
2023-07-18,Hyderabad,3.5625,5.5,5.183333333333334,8.0,6.266666666666667,8.3,36.333333333333336,42.0,23.7,88,29.1,23.8,52.9
2023-07-19,Hyderabad,3.0541666666666667,5.6,4.3374999999999995,7.8,5.575,7.1,39.041666666666664,47.0,23.7,88,28.8,26.5,61.9
2023-07-20,Hyderabad,3.6916666666666664,6.4,5.295833333333333,9.1,5.4624999999999995,7.3,39.583333333333336,49.0,23.1,92,28.9,24.5,50.4
2023-07-21,Hyderabad,4.2,7.5,6.154166666666666,10.7,5.941666666666666,9.5,42.333333333333336,55.0,24.4,86,17.8,24.3,61.6
2023-07-22,Hyderabad,7.325,16.5,11.1,26.9,5.320833333333334,8.2,50.75,79.0,24.8,84,4.0,22.1,54.7
2023-07-23,Hyderabad,3.7583333333333333,5.4,5.358333333333333,7.7,5.8,8.5,38.375,58.0,24.7,85,17.4,19.7,44.3
2023-07-24,Hyderabad,4.5249999999999995,9.9,6.616666666666667,14.8,6.2749999999999995,9.5,39.0,50.0,24.6,87,9.9,19.2,49.7
2023-07-25,Hyderabad,3.7541666666666664,7.1,5.5375000000000005,10.2,5.745833333333334,8.4,38.541666666666664,48.0,24.3,87,16.1,22.4,57.6
2023-07-26,Hyderabad,3.6625,6.4,5.233333333333333,9.1,6.6625000000000005,9.1,41.416666666666664,50.0,24.1,87,23.8,22.8,49.7
2023-07-27,Hyderabad,3.170833333333333,5.5,4.4125000000000005,7.7,5.970833333333334,8.9,36.0,43.0,23.1,90,82.7,26.5,56.2
2023-07-28,Hyderabad,5.283333333333333,11.0,8.166666666666666,16.8,4.620833333333334,7.6,46.375,63.0,25.3,79,0.8,24.9,61.6
2023-07-29,Hyderabad,7.466666666666666,11.4,13.879166666666668,29.8,5.333333333333333,9.3,45.875,63.0,25.7,78,0.8,21.7,54.7
2023-07-30,Hyderabad,8.079166666666667,11.8,14.679166666666667,22.5,5.6125,9.1,42.125,58.0,25.8,77,2.9,20.8,51.8
2023-07-31,Hyderabad,6.95,9.0,12.129166666666668,15.8,5.6000000000000005,8.9,43.666666666666664,66.0,25.6,79,1.1,19.6,46.1
2023-08-01,Hyderabad,6.325,11.5,12.833333333333334,23.7,4.7625,7.1,46.958333333333336,62.0,25.9,78,1.6,22.4,54.0
2023-08-02,Hyderabad,6.7375,10.8,12.416666666666666,19.2,5.266666666666667,7.2,43.458333333333336,56.0,25.8,75,0.2,23.3,55.8
2023-08-03,Hyderabad,6.55,9.6,12.5375,19.7,4.925,7.4,45.958333333333336,61.0,25.7,75,0.7,23.1,59.4
2023-08-04,Hyderabad,7.383333333333333,12.0,15.291666666666666,24.9,5.020833333333333,9.3,48.708333333333336,70.0,26.0,76,1.7,18.5,51.5
2023-08-05,Hyderabad,9.641666666666667,13.6,19.495833333333334,25.4,5.958333333333333,12.9,48.041666666666664,71.0,26.3,74,0.4,18.0,48.6
2023-08-06,Hyderabad,10.408333333333333,16.2,20.604166666666668,30.2,5.3125,8.4,51.125,73.0,26.3,73,0.4,18.7,47.9
2023-08-07,Hyderabad,11.491666666666667,16.2,22.916666666666668,29.5,5.8875,11.8,49.125,71.0,26.1,72,0.3,17.9,49.0
2023-08-08,Hyderabad,11.887500000000001,16.8,24.287499999999998,29.2,7.629166666666666,20.2,46.208333333333336,70.0,26.1,72,0.0,14.4,41.4
2023-08-09,Hyderabad,13.4375,20.3,28.05,35.9,8.745833333333334,21.4,47.833333333333336,77.0,26.4,76,0.4,11.8,37.1
2023-08-10,Hyderabad,18.645833333333332,23.1,41.49166666666667,69.2,9.120833333333334,22.5,52.0,77.0,26.6,75,0.7,10.5,34.9
2023-08-11,Hyderabad,19.320833333333333,27.5,40.454166666666666,48.0,10.295833333333333,28.3,59.208333333333336,96.0,26.8,74,0.3,9.3,30.2
2023-08-12,Hyderabad,21.741666666666664,26.5,46.15833333333333,64.3,9.791666666666666,21.8,56.75,98.0,26.8,70,0.1,11.6,36.4
2023-08-13,Hyderabad,14.525,19.1,33.237500000000004,44.7,8.358333333333333,19.9,51.0,76.0,26.8,68,0.0,12.9,35.6
2023-08-14,Hyderabad,14.700000000000001,22.1,33.75416666666667,46.6,9.4125,23.1,45.833333333333336,71.0,26.7,70,0.1,11.2,34.6
2023-08-15,Hyderabad,17.2,23.3,37.875,49.7,8.983333333333333,22.0,52.5,82.0,26.2,72,3.8,11.3,33.5
2023-08-16,Hyderabad,17.8875,25.3,38.55833333333333,47.8,9.358333333333333,25.1,53.958333333333336,78.0,26.1,72,3.8,12.3,36.0
2023-08-17,Hyderabad,20.858333333333334,23.9,42.24166666666667,51.0,9.895833333333334,20.5,55.125,86.0,26.3,71,0.9,13.2,38.2
2023-08-18,Hyderabad,18.754166666666666,26.7,38.56666666666667,52.4,8.625,13.6,48.25,62.0,25.1,76,3.3,15.4,42.1
2023-08-19,Hyderabad,16.825,23.2,31.183333333333334,40.6,8.195833333333333,11.2,44.958333333333336,60.0,24.2,85,5.2,18.1,49.3
2023-08-20,Hyderabad,15.5875,25.0,27.1375,39.1,8.775,26.9,58.5,101.0,25.4,80,1.4,14.2,39.2
2023-08-21,Hyderabad,18.575,25.8,36.78333333333333,44.0,11.0875,29.2,55.583333333333336,88.0,26.0,75,0.0,11.5,35.3
2023-08-22,Hyderabad,19.787499999999998,27.0,36.5875,44.5,13.304166666666667,29.5,55.125,96.0,26.0,78,2.0,9.1,32.0
2023-08-23,Hyderabad,14.112499999999999,19.8,24.224999999999998,35.0,10.716666666666667,25.2,52.625,76.0,26.6,74,0.0,10.4,33.5
2023-08-24,Hyderabad,13.275,20.4,26.587500000000002,36.0,10.4625,22.2,43.166666666666664,69.0,26.8,67,0.3,12.2,34.9
2023-08-25,Hyderabad,9.370833333333334,15.4,15.641666666666666,27.6,7.766666666666667,21.3,42.625,70.0,26.9,72,4.4,13.6,34.2
2023-08-26,Hyderabad,8.929166666666667,17.2,14.183333333333332,27.2,9.604166666666666,24.9,38.5,58.0,26.3,77,0.7,13.1,35.6
2023-08-27,Hyderabad,10.870833333333332,16.7,18.045833333333334,25.8,10.158333333333333,24.4,42.333333333333336,71.0,26.9,72,0.0,12.9,37.8
2023-08-28,Hyderabad,12.220833333333333,19.4,21.795833333333334,32.7,9.979166666666666,23.6,41.958333333333336,71.0,26.3,73,0.6,13.8,41.0
2023-08-29,Hyderabad,17.320833333333333,34.0,33.0,57.6,12.112499999999999,39.5,56.416666666666664,102.0,25.9,78,0.5,10.0,32.0
2023-08-30,Hyderabad,30.5125,42.5,65.875,81.7,18.295833333333334,41.1,62.458333333333336,114.0,26.4,72,0.1,8.9,30.2
2023-08-31,Hyderabad,38.775,57.5,82.03333333333333,114.3,17.4875,55.9,71.20833333333333,122.0,27.0,69,0.0,9.0,31.7
2023-09-01,Hyderabad,49.46666666666667,64.3,85.19583333333334,102.7,25.912499999999998,56.1,72.70833333333333,152.0,26.7,76,8.9,6.5,26.3
2023-09-02,Hyderabad,51.24166666666667,65.4,81.77916666666667,107.1,22.566666666666666,38.9,58.541666666666664,112.0,26.5,80,23.3,8.6,35.6
2023-09-03,Hyderabad,31.34166666666667,44.2,45.67916666666667,65.9,10.170833333333333,22.7,75.08333333333333,97.0,24.8,89,27.9,11.0,35.3
2023-09-04,Hyderabad,26.541666666666668,34.9,37.833333333333336,50.5,8.683333333333334,13.9,74.08333333333333,85.0,23.5,94,30.0,14.8,34.6
2023-09-05,Hyderabad,24.77916666666667,31.8,35.99583333333333,46.4,8.370833333333334,11.6,67.66666666666667,73.0,23.5,91,27.0,17.2,40.0
2023-09-06,Hyderabad,27.820833333333336,34.9,45.125,57.4,8.424999999999999,13.0,70.20833333333333,91.0,25.0,84,9.7,16.0,44.3
2023-09-07,Hyderabad,20.587500000000002,32.1,32.987500000000004,52.2,6.1499999999999995,10.2,61.083333333333336,92.0,25.3,81,1.7,18.2,48.6
2023-09-08,Hyderabad,7.766666666666667,11.9,11.716666666666667,18.0,4.841666666666667,6.7,53.916666666666664,73.0,25.3,80,8.5,20.1,49.7
2023-09-09,Hyderabad,9.683333333333334,21.7,14.487499999999999,32.1,6.425,13.8,59.916666666666664,83.0,25.4,82,3.3,18.0,47.2
2023-09-10,Hyderabad,10.85,16.5,17.083333333333332,23.6,6.420833333333333,12.4,60.416666666666664,79.0,25.2,85,14.1,15.8,46.1
2023-09-11,Hyderabad,14.545833333333334,21.3,24.125,34.1,6.3374999999999995,11.2,57.833333333333336,83.0,25.9,79,0.0,14.5,40.7
2023-09-12,Hyderabad,13.879166666666668,19.1,22.55,30.0,7.3,17.2,58.916666666666664,82.0,25.7,79,0.2,15.1,42.8
2023-09-13,Hyderabad,15.758333333333333,20.6,26.441666666666666,34.7,8.0625,16.8,58.833333333333336,88.0,25.8,75,0.2,13.7,38.9
2023-09-14,Hyderabad,13.945833333333333,17.8,23.920833333333334,29.2,7.716666666666666,14.6,53.416666666666664,80.0,25.6,77,0.1,14.5,38.2
2023-09-15,Hyderabad,11.5375,17.4,21.479166666666668,30.0,7.333333333333333,17.6,51.25,74.0,26.1,71,0.1,14.9,41.4
2023-09-16,Hyderabad,8.445833333333333,14.3,14.204166666666666,23.4,6.933333333333334,15.5,46.291666666666664,71.0,26.0,76,1.1,14.9,43.2
2023-09-17,Hyderabad,12.225,29.6,21.804166666666664,49.0,10.133333333333333,28.5,41.375,73.0,25.9,76,0.1,12.6,40.0
2023-09-18,Hyderabad,11.570833333333333,21.0,20.475,37.0,9.637500000000001,23.8,46.083333333333336,76.0,26.5,73,0.7,11.9,33.1
2023-09-19,Hyderabad,10.491666666666667,18.9,17.895833333333332,28.5,9.225,24.0,45.333333333333336,74.0,26.7,73,0.0,11.9,35.3
2023-09-20,Hyderabad,11.220833333333333,22.6,18.733333333333334,37.6,9.85,22.3,43.916666666666664,68.0,26.6,75,3.2,11.9,37.8
2023-09-21,Hyderabad,11.666666666666666,17.5,18.325,26.5,10.658333333333333,24.1,45.041666666666664,67.0,25.6,84,3.8,8.6,27.7
2023-09-22,Hyderabad,13.487499999999999,27.2,19.529166666666665,39.1,11.308333333333332,26.1,50.25,86.0,25.1,86,1.9,8.2,28.1
2023-09-23,Hyderabad,20.2625,46.0,29.308333333333334,65.9,15.387500000000001,44.9,52.291666666666664,94.0,25.4,85,8.2,8.8,29.5
2023-09-24,Hyderabad,11.583333333333334,32.8,16.525000000000002,46.8,10.666666666666666,32.5,55.208333333333336,94.0,24.9,87,3.1,11.0,31.0
2023-09-25,Hyderabad,13.116666666666667,24.3,18.679166666666667,34.6,9.2875,18.0,58.833333333333336,94.0,24.8,86,3.3,10.7,31.0
2023-09-26,Hyderabad,19.566666666666666,36.7,28.03333333333333,52.4,13.279166666666667,36.7,65.16666666666667,113.0,25.4,84,7.7,6.3,20.2
2023-09-27,Hyderabad,17.929166666666667,29.0,25.558333333333334,41.2,13.375,31.1,70.91666666666667,126.0,25.6,87,5.7,4.3,19.4
2023-09-28,Hyderabad,20.316666666666666,32.4,28.941666666666666,46.2,17.466666666666665,42.8,68.29166666666667,141.0,25.6,86,17.0,6.6,24.5
2023-09-29,Hyderabad,13.8125,26.4,19.883333333333333,38.1,14.758333333333333,33.9,54.0,95.0,25.4,86,30.9,7.2,25.9
2023-09-30,Hyderabad,11.9,28.8,17.233333333333334,41.3,11.604166666666666,37.0,57.791666666666664,92.0,25.5,83,1.9,9.5,29.2
2023-10-01,Hyderabad,9.316666666666666,17.4,13.191666666666668,24.9,7.4750000000000005,13.0,73.375,106.0,25.6,82,6.9,10.5,34.6
2023-10-02,Hyderabad,23.75,36.3,36.975,57.9,10.466666666666667,22.5,87.16666666666667,139.0,26.2,79,0.8,11.6,32.4
2023-10-03,Hyderabad,32.22083333333333,38.4,52.34166666666667,60.1,11.0375,26.9,91.04166666666667,146.0,27.0,73,0.0,11.3,38.9
2023-10-04,Hyderabad,34.15833333333333,41.7,57.99583333333334,66.6,14.704166666666666,37.1,93.25,155.0,26.8,63,0.0,9.5,28.8
2023-10-05,Hyderabad,31.379166666666666,39.8,54.51666666666667,63.3,15.466666666666667,39.7,91.91666666666667,159.0,25.7,60,0.0,9.3,28.4
2023-10-06,Hyderabad,32.233333333333334,44.5,54.800000000000004,69.4,18.787499999999998,56.0,88.08333333333333,158.0,25.3,63,0.0,10.2,35.3
2023-10-07,Hyderabad,34.449999999999996,54.9,57.675000000000004,84.3,24.7,73.5,83.41666666666667,158.0,25.8,61,0.0,9.5,31.7
2023-10-08,Hyderabad,39.199999999999996,64.0,65.60833333333333,102.2,32.104166666666664,77.4,76.75,161.0,26.0,63,0.0,7.0,23.0
2023-10-09,Hyderabad,47.35,62.6,79.42916666666666,102.7,36.97083333333334,73.9,80.0,167.0,26.6,66,0.0,6.7,24.8
2023-10-10,Hyderabad,42.604166666666664,58.8,70.77916666666667,94.1,23.8875,69.9,93.33333333333333,158.0,25.9,72,24.6,6.8,23.0
2023-10-11,Hyderabad,38.975,51.7,64.19166666666666,83.8,17.779166666666665,44.3,90.54166666666667,139.0,26.6,65,0.0,7.0,25.9
2023-10-12,Hyderabad,42.425,56.8,70.02916666666667,93.8,17.604166666666668,31.2,89.79166666666667,140.0,26.7,59,0.0,8.6,27.0
2023-10-13,Hyderabad,49.67083333333333,67.3,84.5,114.1,20.275000000000002,46.7,87.66666666666667,137.0,26.6,60,0.0,7.0,25.9
2023-10-14,Hyderabad,52.550000000000004,73.1,88.6375,123.9,22.1875,46.4,86.08333333333333,142.0,26.9,60,0.0,7.0,26.3
2023-10-15,Hyderabad,50.887499999999996,65.0,83.03333333333333,102.9,22.958333333333332,44.6,86.16666666666667,147.0,26.7,60,0.0,6.5,21.2
2023-10-16,Hyderabad,53.72083333333333,65.0,87.75,105.2,19.695833333333333,41.4,86.91666666666667,145.0,26.6,62,0.8,6.2,24.1
2023-10-17,Hyderabad,47.05416666666667,58.1,77.71666666666667,95.7,16.720833333333335,43.7,89.625,146.0,26.4,62,0.2,6.6,22.0
2023-10-18,Hyderabad,48.8125,65.0,78.62916666666666,102.4,28.366666666666664,63.9,88.58333333333333,166.0,26.1,62,0.1,6.8,27.4
2023-10-19,Hyderabad,50.78333333333333,69.8,81.31666666666666,108.7,24.333333333333332,56.1,93.5,162.0,26.3,61,0.0,8.4,29.9
2023-10-20,Hyderabad,51.63333333333333,64.5,83.34166666666667,102.0,16.445833333333333,31.6,98.83333333333333,158.0,26.4,59,0.0,9.1,24.1
2023-10-21,Hyderabad,54.37083333333334,71.0,87.22500000000001,112.9,14.816666666666668,33.2,95.75,150.0,25.7,62,0.0,8.7,25.9
2023-10-22,Hyderabad,40.94166666666667,68.2,69.0625,109.2,15.570833333333333,35.4,99.0,154.0,25.2,49,0.0,10.3,34.9
2023-10-23,Hyderabad,37.30833333333333,50.4,64.8,84.3,17.229166666666668,38.4,97.33333333333333,163.0,24.3,50,0.0,10.0,34.2
2023-10-24,Hyderabad,32.5625,48.4,53.50833333333333,78.5,18.370833333333334,43.0,95.20833333333333,159.0,23.7,52,0.0,10.1,34.2
2023-10-25,Hyderabad,32.545833333333334,45.5,52.729166666666664,71.7,19.654166666666665,41.9,92.29166666666667,158.0,23.9,51,0.0,10.0,31.7
2023-10-26,Hyderabad,37.670833333333334,50.2,64.71666666666667,86.4,19.495833333333334,42.0,92.125,154.0,23.6,49,0.0,10.8,32.8
2023-10-27,Hyderabad,35.50416666666667,49.2,58.62083333333334,81.7,21.287499999999998,43.5,95.5,158.0,23.9,44,0.0,10.7,34.9
2023-10-28,Hyderabad,38.56666666666667,46.8,60.4125,72.4,18.6125,36.9,103.125,166.0,24.4,56,0.1,6.4,26.6
2023-10-29,Hyderabad,38.18333333333333,48.8,58.300000000000004,75.7,11.179166666666667,18.1,107.04166666666667,165.0,25.1,74,1.8,7.0,25.6
2023-10-30,Hyderabad,44.987500000000004,58.0,69.13333333333334,88.2,12.608333333333334,30.7,107.79166666666667,165.0,24.5,77,0.3,5.6,24.8
2023-10-31,Hyderabad,39.108333333333334,59.4,61.387499999999996,93.6,10.483333333333333,22.9,108.54166666666667,163.0,24.8,70,0.0,7.4,25.2
2023-11-01,Hyderabad,49.63333333333333,69.4,78.03333333333333,106.9,11.408333333333333,30.0,108.0,155.0,24.8,68,0.0,6.4,21.6
2023-11-02,Hyderabad,33.18333333333333,69.2,50.645833333333336,106.4,13.808333333333332,29.4,83.5,131.0,24.5,75,4.5,6.8,30.2
2023-11-03,Hyderabad,19.529166666666665,27.3,28.770833333333332,39.9,14.454166666666666,34.4,75.54166666666667,123.0,24.7,81,1.9,6.3,26.3
2023-11-04,Hyderabad,24.245833333333334,50.9,35.94583333333333,76.8,7.758333333333334,14.8,90.29166666666667,134.0,25.0,77,1.7,7.7,27.4
2023-11-05,Hyderabad,36.82083333333333,47.5,55.04583333333333,69.2,11.833333333333334,24.0,97.79166666666667,144.0,25.0,74,0.0,8.2,25.6
2023-11-06,Hyderabad,9.641666666666667,19.7,14.020833333333334,28.9,8.6875,21.9,55.541666666666664,78.0,24.5,82,6.5,9.2,31.0
2023-11-07,Hyderabad,14.004166666666668,21.5,20.6,31.1,13.012500000000001,23.8,53.958333333333336,91.0,24.0,83,8.3,7.7,30.6
2023-11-08,Hyderabad,13.7875,19.2,20.145833333333332,27.9,8.7125,18.2,72.25,104.0,24.1,86,9.0,6.7,24.1
2023-11-09,Hyderabad,27.97083333333333,45.6,42.59583333333333,70.3,14.670833333333334,34.2,79.41666666666667,133.0,24.3,75,0.0,6.3,26.3
2023-11-10,Hyderabad,42.30416666666667,49.6,68.05416666666666,78.2,15.766666666666666,32.5,94.875,153.0,24.5,69,0.0,7.9,25.6
2023-11-11,Hyderabad,48.3125,62.2,79.94583333333334,100.8,16.370833333333334,38.6,105.83333333333333,160.0,24.2,65,0.0,6.9,24.5
2023-11-12,Hyderabad,54.225,79.9,90.27499999999999,129.0,20.1875,34.5,103.45833333333333,171.0,24.8,64,0.0,7.0,26.6
2023-11-13,Hyderabad,55.34583333333333,68.9,93.03333333333335,112.9,18.579166666666666,32.0,101.375,162.0,24.4,64,0.0,6.7,23.8
2023-11-14,Hyderabad,66.5125,75.0,112.74583333333334,127.1,18.0,38.1,94.41666666666667,153.0,24.2,68,0.0,6.3,21.6
2023-11-15,Hyderabad,74.30416666666666,85.2,124.67083333333333,141.6,17.591666666666665,28.7,97.91666666666667,164.0,23.8,64,0.0,7.8,23.4
2023-11-16,Hyderabad,65.2,81.0,107.91666666666667,135.0,16.058333333333334,37.4,110.95833333333333,184.0,23.6,59,0.0,8.3,25.2
2023-11-17,Hyderabad,49.425000000000004,69.6,77.79583333333333,110.8,16.991666666666667,39.4,101.70833333333333,166.0,23.6,64,0.0,6.5,17.6
2023-11-18,Hyderabad,41.020833333333336,65.0,62.75833333333333,98.7,15.008333333333333,26.9,102.54166666666667,160.0,24.0,70,0.0,7.7,25.9
2023-11-19,Hyderabad,26.004166666666666,34.2,38.604166666666664,50.3,9.841666666666667,18.9,89.66666666666667,125.0,24.0,70,0.0,8.7,29.5
2023-11-20,Hyderabad,29.825,45.6,43.5625,66.1,14.691666666666668,28.2,91.375,141.0,24.0,64,0.0,7.8,25.2
2023-11-21,Hyderabad,20.0,33.8,29.462500000000002,49.4,11.308333333333332,22.7,69.41666666666667,108.0,24.2,74,0.9,8.8,27.7
2023-11-22,Hyderabad,12.258333333333333,16.5,18.733333333333334,25.9,8.487499999999999,18.4,66.25,94.0,24.2,79,0.9,7.8,27.4
2023-11-23,Hyderabad,12.470833333333333,19.0,18.966666666666665,29.3,7.108333333333333,12.0,68.79166666666667,99.0,23.3,86,1.2,9.6,33.8
2023-11-24,Hyderabad,7.441666666666666,18.0,11.066666666666668,27.2,6.654166666666666,12.8,67.66666666666667,84.0,23.0,86,7.2,11.1,34.2
2023-11-25,Hyderabad,35.88333333333333,48.0,56.012499999999996,74.0,9.049999999999999,22.1,92.125,117.0,23.6,78,0.0,10.5,34.6
2023-11-26,Hyderabad,41.5375,62.4,64.20416666666667,99.9,6.991666666666667,12.9,105.20833333333333,118.0,23.9,77,0.2,11.9,33.5
2023-11-27,Hyderabad,38.137499999999996,62.6,61.104166666666664,101.7,6.0625,12.7,106.29166666666667,133.0,23.9,72,0.0,10.6,30.2
2023-11-28,Hyderabad,18.358333333333334,22.7,29.275000000000002,36.1,7.654166666666666,19.5,77.0,99.0,23.5,78,5.9,9.2,30.6
2023-11-29,Hyderabad,15.129166666666668,19.5,23.96666666666667,30.6,7.25,14.1,77.58333333333333,108.0,23.9,71,0.8,11.2,30.2
2023-11-30,Hyderabad,16.900000000000002,32.8,26.8125,49.8,7.245833333333334,16.3,70.16666666666667,92.0,24.1,73,0.0,11.2,32.0
2023-12-01,Hyderabad,25.587500000000002,31.9,39.454166666666666,49.4,10.700000000000001,26.0,88.58333333333333,123.0,23.4,66,0.0,8.2,31.0
2023-12-02,Hyderabad,31.09583333333333,44.9,46.55833333333334,67.8,11.174999999999999,23.0,98.45833333333333,153.0,23.7,65,0.0,9.2,31.0
2023-12-03,Hyderabad,19.554166666666667,27.8,30.3,43.2,10.737499999999999,25.8,68.375,97.0,24.5,66,0.0,9.6,33.8
2023-12-04,Hyderabad,14.720833333333333,21.7,22.162499999999998,32.1,11.545833333333334,23.1,51.541666666666664,79.0,23.8,71,1.0,11.4,34.9
2023-12-05,Hyderabad,11.9375,17.3,17.408333333333335,25.3,8.558333333333334,13.3,57.083333333333336,78.0,22.2,86,6.2,17.5,46.4
2023-12-06,Hyderabad,15.191666666666668,27.1,21.958333333333332,39.5,8.8375,18.4,59.5,86.0,22.7,81,3.1,12.4,34.9
2023-12-07,Hyderabad,24.1375,36.3,34.90416666666667,52.5,15.083333333333334,35.9,56.041666666666664,111.0,22.3,82,0.0,6.0,27.0
2023-12-08,Hyderabad,27.474999999999998,41.9,39.766666666666666,60.1,16.6125,29.3,64.45833333333333,131.0,22.2,75,0.0,6.0,20.9
2023-12-09,Hyderabad,24.8125,36.6,35.75,52.5,13.495833333333332,28.9,84.08333333333333,135.0,22.7,70,0.0,7.0,22.0
2023-12-10,Hyderabad,25.229166666666668,35.6,36.420833333333334,51.3,15.070833333333333,35.0,84.45833333333333,134.0,22.1,63,0.0,7.6,24.8
2023-12-11,Hyderabad,30.629166666666666,44.2,44.31666666666666,63.8,15.766666666666666,38.0,85.70833333333333,140.0,21.5,63,0.0,6.8,23.8
2023-12-12,Hyderabad,30.400000000000002,41.8,44.34166666666667,60.3,14.429166666666667,31.6,90.33333333333333,146.0,21.2,64,0.0,7.8,23.4
2023-12-13,Hyderabad,31.416666666666668,48.0,51.42083333333333,76.1,13.191666666666668,28.6,102.125,152.0,21.2,66,0.0,7.9,25.6
2023-12-14,Hyderabad,30.804166666666664,48.5,56.5375,92.0,15.608333333333334,26.4,95.04166666666667,141.0,20.7,67,0.0,7.6,27.4
2023-12-15,Hyderabad,37.141666666666666,51.2,54.675000000000004,75.9,14.783333333333333,32.7,90.83333333333333,136.0,21.3,68,0.0,7.1,24.8
2023-12-16,Hyderabad,48.69583333333333,59.4,72.67083333333333,87.8,11.820833333333333,20.1,92.70833333333333,131.0,22.1,75,0.0,5.2,20.5
2023-12-17,Hyderabad,44.262499999999996,52.4,66.04583333333333,77.5,8.420833333333333,13.1,100.20833333333333,129.0,22.5,64,0.0,8.4,32.8
2023-12-18,Hyderabad,51.699999999999996,58.7,78.1125,88.2,10.245833333333334,22.5,97.29166666666667,141.0,21.6,58,0.0,9.0,30.6
2023-12-19,Hyderabad,48.94166666666666,62.2,74.19166666666666,94.5,11.670833333333334,22.3,96.66666666666667,153.0,21.2,58,0.0,9.3,27.4
2023-12-20,Hyderabad,50.42916666666667,61.2,77.96249999999999,93.4,14.491666666666667,32.2,95.04166666666667,156.0,20.5,56,0.0,7.5,24.8
2023-12-21,Hyderabad,56.012499999999996,76.6,86.95,118.0,23.650000000000002,51.3,97.83333333333333,167.0,20.4,56,0.0,7.1,22.7
2023-12-22,Hyderabad,55.416666666666664,75.9,85.84583333333335,115.7,23.804166666666664,40.1,102.91666666666667,185.0,20.5,61,0.0,5.4,19.8
2023-12-23,Hyderabad,60.62916666666666,83.8,95.71666666666665,130.9,14.583333333333334,30.6,116.91666666666667,178.0,21.3,66,0.0,7.1,26.6
2023-12-24,Hyderabad,62.25,72.4,99.41666666666667,113.6,12.870833333333332,23.0,110.66666666666667,160.0,21.2,69,0.0,6.6,26.3
2023-12-25,Hyderabad,63.958333333333336,98.0,101.52916666666665,151.8,15.266666666666667,32.6,116.25,182.0,21.3,74,0.0,6.2,23.4
2023-12-26,Hyderabad,59.69166666666666,74.5,93.61666666666667,116.4,14.508333333333333,29.0,108.45833333333333,159.0,21.6,68,0.0,7.0,22.7
2023-12-27,Hyderabad,57.770833333333336,76.8,89.96666666666665,116.4,11.15,20.5,106.41666666666667,149.0,21.7,67,0.0,7.6,25.9
2023-12-28,Hyderabad,52.2875,78.9,80.58749999999999,118.3,9.933333333333334,18.7,106.875,149.0,21.3,73,0.0,8.4,28.4
2023-12-29,Hyderabad,39.766666666666666,59.0,61.666666666666664,89.4,11.020833333333334,22.8,97.75,138.0,20.7,73,0.0,8.7,27.7
2023-12-30,Hyderabad,38.166666666666664,45.4,59.4625,68.9,11.450000000000001,22.5,99.08333333333333,158.0,21.2,67,0.0,7.1,20.2
2023-12-31,Hyderabad,44.275,53.7,68.46249999999999,82.2,10.670833333333334,19.2,98.58333333333333,148.0,20.8,70,0.0,8.1,23.4
2024-01-01,Hyderabad,49.59166666666667,58.4,77.06666666666666,88.7,8.924999999999999,18.4,101.45833333333333,140.0,21.0,72,0.0,8.0,22.7
2024-01-02,Hyderabad,53.949999999999996,72.6,84.20416666666667,111.1,9.158333333333333,18.0,102.29166666666667,142.0,20.5,74,0.0,8.8,27.4
2024-01-03,Hyderabad,52.237500000000004,59.4,81.5,95.2,6.516666666666667,11.8,110.375,144.0,21.5,70,0.0,10.9,29.9
2024-01-04,Hyderabad,49.6625,59.4,78.70833333333333,96.6,6.9125000000000005,15.6,100.04166666666667,127.0,21.9,70,0.0,12.0,32.4
2024-01-05,Hyderabad,36.475,47.8,57.8125,77.5,7.279166666666666,15.8,96.5,126.0,21.3,68,0.0,11.1,33.5
2024-01-06,Hyderabad,18.783333333333335,27.1,30.204166666666666,45.1,8.120833333333334,20.8,85.0,114.0,21.2,70,0.0,12.0,36.4
2024-01-07,Hyderabad,25.825,28.8,41.30416666666667,48.2,8.270833333333334,17.0,87.58333333333333,121.0,21.0,71,0.0,11.7,35.3
2024-01-08,Hyderabad,27.55,35.7,43.949999999999996,57.6,7.2749999999999995,16.7,94.125,119.0,21.6,66,0.0,12.8,38.2
2024-01-09,Hyderabad,40.108333333333334,55.5,63.0,86.4,8.558333333333334,19.3,97.04166666666667,131.0,22.0,62,0.0,11.1,38.2
2024-01-10,Hyderabad,45.25416666666666,56.2,70.13333333333334,87.1,9.325000000000001,19.9,89.95833333333333,128.0,21.8,69,0.5,7.3,24.8
2024-01-11,Hyderabad,40.704166666666666,53.9,62.512499999999996,82.4,13.245833333333332,28.1,91.04166666666667,139.0,23.2,63,0.0,6.8,25.9
2024-01-12,Hyderabad,44.9375,54.9,69.16250000000001,83.8,12.737499999999999,27.6,95.75,150.0,23.5,65,0.0,7.6,24.5
2024-01-13,Hyderabad,50.854166666666664,64.0,77.7,95.7,17.529166666666665,49.6,90.375,159.0,23.4,69,0.0,6.3,17.3
2024-01-14,Hyderabad,53.38333333333333,73.3,80.05416666666666,109.4,29.991666666666664,79.4,81.08333333333333,165.0,23.6,60,0.0,5.4,19.4
2024-01-15,Hyderabad,52.225,69.2,77.44583333333334,101.0,42.30416666666667,80.2,64.5,157.0,23.5,58,0.0,4.6,18.4
2024-01-16,Hyderabad,46.77916666666667,69.2,70.47500000000001,101.3,20.558333333333334,66.5,78.125,132.0,23.7,63,0.0,7.1,24.5
2024-01-17,Hyderabad,33.641666666666666,39.0,52.05833333333334,60.3,7.454166666666667,19.0,93.0,131.0,23.6,63,0.0,9.4,29.9
2024-01-18,Hyderabad,26.55,46.1,40.449999999999996,68.2,10.579166666666666,32.3,83.41666666666667,125.0,22.8,62,0.0,8.3,24.8
2024-01-19,Hyderabad,24.895833333333332,32.7,38.324999999999996,48.7,11.6875,25.6,79.875,133.0,23.8,60,0.0,7.2,24.1
2024-01-20,Hyderabad,23.370833333333334,33.2,35.77916666666667,49.6,8.283333333333333,27.6,82.45833333333333,116.0,23.5,61,0.0,10.7,31.7
2024-01-21,Hyderabad,25.079166666666666,48.7,38.108333333333334,71.7,12.933333333333332,42.8,78.0,122.0,23.9,60,0.0,6.8,23.4
2024-01-22,Hyderabad,24.7,41.3,37.75416666666667,61.2,12.520833333333334,33.3,75.41666666666667,125.0,24.6,61,0.0,7.4,23.8
2024-01-23,Hyderabad,22.416666666666668,45.1,33.958333333333336,65.9,10.887500000000001,37.8,82.375,132.0,24.7,62,0.0,10.7,36.4
2024-01-24,Hyderabad,29.554166666666664,42.5,44.725,63.6,15.25,43.2,76.70833333333333,132.0,24.4,65,0.0,7.3,29.5
2024-01-25,Hyderabad,55.324999999999996,71.0,84.79166666666667,109.4,12.716666666666667,36.1,95.25,149.0,22.7,70,0.0,6.8,25.9
2024-01-26,Hyderabad,37.520833333333336,58.2,57.87916666666666,90.3,10.950000000000001,30.8,82.66666666666667,123.0,23.1,66,0.0,7.5,24.8
2024-01-27,Hyderabad,39.69583333333333,60.3,60.791666666666664,91.3,12.383333333333333,35.8,85.91666666666667,135.0,22.7,68,0.0,8.2,27.7
2024-01-28,Hyderabad,47.112500000000004,64.5,72.75416666666666,99.9,13.950000000000001,28.7,98.125,152.0,22.4,60,0.0,8.7,25.9
2024-01-29,Hyderabad,40.69166666666667,50.4,62.833333333333336,76.6,9.920833333333333,21.2,103.0,156.0,22.2,64,0.0,8.0,26.3
2024-01-30,Hyderabad,39.829166666666666,49.5,62.79583333333333,78.2,11.108333333333334,31.6,110.83333333333333,163.0,22.5,63,0.0,8.3,23.8
2024-01-31,Hyderabad,26.47083333333333,36.6,41.72083333333333,55.2,11.416666666666666,34.6,95.33333333333333,143.0,23.1,55,0.0,7.9,25.6
2024-02-01,Hyderabad,20.141666666666666,35.0,30.870833333333334,51.8,10.083333333333334,28.1,90.58333333333333,144.0,23.9,57,0.0,9.7,31.7
2024-02-02,Hyderabad,29.25,51.0,43.6875,75.0,20.658333333333335,61.6,73.29166666666667,133.0,24.1,60,0.0,5.8,23.8
2024-02-03,Hyderabad,34.270833333333336,51.1,52.199999999999996,75.4,22.03333333333333,61.6,72.58333333333333,132.0,24.4,67,0.2,9.2,28.8
2024-02-04,Hyderabad,36.645833333333336,44.4,58.208333333333336,68.5,10.674999999999999,21.4,93.08333333333333,142.0,25.2,61,0.0,7.2,27.0
2024-02-05,Hyderabad,31.679166666666664,44.8,51.708333333333336,70.5,9.75,27.5,89.20833333333333,133.0,25.8,59,0.0,6.1,20.5
2024-02-06,Hyderabad,31.195833333333336,55.5,52.36666666666667,86.1,16.125,56.7,77.04166666666667,125.0,26.5,54,0.0,6.2,21.6
2024-02-07,Hyderabad,37.6625,58.4,62.875,90.8,19.075,53.3,86.54166666666667,146.0,26.8,54,0.0,6.0,17.3
2024-02-08,Hyderabad,44.699999999999996,53.6,73.15833333333333,85.4,20.566666666666666,41.5,102.41666666666667,180.0,26.7,52,0.0,6.4,20.2
2024-02-09,Hyderabad,36.81666666666667,46.9,60.35,75.9,10.620833333333334,26.8,98.54166666666667,151.0,25.7,49,0.0,8.3,28.8
2024-02-10,Hyderabad,25.65833333333333,38.2,41.56666666666667,59.3,6.366666666666667,21.0,88.41666666666667,125.0,25.8,62,0.0,12.2,35.6
2024-02-11,Hyderabad,23.400000000000002,30.2,36.25,48.8,6.020833333333333,18.8,84.54166666666667,111.0,25.8,61,0.0,12.4,32.4
2024-02-12,Hyderabad,19.795833333333334,29.3,33.145833333333336,48.0,5.804166666666667,14.4,88.25,114.0,25.0,58,0.0,11.9,32.0
2024-02-13,Hyderabad,10.558333333333334,15.1,17.054166666666667,22.6,6.941666666666666,22.4,76.0,99.0,24.6,54,0.0,11.4,32.8
2024-02-14,Hyderabad,13.204166666666666,18.0,20.279166666666665,27.4,7.283333333333334,17.1,77.0,115.0,25.0,53,0.0,10.2,30.2
2024-02-15,Hyderabad,15.779166666666667,20.3,24.462500000000002,31.1,7.508333333333333,16.6,77.70833333333333,112.0,24.8,49,0.0,10.5,31.7
2024-02-16,Hyderabad,16.233333333333334,19.5,25.183333333333334,30.6,8.7,21.4,84.91666666666667,117.0,24.0,43,0.0,10.4,36.0
2024-02-17,Hyderabad,14.245833333333332,22.5,21.491666666666664,33.9,10.304166666666667,26.2,90.125,125.0,24.6,35,0.0,8.6,25.6
2024-02-18,Hyderabad,14.558333333333332,26.3,22.025000000000002,37.7,11.170833333333334,36.5,84.58333333333333,122.0,25.8,32,0.0,8.6,34.6
2024-02-19,Hyderabad,13.870833333333332,25.8,20.695833333333333,38.3,9.270833333333334,25.7,89.45833333333333,135.0,26.1,37,0.0,8.9,30.6
2024-02-20,Hyderabad,25.541666666666668,53.0,38.30833333333333,76.6,15.379166666666668,55.9,89.875,145.0,26.7,40,0.0,8.4,31.3
2024-02-21,Hyderabad,25.479166666666668,37.8,37.9625,55.3,13.866666666666667,36.3,93.08333333333333,152.0,26.8,39,0.0,9.4,32.4
2024-02-22,Hyderabad,23.0,43.7,37.27916666666667,65.7,21.425,65.1,80.54166666666667,144.0,25.9,39,0.0,7.8,29.2
2024-02-23,Hyderabad,33.762499999999996,55.8,57.612500000000004,88.0,27.858333333333334,67.5,79.75,158.0,25.6,42,0.0,8.1,31.3
2024-02-24,Hyderabad,33.12083333333333,55.6,52.18333333333334,87.1,11.762500000000001,39.6,97.16666666666667,144.0,26.8,59,0.1,9.2,37.4
2024-02-25,Hyderabad,21.34166666666667,25.6,33.479166666666664,40.6,4.820833333333334,9.5,93.29166666666667,134.0,26.3,67,0.4,11.2,34.9
2024-02-26,Hyderabad,17.654166666666665,21.4,28.429166666666664,33.6,4.970833333333333,10.6,75.41666666666667,106.0,26.1,61,0.1,15.4,41.8
2024-02-27,Hyderabad,11.6625,15.3,17.9375,22.2,8.433333333333334,29.9,61.333333333333336,92.0,26.1,56,0.0,11.0,32.8
2024-02-28,Hyderabad,11.495833333333332,17.9,17.520833333333332,26.2,8.8375,25.1,77.33333333333333,121.0,25.6,48,0.0,8.1,27.4
2024-02-29,Hyderabad,22.6375,33.9,34.9375,51.8,9.174999999999999,22.1,90.29166666666667,129.0,26.1,45,0.0,8.9,31.7
2024-03-01,Hyderabad,27.5125,37.0,43.57916666666667,56.2,8.533333333333333,16.1,90.25,126.0,27.1,44,0.0,10.2,31.3
2024-03-02,Hyderabad,19.720833333333335,39.3,31.704166666666666,58.3,11.816666666666668,43.3,79.91666666666667,123.0,28.0,38,0.0,10.3,33.1
2024-03-03,Hyderabad,26.787499999999998,32.9,41.35,52.4,11.387500000000001,33.9,95.58333333333333,145.0,28.0,42,0.0,9.2,32.4
2024-03-04,Hyderabad,27.629166666666666,45.2,43.37916666666666,67.3,16.304166666666667,55.4,89.04166666666667,152.0,27.9,46,0.0,9.1,29.2
2024-03-05,Hyderabad,22.208333333333332,32.9,36.0,49.4,13.158333333333333,35.6,76.70833333333333,125.0,27.8,43,0.0,7.2,38.2
2024-03-06,Hyderabad,26.333333333333332,42.4,41.512499999999996,63.6,13.395833333333334,42.1,86.375,137.0,29.3,42,0.0,9.0,32.0
2024-03-07,Hyderabad,26.22083333333333,35.3,39.795833333333334,52.0,13.491666666666667,45.4,95.45833333333333,156.0,28.9,41,0.0,7.8,27.0
2024-03-08,Hyderabad,29.28333333333333,46.4,44.44166666666666,69.2,16.783333333333335,34.5,104.83333333333333,175.0,28.5,45,0.0,8.5,36.4
2024-03-09,Hyderabad,31.141666666666666,38.2,48.762499999999996,58.1,12.083333333333334,23.4,102.125,161.0,29.3,46,0.0,6.4,24.8
2024-03-10,Hyderabad,24.508333333333336,30.0,39.0875,46.7,6.533333333333334,14.2,79.83333333333333,109.0,28.3,53,0.2,10.2,35.3
2024-03-11,Hyderabad,33.295833333333334,45.9,53.84583333333333,72.2,9.804166666666667,35.9,78.29166666666667,119.0,28.5,46,0.0,7.9,33.8
2024-03-12,Hyderabad,40.016666666666666,65.2,64.07916666666667,99.7,15.395833333333334,52.6,93.08333333333333,149.0,29.7,45,0.0,7.4,29.5
2024-03-13,Hyderabad,44.13333333333333,61.5,70.45,94.8,15.387500000000001,42.4,103.16666666666667,164.0,31.0,37,0.0,11.2,35.6
2024-03-14,Hyderabad,42.762499999999996,61.9,69.55,99.9,16.883333333333333,53.7,105.58333333333333,174.0,29.4,49,0.0,6.4,23.8
2024-03-15,Hyderabad,43.44583333333333,65.9,73.52083333333333,106.4,12.479166666666666,40.9,96.875,146.0,29.6,43,0.0,10.4,38.5
2024-03-16,Hyderabad,28.525000000000002,51.8,46.6625,82.2,10.158333333333333,37.3,91.91666666666667,141.0,28.5,58,0.4,11.0,40.7
2024-03-17,Hyderabad,22.295833333333334,31.9,36.362500000000004,51.1,7.7625,25.6,82.20833333333333,119.0,27.5,64,5.7,11.0,34.9
2024-03-18,Hyderabad,28.150000000000002,69.6,45.166666666666664,107.1,15.233333333333334,57.3,80.625,144.0,27.7,55,0.9,8.2,32.8
2024-03-19,Hyderabad,28.541666666666668,45.9,46.145833333333336,71.0,12.5,44.0,87.95833333333333,136.0,28.5,47,0.2,10.5,33.5
2024-03-20,Hyderabad,37.84166666666667,43.7,61.387499999999996,68.7,8.116666666666667,17.4,89.54166666666667,147.0,26.1,57,0.2,12.5,33.5
2024-03-21,Hyderabad,25.474999999999998,43.1,40.92916666666667,68.5,8.754166666666666,30.1,91.0,138.0,26.5,52,0.0,10.4,29.9
2024-03-22,Hyderabad,20.5125,26.5,32.97083333333333,39.9,10.329166666666667,33.4,100.79166666666667,160.0,27.6,44,0.0,6.2,24.1
2024-03-23,Hyderabad,20.516666666666666,28.3,32.74166666666667,44.1,8.720833333333333,23.2,104.91666666666667,158.0,29.1,40,0.0,7.3,24.8
2024-03-24,Hyderabad,23.729166666666668,28.8,39.083333333333336,46.8,6.783333333333334,12.4,108.58333333333333,147.0,29.6,42,0.0,9.7,31.0
2024-03-25,Hyderabad,25.979166666666668,35.3,43.65,56.6,7.8500000000000005,17.4,100.83333333333333,137.0,28.9,42,0.0,7.7,25.6
2024-03-26,Hyderabad,21.420833333333334,27.8,34.72083333333333,44.2,6.5874999999999995,11.6,109.95833333333333,151.0,29.7,37,0.0,9.5,33.1
2024-03-27,Hyderabad,16.454166666666666,26.1,27.233333333333334,41.3,7.770833333333333,17.3,96.16666666666667,136.0,29.5,32,0.0,9.6,26.6
2024-03-28,Hyderabad,20.666666666666668,35.5,34.137499999999996,56.6,9.170833333333333,24.0,97.66666666666667,152.0,30.0,41,0.0,8.8,32.8
2024-03-29,Hyderabad,29.545833333333334,35.0,48.32083333333333,56.1,8.895833333333334,16.0,109.16666666666667,158.0,30.8,37,0.0,10.5,30.6
2024-03-30,Hyderabad,24.425,28.5,41.208333333333336,48.1,6.779166666666666,15.1,108.5,153.0,30.3,38,0.0,9.6,27.4
2024-03-31,Hyderabad,24.650000000000002,33.1,40.74166666666667,53.4,9.2875,23.1,105.875,149.0,29.9,37,0.0,7.2,27.0
2024-04-01,Hyderabad,28.758333333333336,56.6,47.604166666666664,87.5,16.304166666666667,62.4,100.20833333333333,149.0,31.0,36,0.0,8.1,31.0
2024-04-02,Hyderabad,29.316666666666666,47.3,47.49166666666667,75.0,13.3125,42.9,102.5,155.0,30.9,41,0.0,6.7,24.1
2024-04-03,Hyderabad,27.333333333333332,36.4,44.083333333333336,57.7,9.262500000000001,20.5,100.25,143.0,31.4,39,0.0,8.4,29.9
2024-04-04,Hyderabad,22.941666666666666,33.3,36.5,51.2,11.229166666666666,34.6,94.04166666666667,145.0,31.4,41,0.0,8.2,32.0
2024-04-05,Hyderabad,26.09166666666667,52.9,40.391666666666666,79.6,16.720833333333335,48.0,92.20833333333333,153.0,32.1,35,0.0,7.0,24.1
2024-04-06,Hyderabad,31.545833333333334,47.4,50.362500000000004,72.9,16.258333333333333,44.2,94.66666666666667,157.0,32.2,31,0.0,9.0,24.8
2024-04-07,Hyderabad,33.795833333333334,46.0,54.30833333333334,71.2,11.766666666666666,38.1,103.95833333333333,152.0,32.3,31,0.0,10.9,34.2
2024-04-08,Hyderabad,25.412499999999998,34.3,40.125,53.3,6.858333333333333,19.7,104.125,150.0,31.1,39,0.0,15.7,40.7
2024-04-09,Hyderabad,21.870833333333334,28.6,35.579166666666666,48.2,4.8374999999999995,10.9,72.625,110.0,29.4,58,0.0,14.7,38.5
2024-04-10,Hyderabad,25.683333333333334,30.7,42.87916666666666,51.8,5.554166666666667,11.3,90.75,122.0,30.1,45,0.0,13.6,38.9
2024-04-11,Hyderabad,22.483333333333334,30.5,36.725,49.9,6.295833333333333,11.7,97.79166666666667,142.0,29.1,45,0.0,11.9,42.8
2024-04-12,Hyderabad,21.316666666666666,34.7,33.53333333333333,53.2,9.325000000000001,30.6,73.70833333333333,107.0,27.8,63,6.3,11.8,37.8
2024-04-13,Hyderabad,18.191666666666666,27.6,27.995833333333334,42.8,10.1875,28.4,77.04166666666667,120.0,28.0,53,1.8,8.1,34.9
2024-04-14,Hyderabad,20.0625,26.0,30.754166666666666,38.9,10.1875,28.4,83.29166666666667,122.0,30.0,48,0.0,8.5,27.7
2024-04-15,Hyderabad,18.837500000000002,25.7,29.212500000000002,38.4,9.620833333333334,29.9,84.66666666666667,124.0,30.7,40,0.0,8.5,31.7
2024-04-16,Hyderabad,21.054166666666667,39.7,32.55833333333333,60.5,11.066666666666668,30.0,96.375,155.0,31.3,37,0.0,8.5,25.6
2024-04-17,Hyderabad,38.59166666666667,50.1,61.85833333333333,82.2,14.745833333333332,32.6,100.29166666666667,162.0,31.7,41,0.1,6.2,23.4
2024-04-18,Hyderabad,47.9625,64.5,83.84583333333333,107.6,17.233333333333334,53.2,105.54166666666667,170.0,32.1,42,0.0,5.6,21.2
2024-04-19,Hyderabad,49.1625,62.4,84.61666666666666,107.3,18.508333333333333,44.9,95.54166666666667,156.0,32.0,42,0.1,7.4,39.6
2024-04-20,Hyderabad,63.53333333333333,73.3,105.9375,118.5,14.141666666666666,34.2,98.95833333333333,152.0,30.0,52,0.5,9.7,30.6
2024-04-21,Hyderabad,56.0875,65.4,90.89166666666667,106.9,21.820833333333336,67.4,102.83333333333333,174.0,30.5,50,1.7,9.3,42.5
2024-04-22,Hyderabad,40.725,61.2,66.41666666666667,94.3,28.02916666666667,67.4,90.375,168.0,30.9,44,0.0,9.0,43.9
2024-04-23,Hyderabad,34.125,57.2,54.699999999999996,88.9,11.666666666666666,33.2,112.04166666666667,157.0,30.4,44,0.0,5.8,27.7
2024-04-24,Hyderabad,23.366666666666664,39.0,38.387499999999996,60.3,15.0625,45.8,93.5,140.0,30.8,33,0.0,8.5,27.7
2024-04-25,Hyderabad,19.608333333333334,30.3,31.6125,48.0,11.4125,28.1,100.83333333333333,151.0,31.7,32,0.0,8.2,26.3
2024-04-26,Hyderabad,18.599999999999998,27.2,30.03333333333333,42.0,8.970833333333333,24.9,95.58333333333333,138.0,32.3,34,0.0,7.3,23.0
2024-04-27,Hyderabad,21.041666666666668,28.1,33.020833333333336,42.8,10.133333333333333,24.4,102.04166666666667,149.0,32.1,36,0.0,6.8,25.2
2024-04-28,Hyderabad,25.825,35.2,40.49583333333333,53.1,7.979166666666667,21.7,105.08333333333333,146.0,33.3,34,0.0,9.1,34.2
2024-04-29,Hyderabad,24.474999999999998,36.4,37.36666666666667,54.1,12.883333333333333,44.0,103.66666666666667,152.0,32.9,34,0.0,6.9,27.4
2024-04-30,Hyderabad,20.75,42.5,31.233333333333334,61.7,15.420833333333334,51.4,99.625,151.0,33.2,36,0.0,6.8,28.4
2024-05-01,Hyderabad,20.724999999999998,28.3,32.96666666666667,44.5,11.204166666666666,31.5,111.16666666666667,167.0,33.7,29,0.0,10.3,31.7
2024-05-02,Hyderabad,21.195833333333333,29.1,33.416666666666664,43.2,12.791666666666666,37.3,115.875,178.0,32.5,27,0.0,9.3,35.3
2024-05-03,Hyderabad,24.650000000000002,38.9,37.4,56.3,22.974999999999998,70.2,111.20833333333333,207.0,32.5,26,0.0,8.5,27.0
2024-05-04,Hyderabad,29.520833333333332,41.3,44.875,63.6,15.225,42.9,120.91666666666667,194.0,33.1,41,0.0,7.0,27.7
2024-05-05,Hyderabad,33.86666666666667,39.0,51.81666666666666,59.3,13.904166666666667,45.6,130.5,193.0,33.4,44,0.0,9.4,29.5
2024-05-06,Hyderabad,25.825,31.7,39.07083333333333,47.7,11.887500000000001,39.1,129.41666666666666,176.0,33.6,44,0.0,8.1,28.1
2024-05-07,Hyderabad,24.6375,31.4,37.19583333333333,47.1,6.766666666666667,15.6,127.20833333333333,158.0,29.3,64,1.6,13.1,49.3
2024-05-08,Hyderabad,28.2,33.5,43.38333333333333,49.9,11.679166666666667,47.8,117.875,161.0,29.7,58,0.8,9.9,39.6
2024-05-09,Hyderabad,24.40416666666667,34.0,38.208333333333336,52.9,7.258333333333333,18.3,117.41666666666667,159.0,29.3,62,0.8,11.5,61.2
2024-05-10,Hyderabad,26.683333333333334,33.5,41.75,53.0,9.4375,19.3,109.45833333333333,156.0,27.7,74,22.9,6.1,35.6
2024-05-11,Hyderabad,20.3,25.4,31.90416666666667,39.5,10.762500000000001,33.8,102.625,156.0,30.7,54,0.0,8.2,28.8
2024-05-12,Hyderabad,19.875,26.5,31.133333333333336,41.2,10.720833333333333,23.5,97.125,157.0,30.1,57,5.1,6.3,43.9
2024-05-13,Hyderabad,25.2375,35.6,38.80833333333333,53.2,18.458333333333332,50.5,92.91666666666667,163.0,29.4,58,1.6,5.9,27.4
2024-05-14,Hyderabad,28.8125,40.3,43.975,60.3,19.900000000000002,45.9,90.0,149.0,29.3,59,0.5,7.7,36.0
2024-05-15,Hyderabad,30.508333333333336,43.4,47.0875,66.4,11.924999999999999,36.5,110.625,180.0,29.7,61,1.0,7.1,30.2
2024-05-16,Hyderabad,28.745833333333334,42.5,46.40416666666667,67.3,12.258333333333333,32.7,93.54166666666667,167.0,28.7,66,13.5,7.5,40.3
2024-05-17,Hyderabad,6.083333333333333,10.1,8.729166666666666,14.4,8.35,19.0,54.333333333333336,79.0,27.3,73,2.3,8.6,35.6
2024-05-18,Hyderabad,10.754166666666668,18.0,15.416666666666666,26.1,7.3125,12.0,91.625,136.0,27.1,78,10.7,6.2,38.9
2024-05-19,Hyderabad,12.654166666666667,25.7,18.4875,37.6,10.25,32.0,74.625,110.0,27.1,80,10.3,5.0,20.9
2024-05-20,Hyderabad,9.120833333333334,15.0,13.362499999999999,22.1,9.8125,22.9,68.83333333333333,125.0,28.5,74,9.2,6.3,33.8
2024-05-21,Hyderabad,11.370833333333332,19.0,18.4375,30.7,8.725,17.6,88.70833333333333,138.0,29.7,63,0.2,9.2,35.6
2024-05-22,Hyderabad,15.950000000000001,21.4,30.650000000000002,47.5,9.008333333333333,18.3,86.33333333333333,138.0,29.3,67,5.5,5.9,34.6
2024-05-23,Hyderabad,27.383333333333336,57.3,48.041666666666664,97.8,16.858333333333334,67.4,108.58333333333333,191.0,30.3,60,0.0,7.4,23.8
2024-05-24,Hyderabad,46.53333333333333,70.3,84.51666666666667,121.1,18.179166666666667,60.1,119.25,195.0,32.1,50,0.0,9.4,34.2
2024-05-25,Hyderabad,31.65416666666667,53.0,52.291666666666664,91.5,11.35,24.0,93.75,141.0,31.7,51,0.5,10.9,36.4
2024-05-26,Hyderabad,29.370833333333334,50.9,49.85,81.7,10.041666666666666,25.2,101.70833333333333,158.0,32.3,46,0.2,17.9,47.9
2024-05-27,Hyderabad,26.175,33.5,46.15,62.6,5.645833333333333,11.8,99.95833333333333,131.0,31.5,55,0.0,20.9,46.8
2024-05-28,Hyderabad,19.837500000000002,26.6,36.30833333333333,46.9,6.995833333333334,19.3,82.66666666666667,116.0,31.6,52,0.0,19.0,43.6
2024-05-29,Hyderabad,21.625,29.3,40.65833333333333,56.3,7.583333333333333,20.4,85.375,128.0,32.4,46,0.0,16.6,47.2
2024-05-30,Hyderabad,23.3,32.2,44.9125,61.2,10.054166666666667,34.2,87.625,137.0,32.8,42,0.0,13.2,37.8
2024-05-31,Hyderabad,23.675,38.9,51.82083333333333,74.3,12.225,45.8,88.08333333333333,133.0,33.6,38,0.0,12.4,40.0
2024-06-01,Hyderabad,31.229166666666668,52.5,64.25,94.1,16.845833333333335,49.1,89.54166666666667,148.0,33.8,41,0.0,8.6,31.7
2024-06-02,Hyderabad,37.0375,47.1,64.50416666666666,81.3,14.525,41.2,87.29166666666667,139.0,29.9,65,25.2,9.4,43.2
2024-06-03,Hyderabad,27.59166666666667,44.4,39.80416666666667,64.3,14.0375,49.4,92.66666666666667,155.0,27.8,69,11.9,8.9,30.2
2024-06-04,Hyderabad,38.99583333333333,52.0,57.849999999999994,77.1,12.525,35.6,95.45833333333333,140.0,28.8,68,7.4,7.2,34.9
2024-06-05,Hyderabad,26.070833333333336,39.0,38.3375,57.0,7.854166666666667,12.8,89.20833333333333,136.0,26.7,83,34.1,5.9,28.4
2024-06-06,Hyderabad,21.195833333333333,38.8,31.354166666666668,57.6,12.591666666666667,30.7,76.91666666666667,131.0,27.1,80,38.3,10.6,34.6
2024-06-07,Hyderabad,23.825,32.1,34.920833333333334,46.3,11.924999999999999,23.7,79.08333333333333,130.0,26.9,77,4.5,8.8,34.2
2024-06-08,Hyderabad,18.020833333333332,24.4,25.683333333333334,34.3,7.983333333333333,13.2,84.625,132.0,26.4,79,6.3,8.7,32.4
2024-06-09,Hyderabad,12.3375,22.6,17.333333333333332,31.7,10.4,18.0,71.16666666666667,114.0,26.4,77,1.6,10.5,30.6
2024-06-10,Hyderabad,18.495833333333334,27.2,25.870833333333334,37.6,8.629166666666666,13.9,83.79166666666667,118.0,25.5,83,10.6,11.6,35.3
2024-06-11,Hyderabad,10.475,18.3,14.670833333333334,25.0,6.608333333333333,9.8,84.08333333333333,105.0,25.3,85,6.0,14.2,37.1
2024-06-12,Hyderabad,20.1375,33.4,31.058333333333334,54.0,7.216666666666666,14.3,85.41666666666667,123.0,25.7,82,6.2,14.2,42.5
2024-06-13,Hyderabad,17.270833333333332,22.9,25.9875,36.7,6.0125,10.0,77.25,110.0,26.1,83,32.4,15.0,38.5
2024-06-14,Hyderabad,13.279166666666667,25.6,19.558333333333334,37.4,8.383333333333333,22.3,62.791666666666664,92.0,25.9,82,8.7,14.8,45.0
2024-06-15,Hyderabad,10.85,16.8,17.0125,25.8,7.554166666666667,20.4,58.625,84.0,27.2,74,0.8,15.0,42.1
2024-06-16,Hyderabad,12.104166666666666,20.1,18.654166666666665,30.0,8.475,24.3,59.0,94.0,27.5,72,2.1,12.1,36.7
2024-06-17,Hyderabad,12.3375,16.7,18.291666666666668,24.5,8.1875,16.9,66.91666666666667,98.0,27.8,73,2.8,11.7,36.4
2024-06-18,Hyderabad,13.625,16.7,21.75,27.0,6.408333333333334,11.6,69.33333333333333,95.0,27.9,72,0.4,13.4,36.7
2024-06-19,Hyderabad,12.408333333333333,15.3,22.47083333333333,29.0,6.045833333333333,10.5,60.208333333333336,85.0,27.3,72,6.5,16.2,38.9
2024-06-20,Hyderabad,12.0875,15.0,25.120833333333334,31.2,6.020833333333333,10.8,60.458333333333336,82.0,27.8,65,0.6,17.3,45.7
2024-06-21,Hyderabad,10.475,16.6,24.229166666666668,38.8,7.191666666666666,16.2,52.166666666666664,78.0,27.5,71,2.8,16.9,45.0
2024-06-22,Hyderabad,14.225,19.9,30.995833333333334,41.6,9.754166666666666,23.0,44.583333333333336,63.0,25.7,81,15.8,9.0,29.2
2024-06-23,Hyderabad,13.229166666666666,21.2,25.570833333333336,39.6,9.4625,23.4,59.791666666666664,93.0,27.2,74,2.5,11.7,38.9
2024-06-24,Hyderabad,13.633333333333333,18.1,23.895833333333332,39.3,8.520833333333334,14.7,62.291666666666664,92.0,27.7,67,0.1,12.3,33.1
2024-06-25,Hyderabad,9.258333333333333,17.3,16.495833333333334,34.3,6.895833333333333,11.8,56.625,80.0,27.2,74,7.9,14.2,42.8
2024-06-26,Hyderabad,7.6125,16.6,11.254166666666668,24.7,6.9375,11.6,57.416666666666664,87.0,26.9,77,7.4,16.7,47.9
2024-06-27,Hyderabad,5.316666666666666,9.5,7.7375,13.9,8.200000000000001,10.4,44.625,56.0,25.0,86,28.0,17.8,46.4
2024-06-28,Hyderabad,6.116666666666667,11.7,9.0625,16.9,6.679166666666667,10.0,48.083333333333336,70.0,25.2,84,8.9,19.6,48.2
2024-06-29,Hyderabad,8.762500000000001,17.2,16.620833333333334,34.7,6.591666666666666,11.0,50.541666666666664,73.0,26.6,75,2.2,17.6,47.9
2024-06-30,Hyderabad,7.729166666666667,10.4,12.354166666666666,17.6,7.991666666666667,11.9,44.0,71.0,25.3,85,11.8,15.7,37.4
2024-07-01,Hyderabad,7.504166666666666,11.9,14.945833333333333,26.0,7.433333333333334,9.6,43.625,69.0,26.0,77,1.0,19.3,50.0
2024-07-02,Hyderabad,6.145833333333333,10.7,13.095833333333333,25.6,5.2625,8.3,47.166666666666664,74.0,26.4,72,1.8,22.5,59.0
2024-07-03,Hyderabad,9.487499999999999,16.8,19.845833333333335,37.8,5.8875,9.8,52.416666666666664,80.0,26.6,73,0.0,18.8,46.4
2024-07-04,Hyderabad,8.804166666666667,13.8,17.724999999999998,33.6,6.608333333333333,10.7,46.833333333333336,65.0,27.0,71,0.1,18.8,45.0
2024-07-05,Hyderabad,7.158333333333334,11.5,13.241666666666667,22.8,6.7875000000000005,10.7,41.333333333333336,62.0,26.2,77,2.4,18.0,47.5
2024-07-06,Hyderabad,7.529166666666666,15.0,14.845833333333333,32.1,6.4750000000000005,9.5,47.958333333333336,67.0,25.6,80,9.9,19.6,56.2
2024-07-07,Hyderabad,8.216666666666667,15.9,12.904166666666667,25.4,7.120833333333334,12.4,48.208333333333336,65.0,25.2,82,9.3,15.0,42.5
2024-07-08,Hyderabad,12.633333333333333,18.6,20.583333333333332,29.5,9.475,22.2,49.75,77.0,24.8,86,25.9,11.3,33.1
2024-07-09,Hyderabad,10.0875,16.7,16.029166666666665,28.7,9.5,15.3,42.291666666666664,61.0,25.3,83,8.6,13.0,36.4
2024-07-10,Hyderabad,12.225,22.5,22.0625,39.8,9.070833333333335,22.3,51.458333333333336,83.0,26.4,73,2.1,14.9,40.7
2024-07-11,Hyderabad,10.154166666666667,13.5,17.154166666666665,23.2,7.095833333333334,11.4,51.875,77.0,26.3,76,12.0,16.5,41.8
2024-07-12,Hyderabad,9.279166666666667,14.2,17.6375,30.4,5.645833333333333,8.4,49.25,71.0,26.2,76,3.3,18.8,46.4
2024-07-13,Hyderabad,5.879166666666666,11.1,9.391666666666667,19.5,5.266666666666667,7.9,45.041666666666664,60.0,25.9,78,3.6,22.0,56.5
2024-07-14,Hyderabad,5.166666666666667,11.5,7.4375,16.9,6.383333333333333,12.1,37.791666666666664,55.0,24.4,88,17.7,18.7,42.8
2024-07-15,Hyderabad,5.4125000000000005,10.8,7.8625,16.1,8.375,11.5,37.208333333333336,54.0,24.7,87,5.4,17.2,44.6
2024-07-16,Hyderabad,6.479166666666667,8.4,9.445833333333333,12.3,8.954166666666667,10.3,38.5,48.0,25.6,81,8.8,19.3,45.4
2024-07-17,Hyderabad,6.004166666666666,12.2,8.929166666666667,18.0,6.254166666666666,9.5,46.416666666666664,66.0,25.1,81,3.6,19.9,53.6
2024-07-18,Hyderabad,4.991666666666666,12.7,7.204166666666667,18.5,5.925,11.0,47.416666666666664,66.0,24.9,85,10.8,21.9,56.2
2024-07-19,Hyderabad,3.5541666666666667,4.8,5.083333333333333,6.8,6.316666666666666,8.6,42.75,51.0,23.9,90,28.3,23.6,52.6
2024-07-20,Hyderabad,3.6458333333333335,7.7,5.291666666666667,11.9,5.741666666666667,8.1,43.833333333333336,49.0,23.4,91,20.6,26.9,61.2
2024-07-21,Hyderabad,4.866666666666666,7.7,7.0249999999999995,11.9,6.304166666666667,9.1,42.875,52.0,24.1,86,13.5,23.8,51.8
2024-07-22,Hyderabad,4.104166666666667,6.5,6.2875000000000005,10.4,5.375,7.6,47.208333333333336,60.0,24.0,88,10.2,23.0,50.4
2024-07-23,Hyderabad,4.545833333333333,7.3,6.891666666666667,10.8,5.320833333333334,7.8,41.25,59.0,24.3,87,11.9,24.6,60.1
2024-07-24,Hyderabad,4.3374999999999995,8.3,6.741666666666667,13.9,5.958333333333333,7.3,35.916666666666664,48.0,23.3,90,25.7,24.7,51.8
2024-07-25,Hyderabad,3.2125,6.1,4.670833333333333,9.5,5.916666666666667,8.5,35.541666666666664,45.0,23.2,91,18.2,25.3,52.6
2024-07-26,Hyderabad,9.083333333333334,14.0,18.245833333333334,33.6,5.466666666666666,7.7,48.166666666666664,64.0,23.9,85,13.5,22.5,56.2
2024-07-27,Hyderabad,6.375,12.0,12.5375,25.0,6.204166666666667,9.8,38.833333333333336,49.0,23.7,88,10.5,23.5,55.4
2024-07-28,Hyderabad,8.491666666666667,16.3,19.820833333333333,50.9,4.8125,8.7,45.958333333333336,68.0,25.1,81,4.8,22.5,62.6
2024-07-29,Hyderabad,8.370833333333334,13.4,19.770833333333332,38.6,6.183333333333334,10.8,45.541666666666664,66.0,25.3,82,3.8,18.1,46.1
2024-07-30,Hyderabad,9.404166666666667,16.4,20.983333333333334,34.1,5.791666666666667,9.1,51.0,74.0,26.0,78,0.0,18.1,47.5
2024-07-31,Hyderabad,8.220833333333333,13.3,15.658333333333333,37.5,6.366666666666667,11.0,47.916666666666664,73.0,26.1,77,1.5,17.7,47.5
2024-08-01,Hyderabad,7.4624999999999995,11.5,13.229166666666666,20.7,6.875,11.3,42.833333333333336,53.0,25.5,81,3.7,18.2,43.2
2024-08-02,Hyderabad,6.079166666666667,9.7,9.433333333333334,15.5,7.0249999999999995,9.1,39.125,50.0,24.5,85,11.5,21.3,55.4
2024-08-03,Hyderabad,5.466666666666666,8.7,9.1,15.0,5.945833333333333,10.1,43.041666666666664,65.0,25.4,77,0.4,21.3,57.2
2024-08-04,Hyderabad,7.0625,11.6,12.820833333333333,20.9,5.966666666666666,9.7,46.041666666666664,69.0,25.2,80,4.9,18.1,47.9
2024-08-05,Hyderabad,9.816666666666666,16.9,19.408333333333335,29.6,7.7,19.5,45.208333333333336,71.0,25.8,77,0.5,15.2,40.3
2024-08-06,Hyderabad,9.441666666666666,13.4,16.808333333333334,23.9,7.445833333333333,13.8,39.916666666666664,62.0,25.2,82,5.5,16.1,41.8
2024-08-07,Hyderabad,9.65,13.4,15.979166666666666,20.8,8.799999999999999,12.5,41.166666666666664,52.0,23.5,92,22.2,13.3,38.5
2024-08-08,Hyderabad,13.120833333333332,22.8,28.15833333333333,41.2,9.933333333333334,26.9,46.958333333333336,78.0,24.6,83,7.9,13.7,35.3
2024-08-09,Hyderabad,16.366666666666667,27.5,33.25833333333333,51.6,10.008333333333333,27.9,54.75,86.0,25.3,81,3.6,10.3,31.3
2024-08-10,Hyderabad,13.5375,17.1,28.212500000000002,40.5,8.633333333333333,22.3,56.333333333333336,83.0,26.0,78,0.4,10.0,30.2
2024-08-11,Hyderabad,13.987499999999999,22.9,31.6375,42.1,9.441666666666666,25.5,52.458333333333336,83.0,25.8,76,0.2,11.7,32.4
2024-08-12,Hyderabad,16.691666666666666,30.9,30.662499999999998,50.9,14.4375,38.7,45.708333333333336,83.0,24.9,85,39.0,8.1,24.5
2024-08-13,Hyderabad,21.883333333333336,39.0,38.3125,62.9,18.745833333333334,38.7,56.041666666666664,107.0,26.2,82,2.2,6.5,24.8
2024-08-14,Hyderabad,21.17083333333333,44.8,32.82083333333333,67.8,19.341666666666665,59.7,66.41666666666667,106.0,27.0,80,0.2,3.9,18.0
2024-08-15,Hyderabad,25.620833333333334,43.5,39.49166666666667,66.4,20.275000000000002,50.5,58.25,108.0,26.5,83,1.1,4.5,23.0
2024-08-16,Hyderabad,22.708333333333332,32.6,34.262499999999996,48.2,16.583333333333332,30.5,56.625,106.0,25.4,88,26.6,4.4,37.8
2024-08-17,Hyderabad,17.379166666666666,41.1,25.316666666666666,59.4,15.529166666666667,43.6,63.166666666666664,113.0,26.4,82,3.2,5.5,24.5
2024-08-18,Hyderabad,25.59166666666667,36.3,37.300000000000004,52.5,17.650000000000002,40.0,65.125,123.0,26.5,83,7.8,4.6,21.2
2024-08-19,Hyderabad,24.179166666666664,36.8,35.00833333333333,52.7,15.016666666666666,33.8,63.083333333333336,122.0,25.2,90,17.3,3.7,19.1
2024-08-20,Hyderabad,16.779166666666665,26.5,23.954166666666666,37.8,13.083333333333334,38.0,73.875,130.0,25.5,85,8.2,4.0,16.2
2024-08-21,Hyderabad,15.299999999999999,30.6,22.141666666666666,43.9,11.295833333333334,35.0,72.125,115.0,26.7,81,7.4,7.6,27.0
2024-08-22,Hyderabad,13.466666666666667,30.0,19.691666666666666,43.1,11.941666666666668,33.9,58.166666666666664,86.0,25.7,82,6.9,10.7,36.7
2024-08-23,Hyderabad,9.370833333333334,16.2,13.508333333333333,24.0,8.15,15.2,46.375,72.0,25.5,79,0.2,15.5,41.4
2024-08-24,Hyderabad,5.7749999999999995,9.6,8.108333333333333,13.5,7.108333333333333,10.2,39.083333333333336,59.0,24.3,85,12.7,21.8,55.1
2024-08-25,Hyderabad,5.516666666666667,13.6,8.416666666666666,22.7,5.966666666666666,8.0,42.958333333333336,69.0,24.1,85,9.1,20.7,52.2
2024-08-26,Hyderabad,5.825,12.2,9.170833333333333,20.3,5.133333333333334,8.3,48.666666666666664,73.0,25.0,80,1.8,20.3,51.1
2024-08-27,Hyderabad,7.629166666666666,15.4,12.075000000000001,25.3,5.883333333333333,10.8,45.375,64.0,25.1,79,4.0,18.0,49.0
2024-08-28,Hyderabad,8.166666666666666,18.0,13.295833333333334,29.9,6.6499999999999995,14.2,44.666666666666664,70.0,25.3,78,3.3,17.3,50.0
2024-08-29,Hyderabad,11.424999999999999,23.1,21.566666666666666,43.7,8.454166666666667,23.1,41.75,67.0,25.1,78,1.0,16.0,41.8
2024-08-30,Hyderabad,13.233333333333334,17.1,26.3125,35.7,9.245833333333334,15.8,42.583333333333336,62.0,23.8,90,15.9,13.7,35.6
2024-08-31,Hyderabad,10.066666666666666,14.3,17.150000000000002,26.0,7.820833333333333,10.0,38.625,52.0,23.1,91,25.0,21.2,52.6
2024-09-01,Hyderabad,10.799999999999999,13.2,16.875,23.5,6.816666666666666,9.3,48.291666666666664,53.0,22.4,92,72.0,23.3,51.5
2024-09-02,Hyderabad,11.241666666666667,14.2,19.616666666666667,25.7,5.3875,8.5,48.666666666666664,65.0,23.5,86,19.6,20.8,47.9
2024-09-03,Hyderabad,8.862499999999999,15.1,16.6375,26.7,5.9750000000000005,11.5,47.833333333333336,69.0,24.6,84,8.8,17.6,46.4
2024-09-04,Hyderabad,7.175,14.5,11.924999999999999,27.6,6.804166666666667,11.6,43.041666666666664,61.0,24.4,86,7.9,18.9,56.2
2024-09-05,Hyderabad,11.141666666666666,16.4,18.266666666666666,25.7,7.445833333333333,14.3,48.833333333333336,77.0,25.1,83,3.7,16.1,43.9
2024-09-06,Hyderabad,9.116666666666667,11.9,14.429166666666667,18.9,6.458333333333333,11.3,51.5,80.0,25.2,83,2.9,15.9,43.9
2024-09-07,Hyderabad,12.15,17.5,20.179166666666667,29.7,9.174999999999999,15.0,41.5,60.0,24.0,89,10.3,16.4,40.3
2024-09-08,Hyderabad,8.645833333333334,12.9,13.1,19.4,7.3,10.1,41.75,51.0,23.7,91,16.1,16.2,34.6
2024-09-09,Hyderabad,8.995833333333334,13.1,13.395833333333334,20.0,8.15,11.5,37.666666666666664,47.0,23.5,91,12.9,17.9,40.3
2024-09-10,Hyderabad,7.9624999999999995,11.3,12.104166666666666,17.2,5.708333333333333,8.9,47.5,70.0,25.1,81,2.5,19.2,47.5
2024-09-11,Hyderabad,10.1625,15.2,17.354166666666668,25.3,6.25,12.5,50.666666666666664,75.0,25.1,76,0.1,18.2,46.1
2024-09-12,Hyderabad,13.704166666666666,18.4,26.77916666666667,33.8,6.683333333333334,13.0,50.291666666666664,73.0,25.1,75,0.0,17.4,44.3
2024-09-13,Hyderabad,18.0,20.4,43.71666666666667,71.7,7.695833333333333,15.8,51.875,75.0,24.8,73,0.0,15.1,42.5
2024-09-14,Hyderabad,14.904166666666667,18.2,29.958333333333332,39.1,8.645833333333334,20.6,54.208333333333336,81.0,24.9,74,0.0,13.5,43.6
2024-09-15,Hyderabad,12.883333333333333,16.6,23.754166666666666,30.7,7.433333333333334,13.6,54.958333333333336,81.0,25.2,73,0.0,14.9,40.3
2024-09-16,Hyderabad,15.6625,22.8,28.120833333333334,41.6,7.479166666666667,13.3,61.625,79.0,24.5,76,0.8,15.5,41.0
2024-09-17,Hyderabad,24.0625,29.4,44.04583333333333,51.3,8.608333333333333,19.9,78.79166666666667,125.0,25.2,72,0.0,13.6,41.8
2024-09-18,Hyderabad,28.075,38.4,48.9375,61.9,11.424999999999999,30.1,76.625,128.0,24.8,74,0.1,10.1,29.5
2024-09-19,Hyderabad,31.608333333333334,46.3,52.27916666666667,70.8,13.362499999999999,38.0,84.33333333333333,137.0,25.5,74,0.0,6.7,21.2
2024-09-20,Hyderabad,31.28333333333333,43.9,47.574999999999996,64.5,13.387500000000001,35.6,80.33333333333333,132.0,25.8,77,0.4,9.0,31.3
2024-09-21,Hyderabad,28.520833333333332,38.2,41.25833333333333,55.3,12.020833333333334,27.3,74.5,114.0,24.9,85,6.1,8.4,32.0
2024-09-22,Hyderabad,21.849999999999998,35.4,31.5125,50.8,12.6,39.6,81.91666666666667,122.0,24.7,86,2.4,10.1,32.8
2024-09-23,Hyderabad,28.166666666666668,52.0,40.416666666666664,74.5,16.979166666666668,40.9,78.58333333333333,152.0,24.8,88,20.0,6.7,25.6
2024-09-24,Hyderabad,24.870833333333334,40.6,35.545833333333334,58.1,14.145833333333334,31.9,78.08333333333333,144.0,25.2,85,13.6,6.3,23.0
2024-09-25,Hyderabad,18.329166666666666,26.8,26.087500000000002,38.1,10.195833333333333,19.8,70.375,111.0,24.7,88,14.6,8.9,25.6
2024-09-26,Hyderabad,8.620833333333334,15.9,12.770833333333334,24.2,7.4750000000000005,14.5,54.208333333333336,84.0,24.8,85,8.6,14.2,38.5
2024-09-27,Hyderabad,9.495833333333334,15.0,15.191666666666668,24.9,7.641666666666667,13.9,51.875,75.0,25.3,79,0.0,14.0,37.4
2024-09-28,Hyderabad,11.983333333333334,23.6,18.395833333333332,34.5,11.566666666666668,28.0,46.208333333333336,80.0,25.5,79,0.0,9.3,27.0
2024-09-29,Hyderabad,19.108333333333334,40.2,28.641666666666666,58.4,19.625,45.8,51.458333333333336,108.0,26.1,79,0.8,4.1,16.6
2024-09-30,Hyderabad,20.724999999999998,41.3,30.566666666666666,60.1,19.708333333333332,46.8,56.125,106.0,25.8,85,3.7,4.5,18.4
2024-10-01,Hyderabad,34.266666666666666,50.5,50.074999999999996,73.3,30.09583333333333,61.6,70.45833333333333,142.0,26.4,82,2.7,3.8,22.7
2024-10-02,Hyderabad,22.116666666666664,27.5,32.15833333333333,39.7,12.762500000000001,32.9,79.125,136.0,26.4,81,3.1,7.6,37.4
2024-10-03,Hyderabad,26.55,41.2,39.775,64.0,9.158333333333333,19.1,87.29166666666667,141.0,26.1,81,1.1,10.2,30.6
2024-10-04,Hyderabad,35.512499999999996,41.2,54.5375,65.9,12.229166666666666,30.0,82.33333333333333,148.0,25.8,81,0.1,7.8,28.1
2024-10-05,Hyderabad,36.19166666666667,71.7,57.44583333333333,111.3,19.729166666666668,62.0,81.20833333333333,146.0,24.9,85,2.2,7.2,34.2
2024-10-06,Hyderabad,64.08333333333333,80.8,105.35416666666667,129.5,29.108333333333334,60.5,89.5,173.0,25.6,82,1.4,6.0,38.9
2024-10-07,Hyderabad,54.604166666666664,76.8,88.80416666666667,124.3,19.704166666666666,42.5,93.20833333333333,140.0,25.4,79,2.1,6.9,31.0
2024-10-08,Hyderabad,33.25,46.6,54.04583333333333,74.0,10.799999999999999,21.6,73.70833333333333,102.0,25.2,79,0.2,7.2,25.2
2024-10-09,Hyderabad,11.316666666666668,17.6,17.0,26.3,8.354166666666666,20.6,57.833333333333336,82.0,25.2,82,2.7,9.4,30.6
2024-10-10,Hyderabad,10.141666666666667,14.7,14.729166666666666,21.2,10.25,22.4,50.625,89.0,25.0,83,1.4,11.1,36.4
2024-10-11,Hyderabad,6.641666666666667,12.7,9.754166666666666,18.4,7.5249999999999995,16.7,41.791666666666664,56.0,24.9,85,1.7,13.4,38.2
2024-10-12,Hyderabad,8.679166666666667,15.3,12.862499999999999,22.6,9.8375,25.3,37.833333333333336,52.0,24.9,85,4.4,11.5,34.6
2024-10-13,Hyderabad,10.5375,26.9,15.716666666666667,39.9,11.179166666666667,31.8,48.458333333333336,80.0,25.2,83,2.7,8.8,28.4
2024-10-14,Hyderabad,18.270833333333332,33.4,26.75,48.3,18.391666666666666,36.0,64.83333333333333,111.0,25.1,83,0.2,6.0,25.2
2024-10-15,Hyderabad,16.337500000000002,26.8,24.2,38.6,15.3375,31.5,60.25,103.0,24.6,85,11.0,7.7,32.4
2024-10-16,Hyderabad,12.491666666666667,20.8,18.466666666666665,30.5,12.529166666666667,26.2,59.541666666666664,96.0,24.8,86,6.6,6.4,32.8
2024-10-17,Hyderabad,9.241666666666667,18.0,13.8375,26.3,9.241666666666667,23.0,54.833333333333336,79.0,25.0,86,7.8,12.9,40.3
2024-10-18,Hyderabad,11.045833333333334,26.1,16.554166666666667,38.4,10.454166666666667,30.5,55.75,88.0,25.1,86,2.6,11.1,38.2
2024-10-19,Hyderabad,16.287499999999998,29.7,23.8125,43.4,15.883333333333333,32.1,45.625,83.0,25.3,83,0.9,8.1,37.8
2024-10-20,Hyderabad,11.875,17.8,17.466666666666665,25.8,11.945833333333333,24.0,52.458333333333336,85.0,24.4,85,5.9,7.6,27.7
2024-10-21,Hyderabad,15.166666666666666,21.2,22.254166666666666,30.9,12.237499999999999,23.2,63.458333333333336,103.0,24.8,83,1.2,5.7,22.7
2024-10-22,Hyderabad,18.470833333333335,32.7,27.108333333333334,47.3,14.508333333333333,40.1,65.29166666666667,107.0,24.2,86,6.1,4.2,24.8
2024-10-23,Hyderabad,40.854166666666664,75.7,64.0,121.1,23.504166666666666,47.7,82.5,169.0,24.9,73,0.0,7.8,28.1
2024-10-24,Hyderabad,57.51666666666667,79.4,94.67916666666667,128.5,25.02916666666667,56.6,88.79166666666667,161.0,24.3,70,0.0,7.6,25.6
2024-10-25,Hyderabad,50.958333333333336,59.5,86.25416666666666,103.1,12.958333333333334,28.2,95.875,157.0,24.2,62,0.0,10.1,31.7
2024-10-26,Hyderabad,33.050000000000004,49.2,50.550000000000004,79.6,17.208333333333332,54.1,84.5,138.0,24.4,65,0.4,11.2,38.5
2024-10-27,Hyderabad,37.887499999999996,56.8,61.475,89.6,21.183333333333334,60.8,84.0,155.0,24.5,66,0.0,6.6,27.7
2024-10-28,Hyderabad,45.59583333333333,65.7,73.68333333333334,101.0,23.441666666666666,47.2,83.70833333333333,165.0,24.7,66,0.0,4.1,14.8
2024-10-29,Hyderabad,51.6625,68.7,83.50833333333334,103.8,26.6375,62.6,99.04166666666667,183.0,25.4,68,0.1,3.7,16.2
2024-10-30,Hyderabad,53.9125,67.8,80.35000000000001,100.1,19.770833333333332,45.4,87.41666666666667,168.0,24.4,82,6.5,6.1,33.1
2024-10-31,Hyderabad,32.166666666666664,49.1,46.90833333333333,72.2,15.183333333333332,39.3,83.83333333333333,135.0,24.4,84,11.3,6.4,25.9
2024-11-01,Hyderabad,42.99166666666667,58.3,64.22083333333333,85.0,22.8125,50.4,71.54166666666667,132.0,24.4,84,6.1,6.2,25.9
2024-11-02,Hyderabad,46.604166666666664,58.1,68.04583333333333,84.5,22.745833333333334,49.6,65.70833333333333,117.0,24.4,83,1.6,7.3,31.7
2024-11-03,Hyderabad,45.71666666666667,59.5,67.72500000000001,88.0,17.570833333333333,41.7,83.66666666666667,136.0,24.3,79,1.2,7.3,30.2
2024-11-04,Hyderabad,49.083333333333336,59.8,75.5125,91.0,20.245833333333334,41.9,85.125,143.0,24.5,73,0.0,6.0,25.2
2024-11-05,Hyderabad,57.11666666666667,72.6,94.35000000000001,118.0,24.195833333333336,48.6,85.25,148.0,24.1,67,0.0,7.0,26.3
2024-11-06,Hyderabad,54.07083333333333,66.8,89.35416666666667,110.4,23.604166666666668,45.1,97.54166666666667,168.0,23.8,61,0.0,8.4,26.3
2024-11-07,Hyderabad,54.85,64.0,91.575,103.8,23.03333333333333,53.2,103.875,176.0,23.3,61,0.0,7.1,20.9
2024-11-08,Hyderabad,56.04583333333333,81.0,90.09583333333335,124.8,31.25,74.6,93.20833333333333,164.0,23.8,65,0.0,6.0,25.6
2024-11-09,Hyderabad,59.895833333333336,82.9,93.19166666666666,125.3,41.416666666666664,85.6,80.25,163.0,23.7,66,0.0,7.1,25.9
2024-11-10,Hyderabad,59.84166666666667,77.5,93.45833333333333,118.0,31.995833333333334,77.1,85.625,168.0,24.1,59,0.0,9.0,24.1
2024-11-11,Hyderabad,57.333333333333336,68.7,89.58333333333333,109.9,18.133333333333333,41.5,93.25,155.0,23.7,61,0.0,9.9,31.3
2024-11-12,Hyderabad,44.604166666666664,66.1,62.07083333333333,102.7,11.041666666666666,21.6,102.91666666666667,158.0,25.4,59,0.0,10.5,29.2
2024-11-13,Hyderabad,39.2125,48.9,39.916666666666664,49.7,10.954166666666666,20.2,96.79166666666667,162.0,26.3,57,0.0,8.9,32.8
2024-11-14,Hyderabad,28.554166666666664,41.7,28.8875,42.0,8.591666666666667,19.0,98.375,134.0,25.1,76,1.0,6.0,29.9
2024-11-15,Hyderabad,32.19166666666667,46.1,32.612500000000004,46.6,8.341666666666667,16.8,109.58333333333333,146.0,26.1,67,1.4,6.9,25.9
2024-11-16,Hyderabad,45.050000000000004,58.1,45.71666666666667,58.6,10.366666666666667,22.8,130.20833333333334,184.0,26.0,49,0.0,7.6,28.8
2024-11-17,Hyderabad,51.36666666666667,62.4,52.57083333333333,64.0,12.904166666666667,24.2,127.95833333333333,189.0,24.8,47,0.0,8.4,29.5
2024-11-18,Hyderabad,54.479166666666664,67.3,56.14166666666667,69.2,12.929166666666667,24.2,120.16666666666667,176.0,23.9,50,0.0,7.6,26.6
2024-11-19,Hyderabad,61.74583333333334,96.6,63.475,99.0,15.129166666666668,27.3,112.66666666666667,167.0,23.6,49,0.0,6.9,23.0
2024-11-20,Hyderabad,53.90833333333333,83.6,55.225,85.2,13.166666666666666,23.6,116.29166666666667,165.0,23.3,49,0.0,6.1,22.3
2024-11-21,Hyderabad,61.14166666666667,80.3,63.51666666666667,83.4,14.329166666666666,29.9,120.875,169.0,23.6,49,0.0,5.7,22.7
2024-11-22,Hyderabad,72.63333333333334,83.1,75.46666666666667,85.4,13.083333333333334,24.3,127.25,183.0,23.6,49,0.0,6.3,23.4
2024-11-23,Hyderabad,76.59166666666667,100.6,79.20416666666667,103.8,13.545833333333334,26.5,122.66666666666667,183.0,23.4,51,0.0,4.4,19.8
2024-11-24,Hyderabad,82.52499999999999,101.5,85.9875,104.8,13.8375,23.1,124.91666666666667,197.0,23.5,53,0.0,5.5,23.0
2024-11-25,Hyderabad,67.35416666666667,85.7,70.46666666666667,89.4,13.229166666666666,26.3,116.54166666666667,167.0,22.7,52,0.0,7.5,27.4
2024-11-26,Hyderabad,64.19166666666666,84.1,67.175,88.2,14.316666666666668,24.7,116.91666666666667,174.0,23.3,50,0.0,7.2,29.9
2024-11-27,Hyderabad,42.5375,55.8,44.225,57.7,10.841666666666667,21.2,122.79166666666667,169.0,22.8,45,0.0,8.4,29.2
2024-11-28,Hyderabad,45.020833333333336,52.9,47.762499999999996,55.5,9.983333333333333,20.3,130.0,179.0,22.0,44,0.0,11.3,40.7
2024-11-29,Hyderabad,51.34583333333333,67.1,53.07083333333333,69.8,9.204166666666667,15.7,135.125,179.0,23.3,53,0.0,9.0,29.9
2024-11-30,Hyderabad,36.395833333333336,48.5,36.791666666666664,49.0,10.070833333333333,17.2,107.16666666666667,125.0,24.7,64,0.0,10.0,39.2
2024-12-01,Hyderabad,13.85,21.4,14.016666666666666,21.5,10.195833333333333,18.0,73.16666666666667,97.0,24.7,76,0.7,11.1,37.4
2024-12-02,Hyderabad,12.575000000000001,20.3,12.6625,20.4,8.658333333333333,17.3,71.95833333333333,102.0,23.7,85,4.2,11.1,32.8
2024-12-03,Hyderabad,12.408333333333333,21.1,12.933333333333332,21.9,7.3500000000000005,15.8,73.0,100.0,23.6,86,3.5,10.0,34.9
2024-12-04,Hyderabad,17.650000000000002,29.0,18.037499999999998,29.4,9.049999999999999,23.4,77.83333333333333,106.0,24.7,80,0.8,7.8,27.7
2024-12-05,Hyderabad,18.150000000000002,33.9,18.366666666666667,34.2,12.950000000000001,29.9,66.29166666666667,98.0,23.9,85,12.2,6.8,23.0
2024-12-06,Hyderabad,25.041666666666668,42.4,25.375,42.8,13.916666666666666,33.8,61.833333333333336,106.0,24.7,78,3.1,4.7,24.1
2024-12-07,Hyderabad,32.17916666666667,55.6,32.574999999999996,56.2,19.679166666666667,39.4,63.541666666666664,113.0,25.1,73,1.4,3.4,20.5
2024-12-08,Hyderabad,28.8125,53.8,29.616666666666664,54.9,14.941666666666668,32.7,58.541666666666664,92.0,24.5,78,1.1,3.7,28.8
2024-12-09,Hyderabad,48.5375,77.5,49.57916666666667,78.9,27.020833333333332,69.8,56.708333333333336,104.0,24.3,77,1.0,3.4,20.2
2024-12-10,Hyderabad,43.38333333333333,71.2,44.15833333333333,72.6,13.545833333333334,42.2,93.625,143.0,23.8,72,0.6,7.9,32.8
2024-12-11,Hyderabad,34.2875,44.6,35.19166666666667,45.2,13.970833333333333,35.3,100.79166666666667,153.0,22.5,56,0.0,7.5,25.9
2024-12-12,Hyderabad,37.645833333333336,51.8,38.84166666666667,52.9,17.875,41.0,103.29166666666667,167.0,22.2,53,0.0,4.3,16.6
2024-12-13,Hyderabad,56.625,77.3,57.76666666666667,78.5,13.358333333333334,26.2,118.04166666666667,176.0,22.2,53,0.0,6.9,22.3
2024-12-14,Hyderabad,60.550000000000004,79.6,61.06666666666666,80.3,11.9,24.5,122.66666666666667,174.0,21.7,54,0.0,7.5,25.9
2024-12-15,Hyderabad,58.40833333333333,78.2,59.29583333333333,79.2,15.049999999999999,32.7,122.29166666666667,193.0,21.3,51,0.0,6.1,20.9
2024-12-16,Hyderabad,53.8125,68.9,55.15416666666667,70.3,15.791666666666666,30.1,119.54166666666667,181.0,20.9,47,0.0,6.0,20.5
2024-12-17,Hyderabad,60.525,94.8,61.69583333333333,97.1,17.474999999999998,33.6,129.33333333333334,187.0,21.2,53,0.0,4.1,18.7
2024-12-18,Hyderabad,56.699999999999996,77.8,57.475,78.7,16.491666666666667,30.4,119.66666666666667,171.0,22.3,53,0.0,5.3,20.5
2024-12-19,Hyderabad,39.512499999999996,65.0,40.3125,66.6,10.637500000000001,21.5,108.625,162.0,23.6,58,0.0,6.1,25.6
2024-12-20,Hyderabad,26.008333333333336,45.2,26.195833333333336,45.4,9.491666666666667,20.9,93.08333333333333,136.0,24.7,72,0.0,4.8,23.0
2024-12-21,Hyderabad,37.512499999999996,51.2,37.77916666666667,51.8,13.454166666666666,23.8,89.125,144.0,24.6,69,0.0,6.2,24.8
2024-12-22,Hyderabad,42.68333333333334,51.3,43.17916666666667,52.0,11.625,23.8,92.83333333333333,138.0,24.0,65,0.0,6.9,25.2
2024-12-23,Hyderabad,45.42083333333333,59.0,46.237500000000004,59.6,11.137500000000001,21.6,100.04166666666667,147.0,24.0,63,0.0,6.8,27.0
2024-12-24,Hyderabad,34.90833333333333,53.0,36.44583333333333,55.1,9.262500000000001,15.5,87.70833333333333,125.0,24.3,59,0.0,7.5,32.8
2024-12-25,Hyderabad,12.299999999999999,18.8,12.545833333333334,19.2,10.870833333333332,24.6,73.79166666666667,102.0,23.1,75,0.1,8.3,33.8
2024-12-26,Hyderabad,11.995833333333332,17.8,12.325000000000001,18.4,7.3,13.7,80.375,100.0,22.4,84,0.5,10.2,34.6
2024-12-27,Hyderabad,17.154166666666665,25.9,17.741666666666667,26.5,6.316666666666666,12.0,81.875,106.0,22.8,77,1.9,12.1,42.5
2024-12-28,Hyderabad,30.754166666666666,48.2,31.71666666666667,49.9,7.1499999999999995,15.2,100.54166666666667,135.0,23.0,72,0.0,9.0,33.1
2024-12-29,Hyderabad,25.787499999999998,34.6,26.766666666666666,36.6,9.283333333333333,22.0,89.08333333333333,115.0,23.7,67,0.0,7.0,23.8
2024-12-30,Hyderabad,32.145833333333336,45.6,32.77916666666667,46.3,12.708333333333334,24.4,102.33333333333333,144.0,24.5,54,0.0,5.7,23.8
2024-12-31,Hyderabad,45.60833333333333,63.8,46.512499999999996,64.5,11.3125,23.5,109.16666666666667,146.0,24.5,57,0.0,6.0,25.9
2025-01-01,Hyderabad,57.137499999999996,80.6,58.2875,82.0,15.170833333333334,29.4,103.58333333333333,154.0,24.3,57,0.0,7.0,29.9
2025-01-02,Hyderabad,36.99583333333333,63.6,37.87083333333333,64.5,15.299999999999999,30.9,96.79166666666667,146.0,23.0,48,0.0,7.6,28.4
2025-01-03,Hyderabad,22.150000000000002,39.3,24.7625,43.7,15.833333333333334,34.6,96.75,158.0,23.1,40,0.0,7.1,26.6
2025-01-04,Hyderabad,29.070833333333336,48.4,31.804166666666664,51.6,16.845833333333335,30.7,102.375,163.0,23.3,40,0.0,7.0,28.1
2025-01-05,Hyderabad,45.60833333333333,78.5,47.43333333333334,81.7,12.458333333333334,26.8,117.91666666666667,167.0,22.4,56,0.0,5.2,24.5
2025-01-06,Hyderabad,52.42916666666667,65.7,53.55416666666667,67.3,9.595833333333333,22.9,117.08333333333333,162.0,22.6,57,0.0,5.6,21.6
2025-01-07,Hyderabad,54.699999999999996,76.1,55.55416666666667,77.5,11.283333333333333,23.8,123.16666666666667,177.0,23.1,53,0.0,5.7,27.0
2025-01-08,Hyderabad,52.86666666666667,68.2,53.54583333333333,68.9,13.370833333333332,23.9,124.16666666666667,191.0,22.6,46,0.0,7.3,23.8
2025-01-09,Hyderabad,50.3125,64.0,51.425000000000004,65.7,11.049999999999999,23.0,123.79166666666667,170.0,21.6,50,0.0,7.4,32.8
2025-01-10,Hyderabad,47.5875,63.6,49.324999999999996,65.2,7.616666666666667,13.1,117.79166666666667,155.0,22.0,60,0.0,8.7,32.4
2025-01-11,Hyderabad,33.516666666666666,39.6,35.03333333333333,41.0,7.033333333333334,15.1,109.83333333333333,142.0,22.2,62,0.0,8.8,30.6
2025-01-12,Hyderabad,45.61666666666667,53.1,47.925000000000004,56.3,6.683333333333334,13.4,110.29166666666667,142.0,22.6,65,0.0,8.5,25.9
2025-01-13,Hyderabad,45.18333333333334,50.5,47.32916666666666,53.1,8.8375,19.1,105.95833333333333,145.0,23.5,58,0.0,7.4,29.5
2025-01-14,Hyderabad,40.354166666666664,50.2,42.59583333333333,53.7,8.029166666666667,14.8,106.79166666666667,140.0,23.4,61,0.0,8.1,29.9
2025-01-15,Hyderabad,35.30416666666667,47.5,36.56666666666667,48.4,7.325,16.6,98.91666666666667,132.0,23.1,65,0.0,9.2,33.5
2025-01-16,Hyderabad,51.94583333333333,70.8,53.675000000000004,72.4,9.641666666666667,27.4,104.95833333333333,148.0,23.4,63,0.0,8.0,28.1
2025-01-17,Hyderabad,66.8125,83.8,68.24583333333334,85.9,12.470833333333333,23.5,109.0,160.0,23.2,62,0.0,7.7,29.9
2025-01-18,Hyderabad,65.49583333333334,75.7,66.38333333333334,76.8,10.570833333333333,22.7,124.125,173.0,22.6,63,0.0,7.0,29.5
2025-01-19,Hyderabad,60.5375,93.4,61.10833333333333,94.1,17.491666666666667,33.2,133.58333333333334,194.0,23.7,51,0.0,5.8,24.5
2025-01-20,Hyderabad,43.958333333333336,59.1,44.199999999999996,59.6,15.512500000000001,30.5,125.79166666666667,186.0,23.8,44,0.0,6.9,25.9
2025-01-21,Hyderabad,33.270833333333336,52.3,33.387499999999996,52.4,15.408333333333333,28.1,120.29166666666667,166.0,24.1,38,0.0,5.5,25.6
2025-01-22,Hyderabad,42.6875,56.8,42.99583333333334,57.2,10.279166666666667,20.0,140.875,180.0,24.0,47,0.0,6.6,27.4
2025-01-23,Hyderabad,40.391666666666666,56.1,41.625,56.6,8.120833333333334,15.0,116.58333333333333,134.0,23.4,61,0.0,7.6,28.1
2025-01-24,Hyderabad,35.07083333333333,62.9,36.9125,67.1,8.983333333333334,18.3,102.375,133.0,24.1,57,0.0,7.3,28.8
2025-01-25,Hyderabad,23.366666666666664,39.2,24.008333333333336,40.4,11.645833333333334,27.0,95.20833333333333,133.0,24.3,52,0.0,6.0,25.2
2025-01-26,Hyderabad,29.308333333333334,40.9,30.079166666666666,41.7,12.275,23.8,113.5,159.0,24.9,46,0.0,6.4,27.7
2025-01-27,Hyderabad,39.6625,52.2,40.475,53.1,12.7875,27.7,127.20833333333333,194.0,25.0,49,0.0,4.7,26.3
2025-01-28,Hyderabad,37.733333333333334,46.7,38.28333333333333,47.5,9.5375,20.6,125.70833333333333,184.0,25.1,47,0.0,5.9,28.8
2025-01-29,Hyderabad,39.86666666666667,52.2,40.40416666666667,52.6,7.845833333333334,16.5,118.66666666666667,165.0,24.7,51,0.0,6.4,29.2
2025-01-30,Hyderabad,43.645833333333336,61.9,44.104166666666664,62.6,10.4375,26.5,111.79166666666667,158.0,24.8,53,0.0,6.8,26.3
2025-01-31,Hyderabad,34.733333333333334,50.2,35.170833333333334,50.9,10.25,20.2,110.66666666666667,153.0,25.6,48,0.0,6.1,27.0
2025-02-01,Hyderabad,20.745833333333334,33.5,21.204166666666666,34.3,8.854166666666666,17.6,98.33333333333333,135.0,26.4,44,0.0,7.1,26.6
2025-02-02,Hyderabad,17.833333333333332,24.3,18.129166666666666,24.6,8.3125,17.0,100.125,141.0,26.5,42,0.0,6.9,28.8
2025-02-03,Hyderabad,18.695833333333333,27.2,18.866666666666667,27.5,9.066666666666666,19.2,106.375,144.0,26.5,42,0.0,6.4,29.9
2025-02-04,Hyderabad,24.612499999999997,39.3,24.708333333333332,39.5,10.166666666666666,23.0,106.125,138.0,26.6,42,0.0,6.6,25.9
2025-02-05,Hyderabad,29.5125,40.0,29.583333333333332,40.2,8.529166666666667,18.1,116.75,155.0,27.6,38,0.0,6.7,31.3
2025-02-06,Hyderabad,27.191666666666666,39.0,27.291666666666668,39.1,8.391666666666667,18.1,112.70833333333333,158.0,26.9,41,0.0,6.8,33.5
2025-02-07,Hyderabad,39.395833333333336,47.6,39.67916666666667,47.8,9.658333333333333,21.6,112.54166666666667,165.0,26.8,46,0.0,6.2,27.4
2025-02-08,Hyderabad,45.90833333333333,58.3,46.32083333333333,58.9,11.808333333333332,23.7,115.33333333333333,173.0,27.1,45,0.0,5.8,29.9
2025-02-09,Hyderabad,48.57916666666667,63.3,49.19583333333333,64.0,12.429166666666667,21.7,121.70833333333333,170.0,27.0,42,0.0,7.6,29.5
2025-02-10,Hyderabad,44.45416666666667,65.7,45.291666666666664,66.6,8.9125,18.2,115.125,162.0,26.7,48,0.0,6.9,32.0
2025-02-11,Hyderabad,49.4625,58.4,51.0625,60.3,9.762500000000001,23.9,115.875,169.0,27.3,44,0.0,6.3,31.0
2025-02-12,Hyderabad,41.137499999999996,66.8,42.84583333333333,68.7,13.945833333333333,42.7,115.04166666666667,180.0,28.0,41,0.0,6.0,31.0
2025-02-13,Hyderabad,41.916666666666664,66.1,43.15833333333333,67.3,19.900000000000002,40.9,111.95833333333333,185.0,27.7,39,0.0,5.3,29.2
2025-02-14,Hyderabad,34.57083333333333,48.0,38.4125,52.5,20.395833333333332,41.2,111.54166666666667,179.0,27.1,37,0.0,4.1,21.2
2025-02-15,Hyderabad,34.18333333333333,60.8,38.375,65.7,21.34166666666667,41.5,105.95833333333333,174.0,27.0,35,0.0,5.4,31.0
2025-02-16,Hyderabad,28.162499999999998,49.5,33.87916666666667,57.0,17.375,34.5,119.41666666666667,173.0,27.2,33,0.0,4.5,25.9
2025-02-17,Hyderabad,24.3,34.7,27.320833333333336,38.6,10.475,22.4,122.83333333333333,172.0,27.8,32,0.0,4.9,28.8
2025-02-18,Hyderabad,28.8875,53.2,31.22083333333333,54.9,14.799999999999999,51.9,111.83333333333333,167.0,28.1,38,0.0,6.1,29.2
2025-02-19,Hyderabad,34.862500000000004,65.4,36.954166666666666,67.3,15.970833333333333,48.6,113.75,174.0,28.6,37,0.0,7.1,28.1
2025-02-20,Hyderabad,38.574999999999996,54.6,41.475,58.9,13.333333333333334,35.7,109.83333333333333,174.0,28.3,42,0.5,5.4,24.5
2025-02-21,Hyderabad,35.7875,48.3,40.333333333333336,53.2,10.845833333333333,28.0,109.58333333333333,163.0,27.8,48,0.0,4.8,23.4
2025-02-22,Hyderabad,37.5875,58.9,46.5,65.9,16.195833333333333,45.5,102.70833333333333,155.0,28.1,41,0.0,5.6,31.3
2025-02-23,Hyderabad,32.270833333333336,54.0,45.04583333333333,61.5,15.945833333333333,41.2,107.16666666666667,162.0,27.8,36,0.0,7.1,36.4
2025-02-24,Hyderabad,20.5,29.2,33.80833333333333,46.2,9.741666666666667,17.3,117.83333333333333,154.0,27.7,29,0.0,8.8,31.7
2025-02-25,Hyderabad,26.53333333333333,32.5,32.675000000000004,39.6,8.070833333333333,18.9,111.125,151.0,26.5,43,0.0,8.6,30.2
2025-02-26,Hyderabad,38.69583333333333,56.5,47.0625,68.0,9.420833333333333,21.1,118.125,165.0,26.9,44,0.0,7.7,32.4
2025-02-27,Hyderabad,44.25,59.8,54.21666666666667,74.5,9.520833333333334,19.8,123.25,177.0,27.0,44,0.0,6.8,31.3
2025-02-28,Hyderabad,43.74583333333334,49.9,50.95416666666667,58.8,7.866666666666667,18.5,120.04166666666667,155.0,27.2,48,0.0,7.4,30.2
2025-03-01,Hyderabad,29.09583333333333,46.4,36.56666666666667,52.3,8.299999999999999,21.8,106.79166666666667,149.0,27.2,44,0.0,8.7,30.2
2025-03-02,Hyderabad,19.3875,27.1,22.97083333333333,30.2,10.299999999999999,23.9,98.33333333333333,137.0,28.5,37,0.0,6.8,31.7
2025-03-03,Hyderabad,29.03333333333333,56.5,33.125,61.7,16.808333333333334,49.2,104.54166666666667,169.0,29.9,29,0.0,6.1,32.0
2025-03-04,Hyderabad,39.15833333333333,56.7,52.237500000000004,78.0,27.075,48.2,89.04166666666667,171.0,29.9,32,0.0,6.1,35.6
2025-03-05,Hyderabad,32.15833333333333,57.2,52.27916666666667,80.6,19.791666666666668,47.1,94.04166666666667,154.0,28.7,31,0.0,7.6,32.8
2025-03-06,Hyderabad,19.241666666666667,38.1,21.945833333333336,42.8,17.083333333333332,46.1,105.04166666666667,161.0,26.9,23,0.0,7.4,31.3
2025-03-07,Hyderabad,28.820833333333336,50.5,28.974999999999998,50.5,21.3125,41.8,120.875,180.0,27.2,27,0.0,5.8,29.9
2025-03-08,Hyderabad,34.862500000000004,50.6,35.94166666666667,50.8,19.304166666666667,39.8,136.625,200.0,28.3,28,0.0,4.5,24.5
2025-03-09,Hyderabad,41.30833333333333,55.3,44.387499999999996,61.0,7.383333333333333,14.7,159.25,203.0,28.8,34,0.0,7.8,31.7
2025-03-10,Hyderabad,34.44166666666667,45.3,37.7375,48.3,7.208333333333333,19.5,120.79166666666667,168.0,27.1,53,0.0,9.3,36.0
2025-03-11,Hyderabad,35.1625,44.6,38.833333333333336,48.1,8.720833333333333,20.6,117.70833333333333,170.0,28.1,46,0.0,7.9,37.4
2025-03-12,Hyderabad,30.116666666666664,37.0,32.704166666666666,39.1,10.204166666666667,19.6,125.54166666666667,197.0,29.2,38,0.0,6.4,30.6
2025-03-13,Hyderabad,32.81666666666667,64.7,35.15833333333333,67.8,15.424999999999999,55.7,119.25,182.0,30.6,33,0.0,7.2,27.0
2025-03-14,Hyderabad,35.9625,51.5,38.8375,53.4,11.608333333333334,33.7,127.91666666666667,183.0,31.6,30,0.0,7.2,26.3
2025-03-15,Hyderabad,29.1125,37.8,31.65416666666667,39.7,8.049999999999999,18.7,126.79166666666667,168.0,31.4,27,0.0,8.3,34.6
2025-03-16,Hyderabad,21.566666666666666,26.3,23.383333333333336,27.5,7.4875,17.4,122.45833333333333,160.0,31.4,22,0.0,10.1,34.6
2025-03-17,Hyderabad,15.7125,32.0,16.183333333333334,32.6,10.116666666666667,31.5,112.58333333333333,168.0,31.2,25,0.0,7.4,30.2
2025-03-18,Hyderabad,17.545833333333334,24.7,18.175,25.4,8.320833333333333,15.4,114.25,165.0,31.4,28,0.0,7.5,35.3
2025-03-19,Hyderabad,11.758333333333333,15.9,12.129166666666668,16.1,6.6375,15.2,98.75,137.0,30.2,33,0.0,10.8,38.2
2025-03-20,Hyderabad,10.65,24.2,11.291666666666666,24.5,9.245833333333334,34.2,74.125,117.0,28.7,52,0.0,9.2,32.4
2025-03-21,Hyderabad,10.683333333333332,24.2,10.983333333333334,24.3,9.779166666666667,34.4,86.58333333333333,133.0,29.0,49,0.0,8.4,43.2
2025-03-22,Hyderabad,18.775000000000002,26.7,19.733333333333334,28.1,8.341666666666667,14.2,98.45833333333333,141.0,27.2,61,0.5,8.5,46.4
2025-03-23,Hyderabad,25.916666666666668,54.4,29.15416666666667,61.5,11.762500000000001,44.4,91.83333333333333,142.0,27.6,63,0.1,4.6,22.0
2025-03-24,Hyderabad,29.375,53.4,34.62916666666667,61.0,16.116666666666667,47.5,95.75,162.0,28.2,56,0.0,6.2,28.8
2025-03-25,Hyderabad,34.85,46.9,42.550000000000004,53.9,14.495833333333332,38.8,118.79166666666667,193.0,29.2,44,0.0,5.3,27.0
2025-03-26,Hyderabad,32.112500000000004,41.7,40.1875,47.6,10.266666666666667,22.9,131.83333333333334,192.0,30.0,35,0.0,7.3,36.7
2025-03-27,Hyderabad,36.854166666666664,62.9,42.762499999999996,69.2,14.779166666666667,49.6,135.70833333333334,204.0,30.8,33,0.0,8.6,42.1
2025-03-28,Hyderabad,43.63333333333333,76.1,50.12083333333334,83.1,19.287499999999998,63.1,136.58333333333334,194.0,31.8,31,0.0,6.0,26.3
2025-03-29,Hyderabad,59.362500000000004,93.4,67.53333333333333,102.2,22.5,70.3,138.16666666666666,200.0,31.9,31,0.0,6.2,27.4
2025-03-30,Hyderabad,53.82083333333333,80.1,62.5,88.9,12.075000000000001,45.3,145.25,207.0,32.0,29,0.0,7.1,37.4
2025-03-31,Hyderabad,38.833333333333336,61.0,50.1,75.7,9.674999999999999,22.3,129.83333333333334,177.0,31.2,28,0.0,7.3,31.3
2025-04-01,Hyderabad,35.604166666666664,50.6,43.15833333333333,63.6,8.491666666666667,13.9,112.0,163.0,29.4,47,0.0,8.0,34.2
2025-04-02,Hyderabad,19.016666666666666,25.1,21.2625,26.9,7.516666666666667,14.6,88.125,123.0,28.1,55,0.0,8.2,31.7
2025-04-03,Hyderabad,26.287499999999998,41.1,28.891666666666666,43.5,8.200000000000001,17.0,91.16666666666667,125.0,25.8,71,9.4,6.0,29.9
2025-04-04,Hyderabad,31.587500000000002,34.8,32.75833333333333,36.0,12.416666666666666,35.6,115.375,182.0,25.7,74,3.0,4.5,37.1
2025-04-05,Hyderabad,29.929166666666664,51.3,32.55416666666667,56.3,15.633333333333333,46.6,107.625,159.0,27.7,63,0.0,4.9,23.0
2025-04-06,Hyderabad,34.78333333333333,65.4,41.920833333333334,76.4,20.916666666666668,76.5,111.58333333333333,185.0,28.6,54,0.0,5.9,22.3
2025-04-07,Hyderabad,26.229166666666668,48.1,33.99583333333333,60.1,17.320833333333333,63.0,119.16666666666667,185.0,29.8,41,0.0,7.1,28.8
2025-04-08,Hyderabad,16.925,27.9,22.412499999999998,35.3,8.629166666666666,20.2,103.08333333333333,164.0,29.7,47,0.1,6.8,29.5
2025-04-09,Hyderabad,24.412499999999998,39.0,32.4,49.2,10.883333333333333,31.1,112.375,183.0,30.3,47,0.0,6.9,41.8
2025-04-10,Hyderabad,35.583333333333336,63.3,48.675000000000004,81.7,16.2,54.1,114.75,180.0,30.8,39,0.0,6.6,35.6
2025-04-11,Hyderabad,32.170833333333334,51.9,44.104166666666664,67.1,18.55,62.6,118.25,178.0,31.0,35,0.0,9.0,44.6
2025-04-12,Hyderabad,24.599999999999998,33.5,38.27916666666667,46.1,14.116666666666667,38.1,113.41666666666667,163.0,31.7,27,0.0,8.9,38.5
2025-04-13,Hyderabad,27.833333333333332,41.2,51.80416666666667,67.1,20.354166666666668,40.1,109.70833333333333,180.0,31.3,28,0.0,6.2,31.7
2025-04-14,Hyderabad,32.583333333333336,51.9,52.645833333333336,78.5,15.641666666666666,53.3,125.75,178.0,31.2,34,0.0,6.7,31.7
2025-04-15,Hyderabad,38.012499999999996,46.3,59.42916666666667,72.9,10.108333333333333,24.2,118.91666666666667,169.0,31.2,35,0.0,7.5,32.8
2025-04-16,Hyderabad,35.020833333333336,48.7,50.07916666666667,66.1,11.2875,36.9,120.45833333333333,167.0,30.5,51,0.0,9.2,40.7
2025-04-17,Hyderabad,32.49166666666667,48.0,44.387499999999996,62.9,14.116666666666667,48.1,117.75,173.0,30.1,54,0.3,7.3,29.9
2025-04-18,Hyderabad,34.0,54.9,48.1875,72.9,16.954166666666666,47.9,126.91666666666667,191.0,31.4,44,0.0,6.6,28.4
2025-04-19,Hyderabad,39.84583333333333,70.1,54.88333333333333,91.3,18.75,62.5,115.70833333333333,179.0,30.7,50,1.7,6.2,33.1
2025-04-20,Hyderabad,40.170833333333334,58.8,54.229166666666664,75.0,14.295833333333334,43.3,123.95833333333333,185.0,32.8,39,0.0,6.4,27.4
2025-04-21,Hyderabad,42.61666666666667,55.3,57.612500000000004,70.3,13.762500000000001,46.3,125.66666666666667,186.0,32.4,42,0.1,6.9,25.9
2025-04-22,Hyderabad,37.87083333333333,58.1,52.03333333333333,70.5,18.358333333333334,60.5,120.45833333333333,187.0,33.3,38,0.1,5.3,28.4
2025-04-23,Hyderabad,33.12916666666667,43.3,43.425000000000004,52.5,14.529166666666667,34.2,122.25,188.0,33.2,37,0.0,7.6,29.9
2025-04-24,Hyderabad,29.724999999999998,44.7,36.2875,53.4,12.966666666666667,30.0,120.70833333333333,181.0,33.6,32,0.0,7.8,33.5
2025-04-25,Hyderabad,34.17916666666667,68.5,39.324999999999996,75.4,18.483333333333334,62.9,114.58333333333333,177.0,33.4,35,0.0,6.1,30.2
2025-04-26,Hyderabad,41.708333333333336,59.8,47.9,66.1,17.054166666666667,51.5,115.58333333333333,182.0,32.4,42,0.0,5.7,29.9
2025-04-27,Hyderabad,34.61666666666667,44.1,39.425000000000004,49.7,13.033333333333333,24.8,110.375,167.0,29.1,62,8.2,5.4,26.6
2025-04-28,Hyderabad,30.28333333333333,41.9,35.17916666666667,49.4,14.008333333333333,39.0,116.125,186.0,30.8,48,0.0,5.9,22.7
2025-04-29,Hyderabad,18.966666666666665,41.1,26.2375,59.6,10.441666666666666,33.1,112.375,163.0,31.2,44,0.0,7.7,31.3
2025-04-30,Hyderabad,28.75,52.5,44.7125,78.7,14.158333333333333,48.7,114.375,174.0,32.3,41,0.0,8.4,31.7
2025-05-01,Hyderabad,28.65416666666667,51.2,42.45,75.9,10.041666666666666,34.4,115.375,175.0,31.7,50,0.0,6.9,29.5
2025-05-02,Hyderabad,30.495833333333334,46.4,42.887499999999996,65.2,10.4875,36.2,115.5,171.0,32.2,45,0.0,7.8,33.8
2025-05-03,Hyderabad,24.745833333333334,30.9,32.416666666666664,38.6,9.204166666666667,29.4,121.20833333333333,177.0,32.3,41,0.0,8.4,32.4
2025-05-04,Hyderabad,25.087500000000002,37.5,30.541666666666668,43.7,11.254166666666668,26.8,140.125,218.0,31.4,39,0.0,6.7,35.6
2025-05-05,Hyderabad,25.608333333333334,44.0,35.87083333333333,61.5,15.970833333333333,51.7,118.45833333333333,178.0,31.4,43,0.0,7.3,31.0
2025-05-06,Hyderabad,37.275,66.6,60.8375,104.5,24.6125,64.4,118.83333333333333,183.0,31.4,39,0.0,5.0,23.0
2025-05-07,Hyderabad,37.300000000000004,50.8,55.770833333333336,68.5,13.1,39.9,129.375,182.0,31.2,38,0.8,7.3,34.2
2025-05-08,Hyderabad,27.979166666666668,39.0,45.72083333333333,56.7,11.270833333333334,39.0,118.625,158.0,31.0,36,0.0,6.9,27.0
2025-05-09,Hyderabad,29.025000000000002,50.4,40.391666666666666,61.2,14.674999999999999,57.2,116.91666666666667,165.0,30.9,40,0.0,7.4,31.3
2025-05-10,Hyderabad,30.425,55.4,38.983333333333334,66.6,22.45,54.8,106.16666666666667,175.0,31.7,39,0.0,6.5,28.8
2025-05-11,Hyderabad,33.358333333333334,52.3,45.31666666666666,63.3,19.679166666666667,54.6,110.04166666666667,184.0,32.2,41,0.2,6.5,28.8
2025-05-12,Hyderabad,46.7125,63.8,63.862500000000004,90.8,15.904166666666667,43.0,118.16666666666667,180.0,32.1,43,0.0,7.4,30.6
2025-05-13,Hyderabad,51.30416666666667,75.4,61.35,84.3,18.95,54.2,119.125,186.0,31.2,49,0.0,5.9,28.8
2025-05-14,Hyderabad,46.4375,71.2,52.77916666666667,79.4,17.599999999999998,55.6,124.75,192.0,30.9,51,0.2,5.2,34.9
2025-05-15,Hyderabad,53.39166666666667,88.2,57.5875,91.3,25.724999999999998,83.6,113.0,180.0,29.3,61,11.5,5.2,32.4
2025-05-16,Hyderabad,32.604166666666664,45.2,33.90416666666667,46.0,16.75,57.1,129.16666666666666,204.0,29.9,57,0.3,4.5,28.1
2025-05-17,Hyderabad,26.325,37.1,27.2,38.0,13.004166666666668,27.7,126.04166666666667,184.0,30.2,57,0.6,5.2,27.0
2025-05-18,Hyderabad,35.0375,55.5,36.483333333333334,58.1,11.891666666666666,24.5,132.16666666666666,190.0,29.6,62,1.5,5.0,28.1
2025-05-19,Hyderabad,25.129166666666666,47.7,27.358333333333334,50.5,10.745833333333332,21.7,91.70833333333333,122.0,28.8,68,8.8,6.2,44.3
2025-05-20,Hyderabad,17.645833333333332,27.5,19.966666666666665,29.7,13.737499999999999,30.4,76.125,124.0,29.9,65,1.9,6.1,37.4
2025-05-21,Hyderabad,12.362499999999999,26.2,12.695833333333333,27.8,14.270833333333334,27.7,69.08333333333333,89.0,26.4,82,24.5,4.7,37.4
2025-05-22,Hyderabad,9.708333333333334,20.8,11.416666666666666,25.7,10.708333333333334,24.2,66.33333333333333,103.0,26.5,78,5.4,8.9,32.4
2025-05-23,Hyderabad,9.783333333333333,22.1,12.737499999999999,25.6,11.733333333333334,28.9,54.833333333333336,92.0,27.4,69,1.0,9.7,45.0
2025-05-24,Hyderabad,9.658333333333333,18.2,10.5,19.0,10.479166666666666,21.2,72.625,118.0,26.8,74,1.6,8.3,32.4
2025-05-25,Hyderabad,6.479166666666667,13.2,6.7375,13.8,9.204166666666667,17.8,69.33333333333333,105.0,26.5,77,2.6,9.9,44.3
2025-05-26,Hyderabad,17.354166666666668,32.6,17.979166666666668,33.3,8.404166666666667,14.4,104.20833333333333,160.0,25.7,81,2.0,6.8,27.0
2025-05-27,Hyderabad,19.366666666666667,27.2,19.683333333333334,27.4,7.616666666666667,15.5,102.20833333333333,144.0,25.9,81,1.5,10.0,38.5
2025-05-28,Hyderabad,22.008333333333336,36.8,25.945833333333336,46.4,9.8375,16.4,92.45833333333333,127.0,25.3,84,3.5,12.1,43.9
2025-05-29,Hyderabad,25.004166666666666,40.0,37.0375,62.6,9.066666666666666,12.7,75.04166666666667,105.0,26.1,82,4.5,10.3,31.3
2025-05-30,Hyderabad,22.425,27.6,45.59583333333333,72.2,7.370833333333334,13.0,77.25,112.0,27.7,71,1.8,12.3,43.9
2025-05-31,Hyderabad,21.391666666666666,26.0,46.300000000000004,58.8,7.566666666666666,16.8,80.95833333333333,117.0,28.6,59,0.0,13.1,40.7
2025-06-01,Hyderabad,16.708333333333332,21.8,36.5875,57.4,7.1375,16.2,67.95833333333333,94.0,28.0,62,0.2,13.2,41.8
2025-06-02,Hyderabad,13.608333333333334,23.5,25.325,39.8,6.654166666666666,12.2,66.25,94.0,27.3,66,1.1,12.9,43.6
2025-06-03,Hyderabad,17.441666666666666,26.6,36.025,55.1,8.433333333333334,23.7,68.58333333333333,103.0,27.7,65,0.2,10.7,34.6
2025-06-04,Hyderabad,19.575,25.6,43.93333333333334,63.6,7.3875,13.3,74.375,102.0,28.3,59,0.1,10.6,33.1
2025-06-05,Hyderabad,15.262500000000001,29.0,26.958333333333332,41.4,11.016666666666666,36.2,83.54166666666667,131.0,28.0,62,0.7,5.9,22.7
2025-06-06,Hyderabad,25.891666666666666,74.0,38.920833333333334,94.8,20.325,69.5,85.5,141.0,29.0,61,0.2,5.8,24.5
2025-06-07,Hyderabad,39.72083333333333,61.7,61.854166666666664,80.6,14.475,57.4,102.95833333333333,150.0,29.7,56,0.0,8.7,32.8
2025-06-08,Hyderabad,44.7875,48.7,72.69166666666666,91.0,10.054166666666667,24.2,107.54166666666667,148.0,29.3,60,0.6,9.9,34.9
2025-06-09,Hyderabad,35.30416666666667,42.7,53.145833333333336,61.9,11.108333333333334,17.5,93.41666666666667,125.0,26.1,77,6.2,11.3,34.2
2025-06-10,Hyderabad,28.933333333333334,38.2,46.975,61.7,8.595833333333333,17.3,97.5,134.0,27.4,70,1.6,11.8,37.1
2025-06-11,Hyderabad,33.05416666666667,47.4,49.4,61.9,12.108333333333334,25.0,92.54166666666667,128.0,26.6,75,2.6,10.0,36.4
2025-06-12,Hyderabad,38.3375,67.8,48.2125,77.5,13.075000000000001,40.8,118.95833333333333,169.0,26.5,80,10.0,4.8,27.4
2025-06-13,Hyderabad,54.78333333333333,84.1,63.19166666666666,95.2,22.454166666666666,57.0,97.5,166.0,27.6,77,0.9,4.3,16.6
2025-06-14,Hyderabad,17.275000000000002,60.8,18.625,68.0,10.979166666666666,30.8,75.54166666666667,109.0,27.7,74,1.6,8.4,28.8
2025-06-15,Hyderabad,7.583333333333333,12.4,8.433333333333334,14.2,7.654166666666666,13.3,67.58333333333333,106.0,26.5,77,5.4,12.6,43.6
2025-06-16,Hyderabad,4.858333333333333,8.0,6.0375000000000005,11.6,6.845833333333334,10.0,62.875,84.0,26.4,75,1.6,17.8,62.3
2025-06-17,Hyderabad,9.0,16.4,16.841666666666665,36.2,6.158333333333334,9.9,62.041666666666664,93.0,27.6,66,0.1,15.4,51.8
2025-06-18,Hyderabad,8.608333333333333,13.5,16.5125,27.4,5.270833333333333,7.5,61.458333333333336,83.0,27.5,66,0.2,15.7,52.6
2025-06-19,Hyderabad,7.6000000000000005,12.2,13.279166666666667,22.2,5.620833333333334,8.4,58.5,82.0,27.2,68,2.3,18.5,66.6
2025-06-20,Hyderabad,7.858333333333333,13.1,13.183333333333332,20.0,5.2124999999999995,9.5,61.916666666666664,85.0,27.5,67,0.2,16.0,52.2
2025-06-21,Hyderabad,9.825000000000001,16.5,18.879166666666666,31.0,5.375,9.1,60.333333333333336,85.0,28.1,64,0.3,15.7,51.8
2025-06-22,Hyderabad,10.604166666666666,17.3,20.566666666666666,34.9,5.391666666666667,9.8,61.958333333333336,87.0,28.1,61,1.0,15.7,53.3
2025-06-23,Hyderabad,9.445833333333333,15.3,19.208333333333332,33.6,5.5125,9.1,53.625,76.0,26.7,67,0.5,18.4,58.3
2025-06-24,Hyderabad,6.991666666666667,9.7,11.929166666666667,20.4,5.875,8.0,49.541666666666664,78.0,25.7,74,12.4,18.7,58.3
2025-06-25,Hyderabad,9.275,15.9,19.458333333333332,35.4,6.241666666666667,9.8,52.916666666666664,77.0,25.9,74,7.2,14.9,47.2
2025-06-26,Hyderabad,10.216666666666667,14.8,25.954166666666666,46.7,5.508333333333333,9.0,56.75,82.0,26.2,74,9.8,14.7,45.0
2025-06-27,Hyderabad,10.354166666666666,21.9,24.945833333333336,62.6,5.379166666666666,9.4,59.75,85.0,26.7,69,1.6,14.7,49.0
2025-06-28,Hyderabad,10.737499999999999,18.7,21.770833333333332,33.8,5.679166666666667,10.3,61.25,86.0,27.6,64,0.3,15.9,54.0
2025-06-29,Hyderabad,10.033333333333333,13.9,20.295833333333334,40.0,5.3999999999999995,9.1,62.375,91.0,26.9,65,1.5,17.9,56.5
2025-06-30,Hyderabad,8.620833333333334,13.7,14.8125,21.2,7.129166666666666,11.2,47.541666666666664,60.0,25.5,75,8.7,17.0,61.2
2025-07-01,Hyderabad,7.3999999999999995,12.1,13.1,28.3,6.083333333333333,8.5,53.208333333333336,79.0,24.5,83,9.6,17.5,52.2
2025-07-02,Hyderabad,6.020833333333333,9.9,7.791666666666667,14.0,8.012500000000001,10.0,42.875,55.0,24.6,85,4.9,13.2,36.0
2025-07-03,Hyderabad,5.2625,12.4,7.7375,25.9,6.5125,9.1,46.208333333333336,64.0,25.2,78,1.8,15.1,52.2
2025-07-04,Hyderabad,6.158333333333334,10.6,9.666666666666666,17.9,5.875,8.2,50.75,70.0,25.9,75,11.5,16.8,58.0
2025-07-05,Hyderabad,7.329166666666667,16.4,14.204166666666666,34.5,4.708333333333333,7.2,57.5,80.0,26.0,75,2.9,18.0,58.3
2025-07-06,Hyderabad,9.654166666666667,16.8,24.354166666666668,44.2,4.4624999999999995,6.4,60.541666666666664,82.0,26.6,69,2.4,17.9,56.5
2025-07-07,Hyderabad,10.841666666666667,23.2,21.095833333333335,53.4,6.779166666666666,12.4,50.75,66.0,25.5,76,3.0,17.6,56.9
2025-07-08,Hyderabad,11.704166666666666,15.9,24.066666666666666,38.9,5.825,9.7,56.291666666666664,82.0,25.8,74,1.7,16.7,60.1
2025-07-09,Hyderabad,12.387500000000001,19.4,28.7625,57.2,6.483333333333333,14.2,54.75,81.0,26.0,73,0.6,14.7,51.5
2025-07-10,Hyderabad,29.162499999999998,56.8,69.925,118.3,11.4,36.8,57.958333333333336,97.0,26.8,70,0.7,11.9,41.4
2025-07-11,Hyderabad,30.65416666666667,55.2,67.6125,113.2,13.004166666666668,33.8,57.666666666666664,91.0,27.5,68,0.3,9.9,36.4
2025-07-12,Hyderabad,15.870833333333332,20.6,31.425,45.9,8.2125,19.8,62.916666666666664,92.0,27.6,67,1.3,12.3,43.9
2025-07-13,Hyderabad,12.070833333333333,15.9,23.55,29.9,6.5625,11.8,57.833333333333336,79.0,28.1,63,0.0,13.3,43.2
2025-07-14,Hyderabad,9.575000000000001,14.8,18.558333333333334,28.9,5.991666666666667,11.9,56.666666666666664,79.0,28.2,62,1.2,15.1,47.9
2025-07-15,Hyderabad,7.654166666666666,17.9,9.575000000000001,20.3,6.654166666666666,14.0,51.875,70.0,27.0,71,2.7,13.7,47.2
2025-07-16,Hyderabad,10.025,25.6,15.479166666666666,38.4,10.549999999999999,30.1,50.541666666666664,79.0,27.7,69,4.3,9.8,37.1
2025-07-17,Hyderabad,20.170833333333334,34.2,34.75,46.3,11.875,31.7,65.75,105.0,27.0,77,7.0,6.3,32.8
2025-07-18,Hyderabad,16.241666666666667,26.0,22.47083333333333,33.5,11.0625,26.2,68.41666666666667,100.0,25.9,82,12.5,6.3,23.8
2025-07-19,Hyderabad,17.891666666666666,34.6,24.9375,45.5,12.0625,28.8,71.54166666666667,116.0,25.7,83,8.5,7.2,28.1
2025-07-20,Hyderabad,20.962500000000002,42.7,36.775,64.7,14.433333333333332,40.5,49.75,91.0,26.2,78,2.1,8.6,28.1
2025-07-21,Hyderabad,12.295833333333334,25.9,16.641666666666666,43.7,11.7875,24.2,50.5,74.0,26.2,79,3.0,10.1,33.1
2025-07-22,Hyderabad,7.1625000000000005,14.5,8.404166666666667,17.5,7.608333333333333,15.0,58.25,76.0,25.3,84,5.5,12.5,41.4
2025-07-23,Hyderabad,4.558333333333334,7.5,4.720833333333333,7.5,6.8625,10.8,54.333333333333336,71.0,24.4,87,8.1,15.1,47.2
2025-07-24,Hyderabad,5.183333333333334,8.6,5.925,11.4,8.241666666666667,12.1,46.041666666666664,65.0,23.9,87,8.5,15.8,45.4
2025-07-25,Hyderabad,5.429166666666667,9.3,6.2749999999999995,10.5,7.970833333333334,13.7,47.041666666666664,68.0,24.0,88,14.9,16.7,58.3
2025-07-26,Hyderabad,3.8625000000000003,6.1,4.504166666666666,8.7,6.583333333333333,9.6,48.333333333333336,60.0,23.5,90,23.5,20.0,49.7
2025-07-27,Hyderabad,6.283333333333334,11.4,11.429166666666667,21.4,4.608333333333333,7.5,53.541666666666664,75.0,25.8,73,0.9,20.4,67.3
2025-07-28,Hyderabad,7.091666666666666,10.8,13.054166666666667,20.0,4.816666666666666,8.6,52.791666666666664,73.0,25.9,70,0.0,19.3,62.6
2025-07-29,Hyderabad,6.7375,12.0,12.458333333333334,25.7,5.0249999999999995,9.1,52.458333333333336,73.0,26.0,71,0.5,18.8,64.8
2025-07-30,Hyderabad,8.875,15.3,17.0625,28.3,6.2875000000000005,11.6,47.708333333333336,65.0,25.4,77,2.9,15.9,55.4
2025-07-31,Hyderabad,10.216666666666667,13.2,18.866666666666667,27.0,6.516666666666667,12.3,55.083333333333336,78.0,26.0,74,1.0,14.1,49.3
2025-08-01,Hyderabad,12.920833333333334,23.1,24.787499999999998,37.3,8.4375,20.4,52.5,81.0,26.4,73,0.0,12.0,43.6
2025-08-02,Hyderabad,21.34166666666667,46.7,37.61666666666667,67.1,12.904166666666667,37.6,52.125,87.0,27.0,71,0.2,8.4,31.3
2025-08-03,Hyderabad,19.479166666666668,38.5,29.954166666666666,58.8,13.429166666666667,34.7,63.833333333333336,104.0,26.8,76,0.6,6.8,25.2
2025-08-04,Hyderabad,35.829166666666666,60.1,50.145833333333336,74.3,26.104166666666668,54.0,61.125,125.0,26.4,80,4.1,3.8,20.2
2025-08-05,Hyderabad,40.9625,59.0,52.824999999999996,73.8,19.858333333333334,51.6,79.125,135.0,26.5,79,6.6,3.7,24.8
2025-08-06,Hyderabad,30.40416666666667,50.9,37.670833333333334,57.0,16.120833333333334,51.9,68.79166666666667,110.0,26.6,79,7.0,3.8,20.9
2025-08-07,Hyderabad,34.92916666666667,63.8,39.53333333333333,70.8,24.816666666666666,59.3,62.166666666666664,124.0,26.1,83,23.7,3.1,18.4
2025-08-08,Hyderabad,23.27916666666667,49.6,23.829166666666666,49.7,17.608333333333334,50.1,63.0,109.0,26.0,80,3.9,4.6,22.7
2025-08-09,Hyderabad,19.4375,39.0,20.025000000000002,39.1,16.666666666666668,41.0,67.25,117.0,24.8,85,5.4,5.9,26.3
2025-08-10,Hyderabad,18.849999999999998,38.8,21.054166666666667,43.5,13.025,32.5,60.333333333333336,90.0,24.7,86,15.0,7.1,27.4
2025-08-11,Hyderabad,13.691666666666668,19.0,17.712500000000002,24.3,7.754166666666666,13.8,67.08333333333333,98.0,24.8,84,9.7,9.9,35.3
2025-08-12,Hyderabad,14.679166666666667,22.3,18.770833333333332,28.3,7.783333333333334,14.7,60.625,85.0,24.9,83,4.4,11.6,41.0
2025-08-13,Hyderabad,14.216666666666667,20.4,16.620833333333334,23.8,11.545833333333334,19.7,44.625,60.0,23.8,88,11.8,12.4,45.4
2025-08-14,Hyderabad,7.229166666666667,12.5,7.8125,14.0,8.020833333333334,11.5,51.166666666666664,64.0,24.1,85,8.8,11.8,34.6
2025-08-15,Hyderabad,7.483333333333333,17.7,8.166666666666666,19.2,7.866666666666667,16.1,52.333333333333336,74.0,24.4,85,4.8,13.5,42.5
2025-08-16,Hyderabad,6.154166666666666,10.4,6.9125000000000005,12.0,6.929166666666667,10.4,56.75,72.0,24.2,86,2.0,15.3,50.0
2025-08-17,Hyderabad,5.4875,8.1,7.391666666666667,13.7,6.541666666666667,9.0,44.833333333333336,57.0,23.8,88,7.5,13.2,45.7
2025-08-18,Hyderabad,3.533333333333333,5.7,3.7541666666666664,6.6,6.354166666666667,9.3,44.875,57.0,23.6,88,15.6,19.2,55.8
2025-08-19,Hyderabad,3.4416666666666664,7.3,3.6791666666666667,7.7,5.558333333333334,7.9,51.541666666666664,69.0,23.8,85,7.4,20.7,64.1
2025-08-20,Hyderabad,5.045833333333333,12.0,6.4375,16.3,5.6000000000000005,10.5,52.625,75.0,24.6,82,2.8,16.8,55.1
2025-08-21,Hyderabad,9.079166666666667,16.5,14.3375,25.7,6.495833333333334,13.6,51.375,74.0,25.8,76,0.1,14.4,49.7
2025-08-22,Hyderabad,12.9,18.7,20.537499999999998,31.4,7.366666666666666,12.2,44.541666666666664,61.0,25.6,75,0.1,13.8,50.0
2025-08-23,Hyderabad,10.104166666666666,15.1,13.808333333333332,21.5,6.458333333333333,10.8,52.041666666666664,77.0,25.3,74,0.1,15.4,52.9
2025-08-24,Hyderabad,8.275,13.5,10.620833333333334,16.3,6.879166666666666,11.7,47.0,63.0,25.6,72,0.1,14.8,51.5
2025-08-25,Hyderabad,9.549999999999999,17.2,13.020833333333334,21.7,7.241666666666667,18.2,50.75,71.0,25.6,71,0.1,14.4,50.4
2025-08-26,Hyderabad,8.770833333333334,17.4,10.029166666666667,19.2,7.645833333333333,12.4,44.916666666666664,59.0,24.2,84,19.8,11.5,45.4
2025-08-27,Hyderabad,9.054166666666667,17.7,12.058333333333332,24.6,8.754166666666666,16.1,47.333333333333336,67.0,23.3,91,25.8,13.3,35.6
2025-08-28,Hyderabad,8.345833333333333,12.4,9.466666666666667,14.8,8.445833333333333,13.8,56.375,82.0,23.7,89,17.6,13.9,46.4
2025-08-29,Hyderabad,10.166666666666666,15.5,16.204166666666666,26.0,6.441666666666666,9.7,60.333333333333336,84.0,24.9,81,1.7,13.2,43.6
2025-08-30,Hyderabad,8.920833333333333,23.0,13.041666666666666,29.9,8.025,22.0,52.708333333333336,80.0,25.8,77,0.4,11.2,42.5
2025-08-31,Hyderabad,11.233333333333334,19.6,19.3125,34.3,7.070833333333333,15.1,55.875,75.0,25.0,84,2.9,12.0,41.4
2025-09-01,Hyderabad,8.791666666666666,13.9,13.983333333333334,19.7,6.891666666666667,11.4,50.541666666666664,71.0,24.8,83,8.7,12.9,45.4
2025-09-02,Hyderabad,10.545833333333333,19.4,15.625,26.4,7.8625,15.6,50.958333333333336,70.0,24.3,84,4.5,13.8,50.0
2025-09-03,Hyderabad,15.608333333333334,28.5,26.575,45.1,8.504166666666666,21.5,63.333333333333336,82.0,24.9,79,0.2,12.4,40.3
2025-09-04,Hyderabad,15.954166666666666,24.3,27.883333333333336,36.2,9.383333333333333,18.5,55.583333333333336,81.0,25.4,76,0.3,12.2,46.8
2025-09-05,Hyderabad,11.745833333333332,20.7,18.491666666666667,28.8,9.545833333333333,23.9,50.708333333333336,79.0,25.5,75,0.6,11.3,37.4
2025-09-06,Hyderabad,13.616666666666667,26.7,20.945833333333333,37.6,9.704166666666667,26.7,52.791666666666664,80.0,25.6,78,0.2,9.7,36.4
2025-09-07,Hyderabad,18.787499999999998,30.2,30.729166666666668,40.9,12.679166666666667,30.5,52.416666666666664,90.0,25.6,73,0.0,9.3,37.1
2025-09-08,Hyderabad,15.625,26.3,21.349999999999998,31.3,12.620833333333332,31.6,56.5,96.0,26.2,73,0.5,7.6,25.9
2025-09-09,Hyderabad,21.995833333333334,45.2,27.458333333333332,48.8,19.5625,56.1,64.25,125.0,27.2,67,0.9,5.5,23.4
2025-09-10,Hyderabad,25.90833333333333,43.8,28.066666666666666,47.1,20.974999999999998,55.0,62.25,118.0,26.1,79,12.2,6.5,27.4
2025-09-11,Hyderabad,25.90416666666667,34.7,30.59166666666667,41.1,9.233333333333333,14.4,77.125,108.0,24.2,87,20.5,10.7,38.5
2025-09-12,Hyderabad,30.400000000000002,35.4,36.32083333333333,49.2,10.991666666666667,23.1,77.54166666666667,117.0,23.8,89,6.6,8.9,32.0
2025-09-13,Hyderabad,25.1125,39.7,26.7375,42.0,10.15,16.6,84.16666666666667,131.0,24.1,89,11.5,6.0,27.4
2025-09-14,Hyderabad,11.958333333333334,20.8,12.204166666666667,21.0,10.079166666666667,23.5,72.625,99.0,25.0,85,7.2,5.8,25.6
2025-09-15,Hyderabad,11.954166666666666,20.5,12.137500000000001,20.9,11.016666666666666,25.4,64.0,81.0,25.2,84,4.5,8.7,32.4
2025-09-16,Hyderabad,16.766666666666666,24.4,17.033333333333335,24.7,13.670833333333334,29.5,68.16666666666667,112.0,25.2,85,7.6,6.2,27.0
2025-09-17,Hyderabad,19.620833333333334,29.6,19.8625,29.9,14.775,30.0,79.08333333333333,146.0,25.4,85,1.2,4.1,19.8
2025-09-18,Hyderabad,15.341666666666667,34.2,15.566666666666668,34.6,11.987499999999999,35.2,78.25,118.0,25.8,83,6.3,4.9,27.4
2025-09-19,Hyderabad,14.654166666666667,26.3,14.862499999999999,26.4,11.754166666666668,26.9,70.29166666666667,114.0,25.5,82,16.2,6.7,26.6
2025-09-20,Hyderabad,15.237499999999999,25.6,15.270833333333334,25.6,10.595833333333333,27.5,77.0,128.0,25.7,82,2.2,7.5,27.7
2025-09-21,Hyderabad,19.354166666666668,33.6,19.474999999999998,33.8,10.200000000000001,18.0,80.70833333333333,135.0,25.4,84,9.3,7.9,29.9
2025-09-22,Hyderabad,17.195833333333333,30.4,17.537499999999998,30.9,10.641666666666667,22.6,74.5,122.0,24.7,87,6.8,8.5,34.6
2025-09-23,Hyderabad,14.924999999999999,27.4,15.804166666666667,29.5,10.154166666666667,19.2,69.875,109.0,24.7,86,10.2,10.9,39.2
2025-09-24,Hyderabad,21.5125,31.7,24.008333333333336,34.2,7.895833333333333,15.5,75.875,115.0,25.0,80,0.0,12.7,45.4
2025-09-25,Hyderabad,14.799999999999999,24.7,15.908333333333333,26.8,7.833333333333333,12.0,66.79166666666667,84.0,23.6,84,6.0,14.5,46.1
2025-09-26,Hyderabad,12.4625,19.9,13.054166666666667,20.7,10.6875,22.5,65.83333333333333,89.0,23.7,88,16.9,10.8,38.2
2025-09-27,Hyderabad,7.883333333333333,17.7,8.058333333333334,18.6,8.575000000000001,13.3,68.95833333333333,94.0,23.4,92,10.5,12.0,34.6
2025-09-28,Hyderabad,7.466666666666666,14.0,8.0625,14.4,6.7250000000000005,13.5,60.541666666666664,80.0,23.9,82,3.3,12.6,45.0
2025-09-29,Hyderabad,9.320833333333333,14.6,10.108333333333333,16.6,7.670833333333333,13.9,59.458333333333336,86.0,25.0,76,0.0,10.5,38.2
2025-09-30,Hyderabad,9.929166666666667,16.6,12.595833333333333,20.0,8.137500000000001,20.1,55.0,77.0,25.2,79,0.1,10.9,40.7
2025-10-01,Hyderabad,9.316666666666666,16.0,11.625,18.3,8.229166666666666,17.2,52.208333333333336,74.0,25.4,75,0.2,11.2,40.0
2025-10-02,Hyderabad,9.675,16.6,11.666666666666666,19.2,9.6,20.0,46.0,68.0,25.1,78,0.0,10.5,31.7
2025-10-03,Hyderabad,11.416666666666666,15.5,14.308333333333332,17.1,9.375,19.7,54.25,89.0,25.8,76,0.0,10.8,39.6
2025-10-04,Hyderabad,11.345833333333333,23.1,12.079166666666666,23.9,11.341666666666667,29.2,56.208333333333336,96.0,26.0,79,0.8,9.2,31.7
2025-10-05,Hyderabad,20.6875,38.8,21.625,40.0,17.595833333333335,42.2,53.958333333333336,105.0,25.4,80,2.3,6.9,30.6
2025-10-06,Hyderabad,13.370833333333332,35.3,13.895833333333334,36.8,11.208333333333334,32.9,70.33333333333333,111.0,24.6,82,10.2,7.9,32.8
2025-10-07,Hyderabad,19.454166666666666,27.5,23.5,32.4,12.625,27.3,71.33333333333333,118.0,24.7,82,3.4,5.3,27.0
2025-10-08,Hyderabad,31.27916666666667,47.6,35.166666666666664,50.3,16.233333333333334,35.7,78.95833333333333,132.0,25.9,75,0.7,4.2,24.1
2025-10-09,Hyderabad,38.9375,51.0,47.699999999999996,63.8,20.724999999999998,36.5,78.75,149.0,25.8,76,1.1,5.2,25.2
2025-10-10,Hyderabad,38.9375,52.2,54.583333333333336,68.7,19.404166666666665,39.6,83.79166666666667,159.0,26.3,60,0.0,6.4,25.2
2025-10-11,Hyderabad,35.329166666666666,41.4,45.75416666666666,59.5,14.533333333333333,30.7,91.75,161.0,26.1,57,0.0,8.0,33.1
2025-10-12,Hyderabad,44.958333333333336,61.7,49.14166666666667,63.8,17.954166666666666,42.1,91.20833333333333,157.0,26.9,57,0.0,7.6,28.8
2025-10-13,Hyderabad,51.75833333333333,61.9,53.50833333333333,63.6,16.641666666666666,34.1,88.29166666666667,142.0,25.5,70,0.2,6.3,27.4
2025-10-14,Hyderabad,28.40833333333333,44.6,28.666666666666668,44.9,10.4125,18.6,80.41666666666667,129.0,24.9,82,2.1,8.2,36.0
2025-10-15,Hyderabad,22.679166666666664,33.6,23.25,34.2,10.658333333333333,30.8,74.54166666666667,115.0,25.7,75,0.7,9.2,34.2
2025-10-16,Hyderabad,35.1875,39.2,36.46666666666666,40.6,11.6625,21.1,95.79166666666667,139.0,26.8,66,0.0,8.5,42.1
2025-10-17,Hyderabad,45.6625,56.1,47.324999999999996,57.6,13.316666666666668,26.2,97.41666666666667,146.0,26.9,65,0.7,9.0,38.9
2025-10-18,Hyderabad,55.36666666666667,67.8,57.65833333333333,71.9,13.883333333333333,24.7,101.5,147.0,27.1,60,0.0,7.3,31.3
2025-10-19,Hyderabad,44.645833333333336,67.3,47.637499999999996,72.4,9.904166666666667,17.5,91.25,137.0,26.2,68,1.3,8.3,34.2
2025-10-20,Hyderabad,15.2875,25.6,15.612499999999999,26.1,8.591666666666667,17.4,59.041666666666664,83.0,25.7,74,10.8,6.7,27.7
2025-10-21,Hyderabad,12.545833333333334,19.0,12.758333333333333,19.3,7.404166666666666,14.2,60.25,84.0,25.4,77,2.2,9.3,40.7
2025-10-22,Hyderabad,10.229166666666666,14.5,10.4,14.8,7.0375000000000005,11.3,70.16666666666667,96.0,25.1,81,5.1,11.1,42.8
2025-10-23,Hyderabad,6.3125,10.4,6.370833333333334,10.5,7.516666666666667,13.8,56.5,69.0,23.7,89,5.5,12.7,44.6
2025-10-24,Hyderabad,7.970833333333332,17.3,8.079166666666667,17.5,8.854166666666666,19.1,47.208333333333336,69.0,23.3,91,12.0,7.9,31.3
2025-10-25,Hyderabad,8.695833333333333,25.5,8.762500000000001,25.7,10.258333333333333,28.6,45.958333333333336,64.0,23.4,89,20.4,6.3,23.4
2025-10-26,Hyderabad,12.120833333333332,22.6,12.333333333333334,23.2,8.908333333333333,20.7,62.875,95.0,24.4,84,1.0,7.2,26.6
2025-10-27,Hyderabad,22.5125,46.4,23.120833333333334,47.3,14.629166666666668,26.0,70.70833333333333,117.0,24.9,79,2.3,4.4,21.6
2025-10-28,Hyderabad,10.8375,17.1,10.9,17.4,10.125,18.5,63.125,78.0,23.5,89,16.8,11.5,40.7
2025-10-29,Hyderabad,14.983333333333334,27.6,15.404166666666667,28.6,7.7,12.5,66.04166666666667,77.0,22.5,91,26.7,15.0,41.0
2025-10-30,Hyderabad,13.591666666666667,24.4,14.320833333333333,25.6,8.158333333333333,20.3,70.16666666666667,95.0,24.8,74,0.2,13.5,45.4
2025-10-31,Hyderabad,16.316666666666666,28.2,17.916666666666668,29.5,10.7875,25.6,60.0,90.0,24.4,71,0.0,9.4,35.3
2025-11-01,Hyderabad,17.358333333333334,44.2,18.400000000000002,46.1,13.045833333333334,35.7,62.166666666666664,97.0,25.2,80,0.1,5.2,26.3
2025-11-02,Hyderabad,15.200000000000001,38.8,15.683333333333332,40.6,13.679166666666667,35.3,62.5,103.0,25.0,81,0.4,8.3,36.4
2025-11-03,Hyderabad,20.808333333333334,36.2,21.191666666666666,36.3,12.65,33.3,72.54166666666667,123.0,25.4,81,1.0,6.8,31.0
2025-11-04,Hyderabad,19.366666666666667,33.3,19.604166666666668,33.8,13.904166666666667,33.5,71.20833333333333,119.0,24.3,85,1.6,6.3,25.9
2025-11-05,Hyderabad,27.25,44.5,27.900000000000002,44.8,19.525000000000002,51.2,71.375,129.0,25.2,74,0.0,5.8,26.6
2025-11-06,Hyderabad,34.28333333333333,44.2,35.19166666666667,45.3,24.6875,53.3,68.875,136.0,25.0,65,0.0,6.2,23.8
2025-11-07,Hyderabad,32.5875,41.6,34.237500000000004,43.5,19.916666666666668,42.0,85.25,154.0,25.0,58,0.0,7.6,27.4
2025-11-08,Hyderabad,30.954166666666666,45.2,31.724999999999998,46.4,22.520833333333332,58.2,89.125,164.0,24.2,50,0.0,6.7,25.9
2025-11-09,Hyderabad,45.1875,66.8,48.074999999999996,71.5,24.0625,47.5,95.25,176.0,23.3,54,0.0,6.0,25.6
2025-11-10,Hyderabad,58.4625,71.9,63.39166666666667,75.0,25.766666666666666,59.3,112.91666666666667,192.0,23.5,51,0.0,4.3,20.5
2025-11-11,Hyderabad,53.15833333333333,76.1,55.22083333333333,78.9,22.758333333333336,43.9,106.04166666666667,193.0,24.2,49,0.0,5.1,27.4
2025-11-12,Hyderabad,49.112500000000004,58.7,51.13333333333333,61.5,17.216666666666665,33.5,115.66666666666667,182.0,24.1,48,0.0,6.5,24.5
2025-11-13,Hyderabad,46.30416666666667,61.5,49.39166666666667,65.4,17.645833333333332,32.9,118.70833333333333,183.0,23.4,45,0.0,7.0,24.8
2025-11-14,Hyderabad,46.90416666666667,67.8,50.75,72.6,17.325,31.6,116.41666666666667,169.0,22.4,50,0.0,6.0,22.3
2025-11-15,Hyderabad,56.800000000000004,94.3,60.89166666666667,99.7,19.229166666666668,33.8,116.5,176.0,22.4,52,0.0,5.1,22.7
2025-11-16,Hyderabad,53.020833333333336,71.0,55.67916666666667,75.0,17.179166666666667,29.5,116.45833333333333,178.0,22.4,48,0.0,7.0,26.3
2025-11-17,Hyderabad,52.88333333333333,63.1,55.09166666666667,65.4,15.362499999999999,31.6,121.70833333333333,186.0,22.3,45,0.0,8.3,30.2
2025-11-18,Hyderabad,53.25833333333333,68.0,55.25,69.2,16.233333333333334,34.8,119.29166666666667,183.0,23.1,45,0.0,5.5,21.2
2025-11-19,Hyderabad,53.1625,68.9,54.52916666666667,70.3,16.758333333333333,32.4,120.91666666666667,180.0,23.1,49,0.0,4.8,23.0
2025-11-20,Hyderabad,46.34583333333333,79.4,47.425000000000004,81.5,16.008333333333333,25.5,121.25,172.0,23.0,49,0.0,5.8,22.3
2025-11-21,Hyderabad,29.858333333333334,48.2,30.325,48.5,14.066666666666668,26.8,94.95833333333333,116.0,24.3,57,0.0,6.3,31.0
2025-11-22,Hyderabad,25.558333333333334,37.8,26.1125,38.4,12.208333333333334,21.4,88.41666666666667,116.0,25.2,63,0.0,6.7,29.9
2025-11-23,Hyderabad,26.454166666666666,32.9,27.71666666666667,34.3,11.141666666666666,19.2,93.83333333333333,132.0,25.7,61,0.0,5.5,24.1
2025-11-24,Hyderabad,30.108333333333334,46.2,31.125,47.4,11.879166666666668,21.7,95.16666666666667,144.0,25.4,54,0.0,6.8,26.3
2025-11-25,Hyderabad,37.887499999999996,65.4,38.75416666666667,66.6,11.991666666666667,26.8,106.04166666666667,148.0,24.4,58,0.0,7.5,28.4
2025-11-26,Hyderabad,65.3125,87.8,66.79166666666667,90.1,14.012500000000001,23.5,110.375,156.0,24.0,61,0.0,7.0,30.2
2025-11-27,Hyderabad,82.04583333333333,105.2,84.1125,107.6,12.933333333333332,23.3,118.20833333333333,170.0,23.6,63,0.0,7.4,29.2
2025-11-28,Hyderabad,59.50416666666666,85.9,61.333333333333336,87.8,12.345833333333333,24.1,115.08333333333333,168.0,23.1,52,0.0,9.2,29.5
2025-11-29,Hyderabad,44.80833333333334,60.3,45.94583333333333,62.4,13.325000000000001,24.7,113.04166666666667,166.0,22.1,51,0.0,7.3,22.7
2025-11-30,Hyderabad,39.15833333333333,45.6,39.6875,46.6,13.725,23.9,111.54166666666667,163.0,22.7,54,0.0,7.0,25.2
2025-12-01,Hyderabad,38.87916666666667,45.9,39.395833333333336,46.3,11.391666666666666,18.9,103.375,150.0,23.4,60,0.2,6.5,26.3
2025-12-02,Hyderabad,43.458333333333336,73.3,43.800000000000004,73.8,10.8375,17.9,108.54166666666667,148.0,23.9,62,0.0,7.0,30.2
2025-12-03,Hyderabad,35.791666666666664,54.5,35.887499999999996,54.6,10.283333333333333,16.4,89.70833333333333,130.0,24.1,58,0.0,8.1,29.5
2025-12-04,Hyderabad,43.96666666666667,54.4,44.300000000000004,54.9,9.733333333333333,20.2,92.75,125.0,24.3,62,0.1,7.2,27.0
2025-12-05,Hyderabad,48.75416666666666,69.4,49.03333333333333,69.8,10.033333333333333,18.7,109.5,151.0,23.6,52,0.0,8.3,28.4
2025-12-06,Hyderabad,57.574999999999996,68.9,58.00416666666666,69.4,12.225,23.7,112.54166666666667,170.0,22.9,49,0.0,6.8,22.7
2025-12-07,Hyderabad,53.699999999999996,66.6,54.62083333333334,68.9,13.200000000000001,24.1,121.25,185.0,23.4,45,0.0,7.4,27.4
2025-12-08,Hyderabad,50.32083333333333,66.8,52.79583333333333,71.0,14.375,23.9,116.20833333333333,180.0,22.6,40,0.0,7.3,28.8
2025-12-09,Hyderabad,35.05833333333333,52.2,38.0875,55.8,12.420833333333334,23.4,104.29166666666667,143.0,22.7,35,0.0,9.2,34.9
2025-12-10,Hyderabad,32.30416666666667,50.5,34.108333333333334,52.5,13.120833333333332,27.8,109.75,157.0,22.7,35,0.0,8.9,33.8
2025-12-11,Hyderabad,26.670833333333334,48.7,27.40416666666667,50.8,15.25,34.4,107.25,164.0,22.2,32,0.0,7.3,23.8
2025-12-12,Hyderabad,35.199999999999996,56.5,37.233333333333334,59.5,17.916666666666668,32.1,112.29166666666667,171.0,21.9,35,0.0,5.9,22.3
2025-12-13,Hyderabad,43.666666666666664,75.7,45.97083333333333,78.0,19.520833333333332,42.8,124.25,179.0,22.1,42,0.0,4.6,22.0
2025-12-14,Hyderabad,49.0,66.6,50.97083333333333,68.7,14.670833333333334,26.6,136.58333333333334,196.0,22.3,45,0.0,5.3,23.4
2025-12-15,Hyderabad,56.77916666666667,80.3,59.43333333333334,83.6,12.816666666666668,22.2,134.91666666666666,194.0,22.0,50,0.0,5.7,23.0
2025-12-16,Hyderabad,52.45416666666667,70.1,56.354166666666664,75.4,12.487499999999999,23.6,127.29166666666667,171.0,22.0,52,0.0,6.1,24.5
2025-12-17,Hyderabad,67.74166666666666,90.8,73.625,98.0,15.470833333333333,26.9,126.04166666666667,179.0,22.9,49,0.0,5.8,22.3
2025-12-18,Hyderabad,52.987500000000004,95.2,56.725,103.8,15.862499999999999,35.7,109.5,151.0,22.7,40,0.0,7.1,27.4
2025-12-19,Hyderabad,21.3625,40.9,23.275000000000002,44.2,15.616666666666667,34.5,86.625,132.0,22.1,37,0.0,8.3,30.6
2025-12-20,Hyderabad,33.775,50.2,35.891666666666666,53.4,16.662499999999998,30.9,102.25,164.0,21.6,42,0.0,6.9,26.6
2025-12-21,Hyderabad,46.92083333333333,76.4,48.708333333333336,78.2,17.95,37.3,119.25,180.0,21.2,55,0.0,4.9,25.6
2025-12-22,Hyderabad,59.333333333333336,88.9,61.63333333333333,91.7,19.433333333333334,35.9,117.33333333333333,188.0,22.2,48,0.0,5.6,23.4
2025-12-23,Hyderabad,59.979166666666664,97.3,61.48333333333333,99.9,20.175,35.3,111.79166666666667,177.0,21.7,49,0.0,5.4,25.2
2025-12-24,Hyderabad,59.645833333333336,72.6,61.29583333333333,74.5,14.270833333333334,26.0,117.70833333333333,172.0,21.9,48,0.0,6.4,25.2
2025-12-25,Hyderabad,51.925000000000004,77.3,54.020833333333336,79.2,15.420833333333334,28.6,105.95833333333333,159.0,21.9,47,0.0,5.7,23.0
2025-12-26,Hyderabad,51.9125,72.6,53.95416666666667,75.7,13.9625,33.8,124.70833333333333,186.0,21.4,52,0.0,4.9,24.5
2025-12-27,Hyderabad,56.89166666666667,80.1,57.94166666666666,81.3,14.308333333333332,33.4,129.20833333333334,192.0,21.5,53,0.0,4.3,23.0
2025-12-28,Hyderabad,62.84166666666667,94.3,64.075,95.7,14.112499999999999,33.4,123.91666666666667,183.0,21.5,52,0.0,4.9,22.7
2025-12-29,Hyderabad,58.791666666666664,85.2,59.71666666666667,85.9,16.145833333333332,36.4,117.5,175.0,21.4,51,0.0,5.4,25.2
2025-12-30,Hyderabad,56.94166666666666,89.2,57.90833333333333,90.1,19.941666666666666,42.8,118.66666666666667,190.0,22.0,52,0.0,2.8,16.6
2025-12-31,Hyderabad,63.916666666666664,85.4,64.80833333333334,86.4,21.154166666666665,55.9,111.5,182.0,22.7,53,0.0,4.6,24.1
2022-08-01,Mumbai,,,,,,,,,27.2,83,2.1,10.2,32.8
2022-08-02,Mumbai,,,,,,,,,27.3,83,2.8,9.0,32.4
2022-08-03,Mumbai,,,,,,,,,27.2,85,10.3,7.6,30.2
2022-08-04,Mumbai,25.989473684210527,50.2,42.08421052631579,78.7,29.247368421052634,42.4,60.68421052631579,160.0,27.0,87,13.6,5.2,29.5
2022-08-05,Mumbai,16.7375,31.8,25.287499999999998,46.8,27.1875,37.6,41.375,108.0,26.1,90,27.2,7.7,28.8
2022-08-06,Mumbai,18.979166666666668,40.2,29.46666666666667,60.5,24.079166666666666,37.2,46.333333333333336,113.0,26.1,89,33.7,9.9,32.4
2022-08-07,Mumbai,17.841666666666665,31.3,28.708333333333332,49.0,20.316666666666666,30.5,51.041666666666664,118.0,26.3,90,56.5,10.1,30.6
2022-08-08,Mumbai,18.375,25.9,29.395833333333332,40.7,22.820833333333336,37.8,36.541666666666664,52.0,26.2,89,32.6,11.9,58.0
2022-08-09,Mumbai,20.208333333333332,28.5,33.21666666666667,47.5,16.224999999999998,32.4,47.208333333333336,61.0,26.0,89,71.3,29.0,61.2
2022-08-10,Mumbai,23.383333333333336,28.3,42.291666666666664,50.3,10.275,18.7,49.041666666666664,58.0,26.1,88,37.6,30.8,66.2
2022-08-11,Mumbai,22.695833333333336,27.6,40.920833333333334,50.4,10.25,15.9,48.5,73.0,26.5,85,23.1,32.1,69.1
2022-08-12,Mumbai,21.891666666666666,27.1,40.4125,47.6,11.870833333333332,21.7,40.5,59.0,26.5,84,16.1,33.6,68.4
2022-08-13,Mumbai,21.9875,27.5,41.358333333333334,51.9,13.5625,23.0,44.75,76.0,26.6,83,13.1,25.8,55.4
2022-08-14,Mumbai,21.6125,26.8,41.12083333333333,51.1,13.191666666666668,21.6,45.041666666666664,72.0,26.8,81,11.0,25.4,52.9
2022-08-15,Mumbai,21.870833333333334,26.0,40.24166666666667,48.7,13.945833333333333,22.1,36.25,49.0,25.7,88,29.0,21.1,45.7
2022-08-16,Mumbai,23.858333333333334,29.6,42.4125,54.4,12.529166666666667,19.0,33.625,44.0,25.5,89,64.1,25.2,55.8
2022-08-17,Mumbai,21.070833333333333,28.0,38.36666666666667,49.9,13.670833333333334,23.7,33.25,54.0,26.0,86,19.3,24.4,56.2
2022-08-18,Mumbai,22.95,31.4,44.22083333333333,59.5,13.525,24.4,37.625,69.0,26.4,84,10.5,21.7,49.7
2022-08-19,Mumbai,20.170833333333334,27.5,37.295833333333334,50.4,14.204166666666666,26.9,34.875,71.0,26.1,85,11.9,18.1,45.7
2022-08-20,Mumbai,18.0625,28.3,32.78333333333333,48.7,14.695833333333333,23.3,40.083333333333336,99.0,26.3,86,6.2,16.3,40.3
2022-08-21,Mumbai,19.625,27.6,36.50833333333333,49.4,13.4,21.1,37.375,87.0,26.3,85,5.8,17.1,41.0
2022-08-22,Mumbai,19.783333333333335,26.8,38.0875,49.9,12.858333333333334,21.2,32.958333333333336,51.0,26.2,86,9.1,19.9,45.7
2022-08-23,Mumbai,22.008333333333336,31.0,43.23333333333333,58.1,14.070833333333333,26.8,41.416666666666664,95.0,26.2,86,7.9,19.9,46.4
2022-08-24,Mumbai,21.46666666666667,28.2,40.324999999999996,51.8,16.099999999999998,30.7,41.375,84.0,26.1,86,7.8,17.7,43.9
2022-08-25,Mumbai,20.9875,32.6,38.2875,57.4,19.099999999999998,37.0,44.583333333333336,119.0,25.9,87,6.1,11.5,34.2
2022-08-26,Mumbai,22.508333333333336,36.2,41.0375,64.3,23.116666666666664,40.3,50.625,144.0,26.1,85,2.2,8.7,29.5
2022-08-27,Mumbai,25.108333333333334,40.0,46.9,72.2,22.633333333333336,37.3,51.75,158.0,26.3,83,1.8,8.9,32.8
2022-08-28,Mumbai,24.329166666666666,43.7,44.71666666666667,75.7,20.8125,27.7,51.916666666666664,150.0,26.2,85,2.0,8.3,33.5
2022-08-29,Mumbai,25.320833333333336,42.7,44.979166666666664,72.2,23.670833333333334,32.1,48.75,155.0,26.3,85,1.2,7.8,32.8
2022-08-30,Mumbai,22.208333333333332,30.6,42.25,57.5,22.633333333333336,54.8,42.125,112.0,27.1,86,0.6,10.2,35.3
2022-08-31,Mumbai,26.270833333333332,36.0,45.625,62.4,29.912499999999998,56.2,50.5,128.0,27.4,88,18.7,8.7,33.8
2022-09-01,Mumbai,30.825,42.4,47.199999999999996,62.6,36.391666666666666,56.3,67.41666666666667,156.0,26.7,88,1.7,6.2,31.0
2022-09-02,Mumbai,47.69166666666666,78.9,69.30833333333334,113.6,46.57083333333333,100.2,107.5,278.0,27.4,87,10.0,6.4,27.7
2022-09-03,Mumbai,54.737500000000004,75.2,81.60000000000001,109.0,40.391666666666666,93.5,120.04166666666667,248.0,27.6,87,0.9,9.0,29.9
2022-09-04,Mumbai,23.09166666666667,37.5,37.275,60.3,25.05,56.9,52.583333333333336,76.0,27.0,88,9.9,8.4,28.1
2022-09-05,Mumbai,23.037499999999998,41.7,38.262499999999996,67.1,22.383333333333336,60.9,43.583333333333336,92.0,27.3,83,1.8,9.2,31.7
2022-09-06,Mumbai,28.308333333333334,53.8,46.18333333333334,84.3,26.47083333333333,69.6,52.625,125.0,27.0,84,4.9,6.4,25.9
2022-09-07,Mumbai,23.145833333333332,28.1,38.166666666666664,45.4,23.179166666666664,50.5,50.833333333333336,72.0,27.1,88,20.1,7.6,29.9
2022-09-08,Mumbai,30.516666666666666,37.3,47.324999999999996,54.5,26.733333333333334,41.8,84.91666666666667,119.0,26.5,90,39.7,7.5,31.3
2022-09-09,Mumbai,64.41666666666667,102.7,93.15416666666665,147.6,50.71666666666667,82.1,149.5,386.0,27.0,88,27.0,6.8,29.2
2022-09-10,Mumbai,29.683333333333334,43.0,42.958333333333336,61.9,39.1875,75.7,90.54166666666667,191.0,26.8,89,13.2,6.6,26.3
2022-09-11,Mumbai,26.866666666666664,48.4,39.00416666666667,69.4,43.86666666666667,71.6,81.04166666666667,174.0,26.5,88,25.5,6.0,25.6
2022-09-12,Mumbai,21.216666666666665,27.3,31.104166666666668,39.3,40.229166666666664,60.8,72.95833333333333,132.0,26.2,89,21.8,7.3,34.9
2022-09-13,Mumbai,15.208333333333334,19.3,24.724999999999998,31.5,22.3,53.5,67.375,91.0,26.0,90,51.7,16.1,42.5
2022-09-14,Mumbai,15.879166666666668,22.0,26.825,35.0,15.654166666666667,25.1,50.625,71.0,26.0,89,81.9,21.9,49.7
2022-09-15,Mumbai,16.75,23.6,28.766666666666666,39.6,14.983333333333334,23.4,40.916666666666664,54.0,26.2,88,68.7,24.9,59.4
2022-09-16,Mumbai,15.804166666666667,21.1,26.708333333333332,34.5,16.291666666666668,28.4,44.041666666666664,56.0,25.5,91,96.6,19.2,43.6
2022-09-17,Mumbai,17.391666666666666,25.6,28.458333333333332,41.0,22.875,40.3,41.416666666666664,60.0,25.3,90,36.6,12.6,39.6
2022-09-18,Mumbai,19.195833333333333,29.2,32.09583333333333,48.2,24.066666666666666,42.9,54.166666666666664,135.0,25.0,90,61.8,9.7,31.7
2022-09-19,Mumbai,27.412499999999998,47.5,48.09166666666667,78.9,23.5125,37.0,64.16666666666667,166.0,25.9,83,2.9,8.4,37.4
2022-09-20,Mumbai,29.608333333333334,39.7,53.375,69.6,27.258333333333336,58.1,51.708333333333336,121.0,25.1,88,15.0,5.9,25.9
2022-09-21,Mumbai,26.087500000000002,36.1,45.775,61.2,27.55,53.9,46.625,118.0,25.2,88,12.3,6.6,29.9
2022-09-22,Mumbai,22.675,28.4,39.49583333333333,48.0,26.941666666666666,36.2,35.416666666666664,57.0,24.9,90,18.0,7.2,27.4
2022-09-23,Mumbai,17.854166666666668,23.7,30.916666666666668,40.7,18.495833333333334,33.8,41.958333333333336,96.0,25.9,83,4.0,11.0,36.7
2022-09-24,Mumbai,17.016666666666666,27.7,27.429166666666664,43.7,23.608333333333334,45.4,49.708333333333336,111.0,25.4,87,5.2,10.9,34.6
2022-09-25,Mumbai,22.599999999999998,36.6,35.57083333333333,56.5,29.329166666666666,56.8,59.666666666666664,146.0,25.7,86,4.7,7.2,26.3
2022-09-26,Mumbai,27.245833333333334,42.0,42.65416666666667,65.4,29.84583333333333,52.3,59.375,167.0,25.7,85,3.0,6.8,29.2
2022-09-27,Mumbai,25.666666666666668,39.7,39.9625,61.7,27.204166666666666,38.2,54.25,165.0,25.9,86,0.9,6.5,27.4
2022-09-28,Mumbai,25.570833333333336,38.4,39.666666666666664,58.7,28.150000000000002,41.9,60.208333333333336,158.0,26.0,87,2.3,7.0,31.7
2022-09-29,Mumbai,31.604166666666668,43.5,48.4125,66.1,35.708333333333336,70.8,78.66666666666667,183.0,25.9,89,2.0,6.5,30.6
2022-09-30,Mumbai,41.233333333333334,54.2,61.97083333333333,80.1,35.65833333333333,66.4,101.125,211.0,26.5,89,2.2,7.7,31.7
2022-10-01,Mumbai,30.175,46.3,47.77916666666667,69.8,27.40416666666667,52.9,75.5,148.0,25.9,89,10.3,7.9,30.6
2022-10-02,Mumbai,22.258333333333336,26.1,35.295833333333334,42.3,23.104166666666668,37.3,49.5,126.0,26.2,87,0.7,7.2,30.6
2022-10-03,Mumbai,22.704166666666666,33.1,37.0625,52.7,19.483333333333334,27.9,53.291666666666664,126.0,26.3,87,0.6,9.3,35.3
2022-10-04,Mumbai,23.358333333333334,28.0,38.449999999999996,44.9,17.224999999999998,25.0,70.79166666666667,128.0,26.9,86,0.0,10.5,36.7
2022-10-05,Mumbai,25.616666666666664,31.3,41.44583333333333,49.7,21.741666666666664,40.5,70.66666666666667,118.0,27.2,88,2.4,8.7,38.2
2022-10-06,Mumbai,22.545833333333334,30.0,36.204166666666666,47.1,22.316666666666666,53.6,55.875,85.0,27.4,86,3.5,10.9,41.0
2022-10-07,Mumbai,19.770833333333332,33.5,31.412499999999998,50.1,15.158333333333333,26.3,80.33333333333333,106.0,25.8,87,27.7,9.2,32.8
2022-10-08,Mumbai,20.766666666666666,32.1,33.49583333333333,51.1,24.933333333333334,40.8,70.08333333333333,125.0,25.8,87,31.9,12.4,31.7
2022-10-09,Mumbai,22.4375,38.8,34.387499999999996,58.6,30.920833333333334,74.5,54.916666666666664,145.0,26.7,85,1.1,8.4,27.4
2022-10-10,Mumbai,48.979166666666664,88.0,74.29583333333333,129.9,51.55833333333334,78.9,88.04166666666667,294.0,26.8,86,0.2,6.4,27.7
2022-10-11,Mumbai,52.10833333333333,78.5,78.09166666666667,115.3,37.25416666666667,52.2,113.04166666666667,321.0,26.7,88,11.1,5.6,27.0
2022-10-12,Mumbai,39.67916666666667,61.0,58.48333333333333,89.9,37.112500000000004,49.6,78.20833333333333,158.0,25.8,89,13.8,5.6,26.3
2022-10-13,Mumbai,57.49583333333334,74.5,84.37083333333334,108.5,33.300000000000004,48.9,131.75,273.0,26.4,90,2.1,4.6,27.4
2022-10-14,Mumbai,64.54166666666667,91.3,92.75416666666666,130.4,52.10833333333333,88.8,116.66666666666667,245.0,26.5,87,14.5,5.9,21.6
2022-10-15,Mumbai,60.61666666666667,78.7,86.89999999999999,112.9,56.375,88.2,98.20833333333333,227.0,27.4,76,0.9,7.7,28.8
2022-10-16,Mumbai,58.574999999999996,115.9,84.6875,166.2,66.27083333333333,110.9,101.83333333333333,312.0,27.6,67,0.0,11.7,25.9
2022-10-17,Mumbai,61.24166666666667,86.4,88.15833333333335,123.9,73.36666666666666,112.9,85.5,245.0,27.2,82,6.4,9.4,25.9
2022-10-18,Mumbai,23.879166666666666,45.8,34.5375,65.4,40.92916666666667,66.5,60.208333333333336,95.0,26.0,89,7.4,8.0,31.7
2022-10-19,Mumbai,27.712500000000002,36.9,40.25416666666667,53.3,44.71666666666667,80.3,74.95833333333333,178.0,26.5,88,4.4,6.0,23.4
2022-10-20,Mumbai,51.27916666666667,78.5,74.125,113.4,50.9375,79.9,114.91666666666667,321.0,26.7,88,0.7,5.3,26.6
2022-10-21,Mumbai,72.57916666666667,106.6,103.875,152.7,67.33749999999999,93.0,140.20833333333334,361.0,26.9,85,3.8,6.3,27.7
2022-10-22,Mumbai,64.3875,128.1,92.09166666666665,183.5,71.09166666666667,103.8,106.25,306.0,27.0,81,1.3,8.2,32.4
2022-10-23,Mumbai,60.604166666666664,79.6,88.05,115.5,70.17083333333333,104.0,89.625,233.0,26.3,67,0.0,8.4,24.1
2022-10-24,Mumbai,74.75416666666666,137.8,109.57916666666667,198.8,76.29583333333333,120.1,108.08333333333333,288.0,25.4,71,0.0,7.5,22.3
2022-10-25,Mumbai,69.1875,95.5,104.08333333333333,139.7,44.895833333333336,72.6,112.0,252.0,25.4,77,0.0,7.5,25.2
2022-10-26,Mumbai,55.04583333333333,73.6,82.99166666666666,108.7,50.729166666666664,78.4,107.625,246.0,25.2,74,0.0,8.7,26.3
2022-10-27,Mumbai,76.08333333333333,107.1,112.45833333333333,155.1,53.99166666666667,84.3,124.625,290.0,25.2,72,0.0,8.0,24.1
2022-10-28,Mumbai,83.87083333333334,138.8,123.46249999999999,199.8,74.50416666666666,135.0,118.75,300.0,25.6,68,0.0,7.8,21.6
2022-10-29,Mumbai,89.22083333333335,142.5,129.86666666666667,204.9,89.95,131.0,107.04166666666667,326.0,25.5,61,0.0,8.4,23.0
2022-10-30,Mumbai,87.95,164.8,127.53750000000001,237.0,88.66250000000001,124.5,119.58333333333333,459.0,25.6,59,0.0,10.0,28.4
2022-10-31,Mumbai,104.8625,224.4,152.98333333333332,324.1,96.92083333333333,159.3,134.41666666666666,517.0,25.3,61,0.0,9.2,28.1
2022-11-01,Mumbai,100.41666666666667,170.9,144.6875,244.9,95.07916666666667,118.4,111.66666666666667,407.0,25.4,58,0.0,9.4,27.4
2022-11-02,Mumbai,92.86666666666667,164.4,134.09166666666667,236.1,83.925,117.0,115.875,409.0,25.5,64,0.0,10.5,27.4
2022-11-03,Mumbai,101.21249999999999,216.1,146.30416666666667,311.1,83.65416666666667,123.5,136.29166666666666,569.0,26.0,57,0.0,11.3,29.2
2022-11-04,Mumbai,106.99583333333334,211.4,154.8,303.6,83.11666666666666,139.1,142.625,568.0,26.2,56,0.0,10.1,27.0
2022-11-05,Mumbai,117.17083333333333,266.4,169.3166666666667,382.8,87.125,150.9,164.16666666666666,654.0,26.3,55,0.0,8.8,25.9
2022-11-06,Mumbai,129.95833333333334,295.2,187.47916666666666,422.8,96.6125,170.5,186.41666666666666,717.0,25.9,59,0.0,9.1,25.2
2022-11-07,Mumbai,95.2625,187.2,139.1625,270.1,101.55833333333334,148.3,116.08333333333333,471.0,25.3,65,0.0,7.8,24.5
2022-11-08,Mumbai,94.85000000000001,184.4,139.1,267.3,95.16250000000001,125.7,115.79166666666667,453.0,26.0,63,0.0,9.1,27.0
2022-11-09,Mumbai,119.5125,288.7,174.3083333333333,414.4,73.54583333333333,135.3,176.29166666666666,588.0,26.1,61,0.0,8.9,29.9
2022-11-10,Mumbai,102.32083333333333,175.6,149.15416666666667,252.4,67.60416666666667,109.8,138.0,360.0,25.9,61,0.0,9.4,37.8
2022-11-11,Mumbai,94.575,162.1,136.43333333333334,232.8,76.06666666666666,117.5,115.5,437.0,26.4,55,0.0,11.0,31.7
2022-11-12,Mumbai,96.0,150.4,138.18333333333334,215.6,72.70416666666667,108.2,102.875,387.0,26.6,57,0.0,12.2,33.1
2022-11-13,Mumbai,100.13333333333333,190.9,144.60833333333332,273.8,64.60000000000001,90.7,119.70833333333333,430.0,26.6,57,0.0,11.4,30.6
2022-11-14,Mumbai,140.65416666666667,274.7,203.225,393.9,81.3875,145.2,162.25,582.0,26.2,66,0.0,8.6,27.0
2022-11-15,Mumbai,115.3625,184.9,168.18333333333334,268.2,88.0125,138.4,119.91666666666667,385.0,26.2,69,0.0,8.0,26.3
2022-11-16,Mumbai,116.04583333333333,249.6,167.13333333333335,358.6,68.99166666666666,129.2,146.83333333333334,502.0,26.2,63,0.0,9.5,28.4
2022-11-17,Mumbai,77.52916666666667,118.5,112.72083333333335,172.3,60.824999999999996,84.0,95.41666666666667,277.0,26.0,57,0.0,10.9,33.5
2022-11-18,Mumbai,64.65416666666667,114.6,94.14166666666667,165.3,66.44166666666666,84.5,95.91666666666667,247.0,25.7,48,0.0,11.9,32.0
2022-11-19,Mumbai,69.35416666666667,125.3,100.12916666666666,179.7,78.125,103.6,74.95833333333333,213.0,25.3,47,0.0,11.9,29.5
2022-11-20,Mumbai,55.975,65.9,80.57916666666667,94.3,65.09166666666667,104.0,72.29166666666667,176.0,24.3,49,0.0,11.5,36.7
2022-11-21,Mumbai,65.66250000000001,88.2,95.43333333333334,128.5,65.54166666666667,81.7,83.5,203.0,23.6,51,0.0,10.8,30.2
2022-11-22,Mumbai,80.75416666666666,134.6,117.92916666666667,195.1,58.92916666666667,76.5,101.79166666666667,254.0,24.1,56,0.0,10.3,30.2
2022-11-23,Mumbai,108.425,215.1,156.94583333333335,309.2,71.59166666666667,94.6,124.08333333333333,495.0,25.5,54,0.0,11.2,32.8
2022-11-24,Mumbai,111.60833333333333,258.9,161.24583333333334,371.6,66.44166666666666,113.8,140.0,546.0,25.4,59,0.0,9.7,30.6
2022-11-25,Mumbai,138.38750000000002,226.3,200.13333333333333,325.0,81.2625,117.1,131.625,486.0,26.0,63,0.0,7.9,26.3
2022-11-26,Mumbai,178.23333333333335,301.7,258.32916666666665,434.0,99.8875,148.9,162.5,588.0,26.5,67,0.0,8.2,28.8
2022-11-27,Mumbai,147.36249999999998,271.0,213.57083333333333,390.2,96.15416666666665,155.8,142.125,524.0,26.2,69,0.0,8.1,27.7
2022-11-28,Mumbai,101.94583333333333,129.9,148.60416666666666,188.1,83.67083333333333,123.1,103.04166666666667,272.0,24.9,68,0.0,9.5,31.3
2022-11-29,Mumbai,102.89999999999999,173.2,151.84166666666667,253.3,67.47916666666667,99.7,119.08333333333333,318.0,24.2,71,0.0,8.9,27.7
2022-11-30,Mumbai,159.17083333333332,326.0,229.78333333333333,467.5,105.40416666666665,182.9,155.33333333333334,616.0,25.9,66,0.0,8.0,27.0
2022-12-01,Mumbai,155.3125,296.2,223.775,424.7,101.10416666666667,146.4,162.83333333333334,588.0,25.8,61,0.0,9.0,27.4
2022-12-02,Mumbai,135.53333333333333,272.9,196.24166666666667,391.2,95.75833333333333,152.0,155.33333333333334,592.0,25.1,61,0.0,8.5,23.8
2022-12-03,Mumbai,121.78750000000001,176.5,177.89583333333334,258.0,90.95416666666667,112.0,99.5,311.0,25.2,62,0.0,9.9,33.8
2022-12-04,Mumbai,153.82916666666668,320.4,222.29166666666666,460.1,102.69583333333333,197.0,130.41666666666666,606.0,26.5,65,0.0,8.3,25.9
2022-12-05,Mumbai,127.84166666666665,187.2,184.75833333333333,271.0,95.72916666666667,144.5,82.375,324.0,26.8,69,0.0,8.5,28.4
2022-12-06,Mumbai,124.35416666666667,193.7,179.77083333333334,279.4,67.77499999999999,100.1,105.5,370.0,26.9,69,0.0,9.6,34.9
2022-12-07,Mumbai,128.27083333333334,221.7,185.6875,319.4,74.56666666666666,117.0,114.375,443.0,26.5,68,0.0,10.0,34.6
2022-12-08,Mumbai,121.0625,183.5,174.90416666666667,264.5,91.16250000000001,120.4,80.16666666666667,227.0,25.8,64,0.0,10.7,35.3
2022-12-09,Mumbai,73.79583333333333,102.2,107.00416666666666,147.1,66.79583333333333,83.2,75.95833333333333,186.0,24.5,51,0.0,11.1,34.2
2022-12-10,Mumbai,91.67916666666667,204.9,132.975,294.3,83.77499999999999,122.6,105.45833333333333,417.0,23.8,57,0.0,9.6,29.5
2022-12-11,Mumbai,88.875,151.8,129.24166666666667,218.9,80.96666666666667,125.6,101.79166666666667,344.0,24.7,57,0.0,9.0,32.8
2022-12-12,Mumbai,122.72916666666667,259.8,177.6875,375.3,61.86666666666667,90.6,152.54166666666666,504.0,26.5,63,0.0,8.6,31.7
2022-12-13,Mumbai,52.020833333333336,192.3,74.67916666666666,275.7,33.708333333333336,61.9,101.08333333333333,438.0,27.7,67,0.0,9.4,28.1
2022-12-14,Mumbai,0.8458333333333333,1.0,1.2166666666666666,1.5,0.0,0.0,26.416666666666668,33.0,28.0,66,0.2,8.5,29.9
2022-12-15,Mumbai,0.7458333333333332,1.0,1.0583333333333333,1.4,0.0,0.0,34.625,36.0,27.2,71,0.0,8.5,28.4
2022-12-16,Mumbai,105.36666666666667,281.3,151.79166666666666,403.3,69.78333333333333,152.6,159.5,652.0,27.5,69,0.0,9.0,32.0
2022-12-17,Mumbai,106.61666666666667,242.1,154.69583333333333,348.3,63.07916666666667,104.6,147.91666666666666,572.0,27.6,68,0.0,9.7,29.9
2022-12-18,Mumbai,95.11666666666667,197.9,137.70833333333334,284.1,61.229166666666664,90.6,121.29166666666667,487.0,28.0,63,0.0,11.3,38.5
2022-12-19,Mumbai,75.7375,146.2,109.52499999999999,210.0,64.95833333333333,88.8,96.5,328.0,26.9,59,0.0,10.9,32.4
2022-12-20,Mumbai,77.6375,140.2,112.20833333333333,201.2,82.58749999999999,109.9,72.75,247.0,25.9,57,0.0,10.1,32.4
2022-12-21,Mumbai,89.175,153.7,129.12083333333334,220.7,89.29583333333333,115.1,79.25,267.0,25.3,62,0.0,8.5,29.2
2022-12-22,Mumbai,92.33333333333333,150.9,134.20000000000002,217.9,79.06666666666666,106.2,78.75,248.0,24.9,67,0.0,9.3,33.1
2022-12-23,Mumbai,66.10833333333333,85.9,98.42083333333333,123.4,61.01666666666667,108.9,61.041666666666664,141.0,24.4,62,0.0,12.0,38.2
2022-12-24,Mumbai,52.78333333333333,61.2,77.29166666666667,88.7,37.67916666666667,54.5,80.45833333333333,130.0,22.7,52,0.0,12.7,35.6
2022-12-25,Mumbai,70.84166666666667,93.1,104.54583333333333,135.5,37.0875,50.4,116.41666666666667,214.0,21.6,66,0.0,7.4,28.8
2022-12-26,Mumbai,85.75,108.5,127.85000000000001,157.9,53.18333333333334,89.2,113.54166666666667,216.0,21.7,73,0.0,9.2,30.2
2022-12-27,Mumbai,101.95,130.9,149.05416666666667,190.0,74.51666666666667,100.6,88.45833333333333,246.0,23.2,69,0.0,10.6,31.3
2022-12-28,Mumbai,99.21249999999999,128.5,145.0875,186.7,77.95,108.4,83.75,274.0,23.7,69,0.0,10.6,33.1
2022-12-29,Mumbai,119.49583333333334,202.6,174.13333333333333,292.4,97.72916666666667,167.0,103.0,311.0,23.9,68,0.0,9.9,32.8
2022-12-30,Mumbai,100.325,145.3,146.9,213.3,73.71249999999999,123.7,93.625,270.0,24.1,66,0.0,10.2,32.4
2022-12-31,Mumbai,61.224999999999994,76.8,91.78750000000001,112.7,51.375,98.4,81.16666666666667,189.0,23.6,65,0.0,12.4,38.2
2023-01-01,Mumbai,63.07083333333333,76.4,93.97083333333335,113.4,44.949999999999996,88.5,79.41666666666667,185.0,21.8,67,0.0,11.3,33.1
2023-01-02,Mumbai,79.575,107.1,116.14583333333333,154.6,78.91250000000001,131.7,64.16666666666667,191.0,22.5,70,0.0,10.6,31.7
2023-01-03,Mumbai,73.14166666666667,89.2,106.69583333333333,130.4,58.92083333333334,91.5,73.04166666666667,209.0,22.7,69,0.0,11.3,35.6
2023-01-04,Mumbai,79.35833333333333,129.0,114.41250000000001,185.3,55.8375,83.0,80.25,216.0,22.5,71,0.0,9.3,31.7
2023-01-05,Mumbai,148.01250000000002,312.0,213.15416666666667,448.0,100.15416666666665,122.9,108.79166666666667,419.0,23.9,71,0.0,8.4,30.2
2023-01-06,Mumbai,153.65416666666667,259.8,222.04166666666666,373.5,76.45833333333333,116.9,153.41666666666666,507.0,25.4,65,0.0,10.5,30.2
2023-01-07,Mumbai,143.67083333333332,254.3,207.29999999999998,366.0,54.90833333333333,78.1,136.95833333333334,443.0,26.1,63,0.0,11.4,33.1
2023-01-08,Mumbai,110.625,181.6,159.39166666666668,260.8,78.02499999999999,280.3,96.125,362.0,25.4,60,0.0,11.4,35.3
2023-01-09,Mumbai,71.61666666666666,126.7,103.45416666666667,182.1,81.8625,212.1,56.416666666666664,124.0,24.1,52,0.0,10.6,35.3
2023-01-10,Mumbai,79.25,161.6,114.52916666666665,232.8,110.14583333333333,273.7,46.833333333333336,111.0,23.3,51,0.0,10.1,33.8
2023-01-11,Mumbai,87.99583333333334,140.6,128.1,203.0,96.70833333333333,170.2,55.791666666666664,142.0,22.6,60,0.0,8.8,30.6
2023-01-12,Mumbai,66.75,112.7,101.5,164.4,47.387499999999996,88.4,69.375,142.0,22.0,72,0.0,11.4,38.2
2023-01-13,Mumbai,27.083333333333332,36.7,50.43333333333334,64.3,19.087500000000002,29.3,78.0,130.0,22.2,76,0.0,12.1,42.1
2023-01-14,Mumbai,41.57083333333333,57.9,63.92083333333333,87.3,29.15416666666667,45.9,90.25,170.0,20.6,65,0.0,12.0,39.2
2023-01-15,Mumbai,55.75416666666666,68.5,82.77499999999999,101.0,34.420833333333334,52.9,97.66666666666667,197.0,20.1,69,0.0,10.2,37.4
2023-01-16,Mumbai,76.7,104.5,112.78333333333335,150.4,43.29583333333333,60.4,98.91666666666667,214.0,20.1,76,0.0,9.1,29.9
2023-01-17,Mumbai,86.325,115.3,127.11666666666667,166.2,54.12083333333334,83.1,94.875,227.0,20.8,75,0.0,8.8,31.0
2023-01-18,Mumbai,130.24583333333334,249.6,189.30416666666667,358.6,103.03750000000001,204.9,117.75,466.0,21.9,72,0.0,8.0,27.4
2023-01-19,Mumbai,119.79166666666667,185.3,176.95000000000002,267.3,81.99166666666666,142.4,95.25,239.0,22.2,72,0.0,7.0,27.0
2023-01-20,Mumbai,98.2,145.8,145.04166666666666,211.4,73.33749999999999,147.6,128.91666666666666,254.0,21.7,73,0.0,9.2,33.8
2023-01-21,Mumbai,89.4875,125.7,132.45000000000002,182.5,44.47083333333333,67.3,125.25,258.0,21.9,70,0.0,10.6,36.4
2023-01-22,Mumbai,67.38333333333334,84.5,101.46666666666665,124.3,28.59166666666667,39.0,100.20833333333333,186.0,21.7,61,0.0,12.7,43.9
2023-01-23,Mumbai,58.395833333333336,68.0,87.21666666666665,99.2,24.129166666666666,33.9,98.54166666666667,184.0,21.0,56,0.0,14.0,46.1
2023-01-24,Mumbai,69.10416666666667,79.2,104.07916666666667,120.6,19.716666666666665,28.0,110.95833333333333,181.0,20.7,58,0.0,13.3,46.8
2023-01-25,Mumbai,91.94583333333333,105.9,136.15833333333333,155.5,24.116666666666664,47.0,114.79166666666667,189.0,21.1,55,0.0,16.1,48.6
2023-01-26,Mumbai,81.28750000000001,102.2,118.71666666666668,152.3,39.34583333333333,91.0,98.45833333333333,197.0,22.3,58,0.0,14.9,41.4
2023-01-27,Mumbai,124.09166666666665,240.3,180.16666666666666,346.5,60.425000000000004,109.3,138.58333333333334,530.0,24.9,66,0.0,10.6,33.1
2023-01-28,Mumbai,157.22083333333333,307.3,230.04999999999998,442.4,89.49583333333334,143.4,165.0,602.0,24.2,75,0.0,9.4,35.3
2023-01-29,Mumbai,80.91666666666667,119.2,123.40416666666665,177.9,52.05416666666667,96.1,86.20833333333333,182.0,23.3,89,1.0,7.7,34.9
2023-01-30,Mumbai,80.94583333333334,107.3,123.28750000000001,164.4,35.78333333333333,56.3,121.91666666666667,211.0,23.4,79,0.0,13.2,44.3
2023-01-31,Mumbai,80.00833333333334,118.3,117.20833333333333,171.4,39.975,80.3,103.83333333333333,278.0,25.1,65,0.0,15.0,41.4
2023-02-01,Mumbai,92.67916666666667,178.8,134.32916666666668,257.0,43.387499999999996,88.3,124.16666666666667,388.0,26.9,53,0.0,13.2,36.4
2023-02-02,Mumbai,91.86666666666667,194.6,133.11666666666667,279.4,50.074999999999996,105.7,133.0,435.0,27.0,52,0.0,15.8,39.2
2023-02-03,Mumbai,94.60000000000001,208.2,136.80416666666667,298.0,55.61666666666667,93.7,140.0,504.0,25.4,54,0.0,10.6,33.8
2023-02-04,Mumbai,101.05833333333334,183.5,146.0375,263.6,74.0,114.1,113.83333333333333,421.0,24.7,56,0.0,10.8,34.6
2023-02-05,Mumbai,106.73333333333333,192.3,154.73333333333332,278.5,68.52083333333333,122.1,135.58333333333334,441.0,24.4,62,0.0,7.7,28.1
2023-02-06,Mumbai,97.23333333333333,152.7,141.99166666666667,220.3,53.45416666666667,74.0,131.29166666666666,366.0,23.8,66,0.0,12.4,39.6
2023-02-07,Mumbai,76.14583333333333,140.6,119.17083333333333,212.3,46.80416666666667,70.5,118.125,352.0,24.4,61,0.0,13.0,42.5
2023-02-08,Mumbai,70.28750000000001,122.5,103.27499999999999,178.3,54.708333333333336,92.2,109.08333333333333,348.0,24.4,60,0.0,11.6,35.6
2023-02-09,Mumbai,97.00833333333333,236.6,140.2125,339.9,85.72500000000001,193.0,135.875,514.0,25.4,53,0.0,10.6,33.5
2023-02-10,Mumbai,86.80416666666667,157.9,126.86666666666667,228.6,52.525,98.6,118.20833333333333,355.0,24.5,57,0.0,12.0,35.3
2023-02-11,Mumbai,51.25416666666666,74.0,79.3875,111.8,46.208333333333336,81.9,84.20833333333333,232.0,24.3,51,0.0,13.5,40.0
2023-02-12,Mumbai,57.34166666666667,87.8,85.94583333333333,128.5,48.1875,70.2,97.25,284.0,25.4,46,0.0,13.3,37.4
2023-02-13,Mumbai,56.833333333333336,127.1,82.2625,182.5,43.1625,79.9,120.375,356.0,26.8,39,0.0,14.0,40.0
2023-02-14,Mumbai,75.66666666666667,173.2,109.1375,248.7,51.34166666666667,87.9,136.875,427.0,25.4,42,0.0,11.2,34.2
2023-02-15,Mumbai,101.55,192.8,145.84166666666667,275.7,70.75416666666666,129.0,125.91666666666667,491.0,25.2,45,0.0,11.3,35.3
2023-02-16,Mumbai,89.49166666666667,192.3,129.37083333333334,276.6,57.15416666666667,94.5,150.25,499.0,26.9,37,0.0,13.1,42.8
2023-02-17,Mumbai,80.39999999999999,149.5,116.425,215.1,53.612500000000004,81.7,136.33333333333334,411.0,27.3,37,0.0,14.4,39.2
2023-02-18,Mumbai,88.30833333333334,203.5,127.07916666666667,291.5,72.12083333333334,120.8,90.375,275.0,26.9,36,0.0,12.7,38.9
2023-02-19,Mumbai,101.70416666666667,233.3,146.04583333333332,334.3,65.7375,100.8,165.95833333333334,585.0,26.1,43,0.0,10.2,34.6
2023-02-20,Mumbai,127.77916666666665,255.2,184.75,369.7,69.75416666666666,142.0,170.375,502.0,25.5,63,0.0,8.1,32.0
2023-02-21,Mumbai,94.57083333333333,153.2,137.06666666666666,220.7,63.02916666666667,114.0,129.875,351.0,25.4,64,0.0,11.7,41.4
2023-02-22,Mumbai,41.49583333333333,69.2,65.1875,106.4,40.25416666666667,62.3,95.16666666666667,224.0,24.6,68,0.0,12.8,42.1
2023-02-23,Mumbai,60.52916666666667,93.1,90.85833333333333,137.8,42.78333333333333,73.5,121.75,313.0,25.6,51,0.0,13.3,40.7
2023-02-24,Mumbai,76.91250000000001,147.1,112.95833333333333,211.9,53.75416666666666,84.8,126.5,398.0,27.0,44,0.0,12.8,38.2
2023-02-25,Mumbai,75.30833333333334,140.2,111.2625,203.5,45.49583333333334,93.4,120.91666666666667,342.0,27.3,40,0.0,14.1,41.8
2023-02-26,Mumbai,87.3875,149.0,127.78750000000001,214.7,55.112500000000004,85.8,96.08333333333333,247.0,26.7,41,0.0,13.1,39.6
2023-02-27,Mumbai,63.24583333333334,99.7,91.97916666666667,143.4,55.25833333333333,84.1,81.125,183.0,27.1,42,0.0,13.2,42.1
2023-02-28,Mumbai,85.6125,204.4,124.2375,293.4,58.175000000000004,113.6,147.45833333333334,481.0,25.8,50,0.0,11.1,37.4
2023-03-01,Mumbai,80.78750000000001,181.1,117.67083333333333,259.8,67.29166666666667,140.9,105.29166666666667,265.0,26.1,53,0.0,11.5,37.4
2023-03-02,Mumbai,123.37916666666666,245.9,179.58333333333334,353.9,51.92916666666667,95.7,175.91666666666666,537.0,27.5,47,0.0,10.9,37.4
2023-03-03,Mumbai,136.67499999999998,247.7,198.11666666666667,355.8,91.90416666666665,200.1,139.0,483.0,27.3,56,0.0,8.7,32.8
2023-03-04,Mumbai,171.42083333333335,343.7,250.02916666666667,495.5,69.34583333333333,128.8,214.33333333333334,675.0,27.7,62,0.0,8.6,31.3
2023-03-05,Mumbai,191.63750000000002,314.8,277.375,452.6,59.854166666666664,109.4,207.08333333333334,585.0,28.8,56,0.0,9.5,38.5
2023-03-06,Mumbai,108.03333333333335,177.9,155.38333333333333,255.2,61.82916666666666,128.2,137.66666666666666,421.0,29.7,43,0.1,14.1,41.4
2023-03-07,Mumbai,144.76250000000002,285.0,208.90416666666667,409.8,50.199999999999996,117.2,230.25,657.0,28.8,46,0.0,12.6,39.6
2023-03-08,Mumbai,91.54166666666667,150.9,133.975,218.4,53.69583333333333,100.2,161.29166666666666,408.0,28.0,49,0.0,12.1,40.3
2023-03-09,Mumbai,83.375,198.8,120.52916666666665,285.9,62.145833333333336,111.9,152.83333333333334,531.0,29.2,34,0.0,12.8,43.6
2023-03-10,Mumbai,60.30833333333334,137.4,87.2625,197.0,50.62083333333334,93.1,133.66666666666666,416.0,28.9,32,0.0,14.8,43.2
2023-03-11,Mumbai,89.99166666666667,217.9,129.84166666666667,312.9,71.34583333333333,167.0,156.75,580.0,29.1,39,0.0,12.2,40.0
2023-03-12,Mumbai,130.15833333333333,255.2,187.5666666666667,366.0,81.675,159.7,134.70833333333334,478.0,29.3,40,0.0,10.6,44.3
2023-03-13,Mumbai,279.77916666666664,581.1,403.33750000000003,832.6,116.24583333333334,209.2,313.2916666666667,930.0,29.2,50,0.0,8.4,33.5
2023-03-14,Mumbai,202.73749999999998,448.0,293.6333333333333,644.5,50.28333333333333,101.4,239.58333333333334,620.0,28.5,63,0.0,10.7,35.3
2023-03-15,Mumbai,100.56666666666666,190.5,146.6,276.6,71.05,101.8,109.08333333333333,404.0,28.4,60,0.0,9.8,34.6
2023-03-16,Mumbai,72.04166666666667,141.1,107.52499999999999,203.0,67.32916666666667,140.6,115.66666666666667,259.0,27.0,67,13.3,9.0,42.1
2023-03-17,Mumbai,59.15416666666667,82.9,90.41666666666667,124.8,48.25416666666666,66.9,113.75,262.0,26.7,76,0.7,9.1,36.0
2023-03-18,Mumbai,82.89999999999999,127.6,123.85833333333333,185.3,44.074999999999996,64.2,149.41666666666666,421.0,27.0,79,0.0,10.8,37.4
2023-03-19,Mumbai,34.516666666666666,54.2,58.56666666666666,86.4,26.429166666666664,44.5,82.08333333333333,188.0,26.2,74,0.0,9.5,38.2
2023-03-20,Mumbai,29.166666666666668,44.0,56.854166666666664,79.6,23.683333333333334,36.8,86.375,185.0,26.2,67,0.0,9.5,37.1
2023-03-21,Mumbai,25.575,32.4,48.333333333333336,59.0,20.495833333333334,33.2,66.95833333333333,128.0,25.7,72,0.7,7.9,34.6
2023-03-22,Mumbai,22.72083333333333,30.4,41.99583333333333,55.4,16.829166666666666,27.5,64.125,128.0,26.2,72,0.0,8.6,34.9
2023-03-23,Mumbai,20.429166666666667,25.6,37.05416666666667,45.4,14.516666666666666,28.4,57.75,115.0,26.2,73,0.4,9.4,39.6
2023-03-24,Mumbai,23.55,32.1,47.34583333333333,65.9,15.704166666666666,20.8,61.0,133.0,26.1,75,0.0,11.0,43.6
2023-03-25,Mumbai,24.120833333333334,31.0,54.02916666666667,64.7,14.924999999999999,25.7,108.75,169.0,25.1,69,0.0,12.4,45.0
2023-03-26,Mumbai,25.1875,28.8,56.59166666666667,61.0,14.7875,28.5,100.45833333333333,146.0,24.9,69,0.0,12.3,42.1
2023-03-27,Mumbai,30.675,44.1,58.52916666666667,78.0,18.233333333333334,29.5,106.33333333333333,193.0,25.3,76,0.0,10.7,39.2
2023-03-28,Mumbai,39.395833333333336,61.9,70.22916666666667,103.1,23.241666666666664,36.9,108.70833333333333,225.0,25.7,78,0.0,10.4,40.0
2023-03-29,Mumbai,35.34166666666667,42.8,63.5375,73.6,20.1125,33.1,93.91666666666667,174.0,25.6,79,0.0,9.6,37.1
2023-03-30,Mumbai,26.087500000000002,35.4,48.449999999999996,63.1,21.77916666666667,33.5,71.75,120.0,26.1,75,0.2,7.7,34.6
2023-03-31,Mumbai,26.633333333333336,39.5,56.85833333333333,80.6,28.90833333333333,60.0,53.083333333333336,94.0,26.4,75,0.4,8.7,36.0
2023-04-01,Mumbai,27.445833333333336,47.5,53.22083333333333,83.4,30.625,55.2,49.791666666666664,89.0,25.9,75,0.0,11.7,45.4
2023-04-02,Mumbai,24.933333333333334,36.6,44.3125,61.0,21.141666666666666,28.9,75.41666666666667,163.0,26.0,77,0.0,11.2,46.1
2023-04-03,Mumbai,25.229166666666668,34.2,44.199999999999996,57.5,19.479166666666668,30.7,75.08333333333333,143.0,26.2,77,0.0,10.8,45.7
2023-04-04,Mumbai,29.245833333333334,45.8,51.73333333333333,77.5,29.912499999999998,42.0,73.58333333333333,174.0,26.5,80,0.0,12.0,46.1
2023-04-05,Mumbai,29.695833333333336,52.9,58.550000000000004,93.4,30.3875,46.2,74.20833333333333,190.0,26.6,82,0.0,11.7,44.6
2023-04-06,Mumbai,36.145833333333336,65.9,69.89583333333333,118.3,30.991666666666664,55.0,99.29166666666667,244.0,28.1,72,0.0,13.0,42.8
2023-04-07,Mumbai,46.362500000000004,74.3,82.20416666666667,121.1,36.608333333333334,70.4,128.66666666666666,273.0,29.7,55,0.0,15.5,47.2
2023-04-08,Mumbai,139.99583333333334,362.3,205.04166666666666,521.5,100.825,215.0,214.29166666666666,829.0,29.6,56,0.0,10.3,36.4
2023-04-09,Mumbai,119.80416666666667,280.3,180.29166666666666,406.1,107.22500000000001,166.2,156.75,594.0,29.7,58,0.0,10.4,47.2
2023-04-10,Mumbai,77.7375,194.6,123.78750000000001,291.5,71.16666666666667,132.1,140.25,392.0,30.2,61,0.0,12.3,42.5
2023-04-11,Mumbai,40.36666666666667,79.4,62.854166666666664,120.1,44.90416666666667,70.7,104.125,263.0,30.0,62,0.0,13.8,44.6
2023-04-12,Mumbai,38.145833333333336,80.6,58.225,119.7,36.612500000000004,61.6,111.08333333333333,301.0,30.7,55,0.0,15.7,46.1
2023-04-13,Mumbai,44.67083333333333,81.3,68.29583333333333,119.7,37.94583333333333,64.4,119.16666666666667,288.0,30.8,51,0.0,14.4,42.1
2023-04-14,Mumbai,42.05416666666667,64.0,66.76666666666667,98.5,38.57083333333333,60.7,86.375,196.0,30.1,60,0.0,14.2,41.8
2023-04-15,Mumbai,39.06666666666667,75.9,63.97083333333333,115.3,50.97083333333333,88.5,71.625,209.0,29.1,63,0.0,10.3,43.9
2023-04-16,Mumbai,31.3,46.9,56.34583333333333,80.6,39.24583333333333,69.6,57.208333333333336,176.0,28.6,72,0.0,12.1,43.9
2023-04-17,Mumbai,30.791666666666668,54.2,55.85833333333333,92.2,37.24166666666667,62.5,66.54166666666667,197.0,28.7,72,0.0,11.8,46.1
2023-04-18,Mumbai,43.92083333333333,95.7,72.87916666666666,146.2,36.775,61.6,117.79166666666667,279.0,31.5,51,0.0,15.6,44.3
2023-04-19,Mumbai,58.625,112.0,91.425,165.8,38.81666666666667,67.1,151.04166666666666,333.0,32.3,47,0.0,16.1,45.0
2023-04-20,Mumbai,37.887499999999996,70.3,62.770833333333336,107.6,35.166666666666664,57.8,98.125,251.0,30.1,62,0.0,13.8,46.4
2023-04-21,Mumbai,28.27916666666667,47.4,53.99166666666667,84.3,26.15833333333333,45.6,78.875,164.0,28.0,73,0.0,10.6,40.3
2023-04-22,Mumbai,24.833333333333332,38.8,46.416666666666664,66.8,20.650000000000002,29.1,71.875,177.0,27.7,79,0.0,9.6,40.0
2023-04-23,Mumbai,27.6125,37.3,51.699999999999996,66.8,25.245833333333334,44.8,74.41666666666667,170.0,27.9,76,0.0,11.1,44.6
2023-04-24,Mumbai,40.75416666666667,94.3,68.675,147.1,36.85,61.0,93.29166666666667,281.0,28.1,79,0.0,11.0,44.3
2023-04-25,Mumbai,39.24166666666667,72.9,66.59583333333333,117.1,46.67083333333333,65.3,84.79166666666667,251.0,28.6,79,0.0,9.6,41.4
2023-04-26,Mumbai,25.7,31.5,47.949999999999996,56.9,23.333333333333332,48.0,75.0,136.0,28.5,75,0.0,12.5,41.8
2023-04-27,Mumbai,30.7,51.5,55.37916666666666,87.5,27.7,39.2,71.125,127.0,28.3,73,0.0,9.6,41.0
2023-04-28,Mumbai,24.77916666666667,34.3,43.19166666666666,57.3,25.670833333333334,41.4,64.875,145.0,28.4,74,0.0,10.0,39.2
2023-04-29,Mumbai,23.974999999999998,41.2,40.550000000000004,66.6,21.741666666666664,29.8,62.166666666666664,169.0,28.2,71,0.4,9.4,37.8
2023-04-30,Mumbai,27.016666666666666,56.1,44.90416666666667,86.8,23.208333333333332,37.7,68.58333333333333,188.0,28.0,72,0.5,8.9,40.0
2023-05-01,Mumbai,24.183333333333334,39.1,45.92083333333333,70.1,22.666666666666668,37.4,74.375,179.0,28.0,69,2.1,8.3,34.2
2023-05-02,Mumbai,25.27916666666667,38.9,46.62916666666666,68.0,25.291666666666668,37.3,68.08333333333333,170.0,28.4,68,0.7,8.0,34.9
2023-05-03,Mumbai,23.045833333333334,38.1,39.93333333333333,61.9,20.229166666666668,31.6,68.375,159.0,28.5,68,0.0,9.5,38.5
2023-05-04,Mumbai,26.84583333333333,42.4,44.92083333333333,66.8,21.77916666666667,28.5,75.45833333333333,171.0,28.1,74,0.5,9.0,39.6
2023-05-05,Mumbai,29.820833333333336,59.3,49.60833333333333,92.2,22.420833333333334,36.7,76.75,190.0,28.4,75,0.4,9.2,39.6
2023-05-06,Mumbai,24.724999999999998,35.4,42.6875,59.1,18.054166666666667,28.3,66.0,134.0,28.5,77,0.1,11.4,43.9
2023-05-07,Mumbai,25.0,32.5,42.824999999999996,55.2,16.9875,34.9,66.375,136.0,27.8,80,8.2,8.3,30.2
2023-05-08,Mumbai,24.275000000000002,40.0,40.80416666666667,64.3,20.720833333333335,29.9,58.125,122.0,29.5,74,0.5,10.9,41.4
2023-05-09,Mumbai,21.90416666666667,33.3,36.766666666666666,53.9,25.816666666666666,43.6,58.5,148.0,30.0,75,0.0,9.8,37.4
2023-05-10,Mumbai,32.97083333333333,46.2,55.395833333333336,79.2,36.0875,57.9,72.20833333333333,185.0,30.2,79,0.0,9.6,42.5
2023-05-11,Mumbai,60.19583333333333,102.9,92.72916666666667,156.0,69.08749999999999,116.9,121.04166666666667,378.0,30.4,79,0.0,9.0,36.4
2023-05-12,Mumbai,33.516666666666666,47.6,53.07916666666667,74.3,45.5875,75.8,69.375,182.0,30.2,80,0.0,10.8,38.5
2023-05-13,Mumbai,23.1375,29.9,36.44583333333333,47.8,32.8375,53.9,58.416666666666664,151.0,30.2,77,0.0,12.8,38.2
2023-05-14,Mumbai,19.070833333333333,28.2,31.083333333333332,45.2,21.25,34.2,59.291666666666664,137.0,30.0,76,0.0,10.5,37.1
2023-05-15,Mumbai,25.804166666666664,37.6,42.737500000000004,61.5,17.4375,27.6,62.666666666666664,138.0,30.3,74,0.5,12.1,38.9
2023-05-16,Mumbai,22.7,31.9,38.8375,53.3,15.116666666666667,20.7,64.66666666666667,129.0,30.5,71,0.3,10.9,37.4
2023-05-17,Mumbai,24.40416666666667,40.6,42.579166666666666,67.1,17.008333333333333,23.0,73.58333333333333,161.0,30.1,72,0.0,11.8,41.8
2023-05-18,Mumbai,19.945833333333333,31.5,38.2875,56.7,15.629166666666668,24.4,63.041666666666664,124.0,29.8,76,0.1,13.2,44.3
2023-05-19,Mumbai,16.458333333333332,30.3,34.324999999999996,55.2,14.279166666666667,20.9,62.333333333333336,137.0,29.8,78,0.2,14.1,45.0
2023-05-20,Mumbai,20.579166666666666,32.7,52.8375,75.2,13.879166666666668,22.8,62.333333333333336,146.0,29.8,75,0.0,11.7,39.2
2023-05-21,Mumbai,18.462500000000002,28.2,48.01666666666667,64.5,12.058333333333332,21.4,60.791666666666664,130.0,29.9,72,0.0,11.4,40.3
2023-05-22,Mumbai,19.287499999999998,34.3,43.63333333333333,67.5,14.854166666666666,25.7,65.375,149.0,29.7,75,0.0,10.8,37.1
2023-05-23,Mumbai,17.95,28.5,40.137499999999996,58.6,14.558333333333332,22.5,59.375,119.0,29.6,77,0.0,13.0,45.7
2023-05-24,Mumbai,19.07916666666667,29.6,41.59583333333333,58.6,13.429166666666667,22.0,58.791666666666664,129.0,30.1,74,0.0,11.9,40.7
2023-05-25,Mumbai,18.133333333333333,25.4,34.07083333333333,43.3,12.704166666666666,18.0,60.166666666666664,117.0,30.6,65,0.0,13.6,41.0
2023-05-26,Mumbai,22.004166666666666,31.2,37.85,52.3,13.620833333333332,22.1,62.541666666666664,115.0,30.6,65,2.0,15.8,43.6
2023-05-27,Mumbai,21.058333333333334,27.9,40.2875,54.1,13.3125,19.0,62.75,109.0,30.9,62,0.0,13.9,39.2
2023-05-28,Mumbai,19.716666666666665,22.9,36.041666666666664,40.6,13.5625,21.0,57.666666666666664,101.0,30.9,66,0.0,12.5,39.6
2023-05-29,Mumbai,18.375,30.5,34.74166666666667,53.9,14.6875,21.8,55.375,126.0,30.3,75,0.0,11.4,48.2
2023-05-30,Mumbai,21.895833333333332,40.9,40.22083333333333,68.9,23.15833333333333,44.0,60.333333333333336,159.0,30.3,79,0.0,10.8,40.7
2023-05-31,Mumbai,20.679166666666667,39.9,39.40833333333333,67.1,20.716666666666665,33.6,58.083333333333336,157.0,30.6,78,0.0,13.9,46.4
2023-06-01,Mumbai,19.020833333333332,32.9,39.72083333333333,63.8,18.287499999999998,27.6,48.666666666666664,125.0,30.0,80,0.0,11.6,42.8
2023-06-02,Mumbai,15.4,24.6,31.108333333333334,45.9,12.233333333333334,19.3,48.875,114.0,30.5,72,0.0,11.3,37.8
2023-06-03,Mumbai,15.933333333333332,22.9,30.03333333333333,43.7,12.85,18.6,47.75,101.0,31.3,67,0.1,13.1,38.9
2023-06-04,Mumbai,19.7375,32.7,38.24166666666667,61.9,18.333333333333332,33.5,54.25,127.0,30.9,70,0.8,12.3,40.3
2023-06-05,Mumbai,19.466666666666665,24.2,42.5125,54.7,16.304166666666667,24.0,52.041666666666664,114.0,30.6,71,0.4,12.6,40.7
2023-06-06,Mumbai,23.400000000000002,31.4,58.40833333333333,74.3,15.854166666666666,30.2,58.375,129.0,30.8,69,0.1,11.7,36.4
2023-06-07,Mumbai,20.558333333333334,29.7,51.76666666666667,68.0,15.745833333333332,28.0,59.916666666666664,128.0,30.9,69,0.0,12.0,34.9
2023-06-08,Mumbai,19.1875,31.9,34.199999999999996,52.6,16.733333333333334,31.6,61.625,156.0,31.2,68,0.8,12.6,36.0
2023-06-09,Mumbai,16.6375,28.1,27.075,45.1,16.75,24.6,52.625,121.0,30.6,76,4.0,18.3,50.4
2023-06-10,Mumbai,13.895833333333334,20.3,23.59583333333333,32.6,12.341666666666667,19.8,52.208333333333336,100.0,30.2,74,3.6,24.3,65.5
2023-06-11,Mumbai,14.0375,22.8,25.2,40.5,10.879166666666668,15.9,52.25,95.0,29.6,73,3.8,25.3,66.2
2023-06-12,Mumbai,16.404166666666665,22.9,30.858333333333334,44.8,10.883333333333333,19.5,47.541666666666664,78.0,28.7,78,5.3,30.0,77.4
2023-06-13,Mumbai,21.34166666666667,25.8,40.645833333333336,48.7,11.75,23.3,45.75,78.0,28.3,80,5.6,29.1,65.9
2023-06-14,Mumbai,20.545833333333334,25.6,40.02916666666667,47.5,12.0,19.2,44.666666666666664,77.0,28.5,79,2.8,27.0,63.0
2023-06-15,Mumbai,20.408333333333335,24.7,41.954166666666666,48.2,10.316666666666666,19.2,41.458333333333336,77.0,29.8,74,2.8,29.5,61.2
2023-06-16,Mumbai,21.816666666666666,27.6,45.95416666666667,55.8,11.541666666666666,19.5,41.583333333333336,75.0,29.4,75,4.6,30.2,67.0
2023-06-17,Mumbai,22.858333333333334,28.8,49.69583333333333,67.8,12.475,20.8,43.25,79.0,29.1,79,6.6,21.9,49.0
2023-06-18,Mumbai,24.075,30.0,56.645833333333336,71.7,14.004166666666668,25.9,46.458333333333336,95.0,29.1,79,4.6,17.7,45.7
2023-06-19,Mumbai,24.441666666666666,31.1,54.770833333333336,64.7,15.816666666666668,30.3,45.333333333333336,101.0,29.4,77,2.4,16.0,40.0
2023-06-20,Mumbai,23.708333333333332,28.5,54.291666666666664,64.3,16.320833333333333,27.2,45.125,104.0,29.3,78,1.1,14.0,40.7
2023-06-21,Mumbai,23.241666666666664,33.8,52.65,69.8,17.479166666666668,30.9,52.458333333333336,134.0,29.3,79,2.9,13.0,38.9
2023-06-22,Mumbai,22.704166666666666,32.5,48.99583333333334,65.2,17.254166666666666,31.7,46.291666666666664,124.0,29.5,76,1.9,13.6,37.1
2023-06-23,Mumbai,18.704166666666666,32.7,35.641666666666666,56.7,16.704166666666666,26.0,47.791666666666664,132.0,28.6,81,2.9,13.1,37.8
2023-06-24,Mumbai,18.945833333333333,34.0,33.579166666666666,58.0,22.545833333333334,33.3,40.541666666666664,81.0,27.0,86,20.7,11.0,38.5
2023-06-25,Mumbai,20.454166666666666,26.1,38.38333333333333,45.5,22.22083333333333,32.7,37.958333333333336,56.0,26.4,88,32.9,11.7,36.7
2023-06-26,Mumbai,21.575,30.3,41.1625,54.9,20.245833333333334,28.3,37.375,52.0,25.8,91,23.2,14.1,39.2
2023-06-27,Mumbai,20.391666666666666,28.5,39.38333333333333,50.5,14.125,22.5,45.041666666666664,54.0,25.9,91,23.2,13.7,39.2
2023-06-28,Mumbai,16.8,19.4,33.75833333333333,42.5,7.795833333333333,11.8,56.5,79.0,26.3,90,45.7,15.6,40.0
2023-06-29,Mumbai,17.091666666666665,18.6,32.329166666666666,36.7,7.258333333333333,9.6,49.916666666666664,53.0,26.0,91,50.0,16.5,45.7
2023-06-30,Mumbai,18.770833333333332,24.3,34.9625,44.2,6.083333333333333,8.6,49.958333333333336,57.0,26.1,91,55.8,20.7,50.4
2023-07-01,Mumbai,19.083333333333332,22.0,37.074999999999996,46.1,7.3500000000000005,10.5,45.791666666666664,50.0,26.3,90,40.5,17.3,48.2
2023-07-02,Mumbai,17.241666666666667,19.2,34.11666666666667,38.2,7.008333333333333,11.0,51.958333333333336,81.0,26.7,89,34.7,16.0,42.1
2023-07-03,Mumbai,14.975,18.9,30.125,37.4,8.933333333333334,12.2,61.375,120.0,27.2,88,8.6,13.2,38.2
2023-07-04,Mumbai,16.841666666666665,21.1,40.5,56.3,9.333333333333334,12.6,58.25,94.0,26.9,89,48.3,11.5,34.9
2023-07-05,Mumbai,17.441666666666666,19.0,40.42916666666667,46.6,10.008333333333333,13.1,59.916666666666664,94.0,26.6,90,35.9,10.4,33.5
2023-07-06,Mumbai,17.037499999999998,20.7,34.31666666666667,44.7,8.895833333333334,12.1,52.708333333333336,73.0,25.7,93,97.5,13.9,43.6
2023-07-07,Mumbai,16.325,21.1,30.25,41.7,6.733333333333333,8.7,53.75,64.0,26.3,90,50.7,20.8,51.5
2023-07-08,Mumbai,22.6375,25.0,49.76666666666667,56.2,5.954166666666667,8.9,56.166666666666664,72.0,27.6,84,13.0,23.8,59.4
2023-07-09,Mumbai,21.558333333333334,23.9,53.07916666666667,59.1,6.345833333333334,10.0,51.0,73.0,27.5,82,10.8,21.8,53.6
2023-07-10,Mumbai,19.841666666666665,24.6,52.00416666666666,63.1,6.479166666666667,10.1,51.583333333333336,80.0,27.5,82,3.5,18.0,44.6
2023-07-11,Mumbai,19.595833333333335,21.6,48.02916666666667,55.3,7.379166666666666,11.5,46.458333333333336,66.0,27.7,82,4.3,15.1,40.3
2023-07-12,Mumbai,19.925,22.6,48.15416666666667,55.6,10.041666666666666,16.2,47.666666666666664,91.0,26.1,90,12.2,7.4,25.2
2023-07-13,Mumbai,18.358333333333334,21.5,42.079166666666666,53.1,9.366666666666667,12.4,49.333333333333336,71.0,26.1,90,10.9,11.6,36.7
2023-07-14,Mumbai,17.962500000000002,20.7,39.262499999999996,48.3,7.3999999999999995,10.0,46.583333333333336,69.0,26.2,90,32.7,13.8,42.5
2023-07-15,Mumbai,20.900000000000002,23.7,46.8375,51.0,7.891666666666667,11.8,46.583333333333336,79.0,26.1,89,16.7,11.4,39.6
2023-07-16,Mumbai,18.983333333333334,24.6,40.612500000000004,51.3,7.7875000000000005,10.6,45.541666666666664,69.0,25.7,91,30.5,10.2,35.6
2023-07-17,Mumbai,17.8125,19.6,35.583333333333336,40.2,7.958333333333333,10.9,46.958333333333336,53.0,25.8,91,63.8,15.0,40.7
2023-07-18,Mumbai,20.991666666666667,23.7,41.15416666666667,47.1,6.1375,8.7,45.458333333333336,50.0,25.9,91,67.7,20.2,47.9
2023-07-19,Mumbai,22.8875,26.5,42.1,53.4,5.675,8.0,45.166666666666664,51.0,26.2,91,44.8,19.6,47.5
2023-07-20,Mumbai,27.429166666666664,29.7,59.42916666666667,70.8,6.1125,9.1,40.916666666666664,43.0,26.4,88,36.4,18.9,47.9
2023-07-21,Mumbai,27.27916666666667,36.0,64.52916666666667,91.5,6.683333333333334,11.1,50.75,66.0,26.4,89,40.9,16.4,42.8
2023-07-22,Mumbai,25.212500000000002,37.0,54.199999999999996,99.2,6.279166666666666,9.9,46.791666666666664,54.0,25.9,91,42.7,18.1,42.1
2023-07-23,Mumbai,18.008333333333333,23.9,33.13333333333333,47.5,5.916666666666667,10.0,42.041666666666664,50.0,26.2,90,34.8,21.4,55.4
2023-07-24,Mumbai,19.287499999999998,22.2,38.050000000000004,47.7,5.895833333333333,10.1,45.708333333333336,61.0,26.1,89,58.2,21.1,53.6
2023-07-25,Mumbai,21.554166666666664,26.1,45.54583333333333,52.2,5.370833333333334,8.5,48.625,61.0,25.9,90,44.1,17.0,40.7
2023-07-26,Mumbai,19.358333333333334,23.2,39.358333333333334,48.4,5.154166666666667,8.2,48.083333333333336,60.0,25.8,91,93.9,18.4,48.6
2023-07-27,Mumbai,21.254166666666666,24.6,43.895833333333336,52.7,5.654166666666666,9.4,43.916666666666664,51.0,26.0,90,90.9,20.0,48.2
2023-07-28,Mumbai,19.070833333333333,22.1,37.93333333333333,45.8,5.7625,8.4,39.583333333333336,45.0,25.7,91,49.8,17.7,44.6
2023-07-29,Mumbai,20.0625,22.5,42.75833333333333,46.9,6.204166666666667,9.1,38.375,49.0,26.8,84,12.3,19.2,51.5
2023-07-30,Mumbai,18.470833333333335,20.8,41.291666666666664,50.3,5.3374999999999995,8.7,41.5,60.0,27.0,83,9.3,19.6,52.9
2023-07-31,Mumbai,19.604166666666668,22.1,48.975,56.1,5.629166666666666,8.0,42.666666666666664,60.0,26.8,85,9.9,19.0,50.8
2023-08-01,Mumbai,19.820833333333333,24.4,50.67083333333333,65.7,5.75,8.7,47.125,68.0,27.0,84,6.1,20.5,50.0
2023-08-02,Mumbai,21.5,27.2,53.31666666666666,67.8,5.491666666666667,10.0,46.416666666666664,58.0,26.8,84,15.1,20.8,52.2
2023-08-03,Mumbai,18.583333333333332,21.9,40.97083333333333,50.5,5.195833333333334,7.9,45.083333333333336,64.0,27.1,84,6.3,22.5,52.9
2023-08-04,Mumbai,18.958333333333332,24.3,41.112500000000004,49.6,5.4750000000000005,8.5,41.875,60.0,27.2,85,2.5,21.4,48.6
2023-08-05,Mumbai,21.575,25.7,45.612500000000004,58.1,5.5375000000000005,8.0,49.083333333333336,78.0,27.3,83,3.8,20.6,47.5
2023-08-06,Mumbai,20.308333333333334,25.3,45.55416666666667,64.7,5.3999999999999995,8.9,46.708333333333336,68.0,27.2,83,2.8,20.7,48.6
2023-08-07,Mumbai,20.083333333333332,23.7,43.45416666666667,49.8,5.5249999999999995,9.1,45.166666666666664,65.0,27.3,83,2.2,21.5,51.8
2023-08-08,Mumbai,19.783333333333335,22.5,45.77916666666667,52.6,6.2625,12.0,47.125,73.0,27.4,83,2.3,19.4,48.2
2023-08-09,Mumbai,20.133333333333333,23.9,47.4,54.6,7.308333333333334,11.5,45.458333333333336,67.0,27.2,83,3.0,16.3,42.1
2023-08-10,Mumbai,19.45,25.1,47.69166666666666,61.9,8.420833333333333,16.9,49.958333333333336,83.0,26.6,85,7.3,13.3,36.0
2023-08-11,Mumbai,18.441666666666666,21.7,48.041666666666664,58.4,7.8999999999999995,11.1,52.666666666666664,92.0,27.2,82,3.7,12.3,33.1
2023-08-12,Mumbai,18.474999999999998,21.8,50.51666666666667,57.3,7.270833333333333,10.4,50.625,79.0,25.9,86,5.4,11.2,41.0
2023-08-13,Mumbai,18.125,22.1,44.18333333333334,54.6,5.55,8.0,46.333333333333336,71.0,27.1,82,5.0,17.8,48.2
2023-08-14,Mumbai,19.895833333333332,22.4,42.916666666666664,48.1,5.629166666666666,8.3,46.75,70.0,27.4,80,2.6,19.2,47.9
2023-08-15,Mumbai,18.345833333333335,21.4,41.50416666666667,47.3,7.295833333333333,11.3,43.583333333333336,68.0,27.0,83,3.5,14.4,36.7
2023-08-16,Mumbai,16.5625,19.4,36.666666666666664,43.4,6.958333333333333,10.3,46.333333333333336,89.0,27.0,84,4.5,12.6,41.0
2023-08-17,Mumbai,15.5625,20.0,34.42916666666667,42.7,5.716666666666666,9.0,44.5,80.0,26.8,83,3.5,13.7,41.0
2023-08-18,Mumbai,14.991666666666667,18.5,33.3375,41.3,5.445833333333333,8.3,40.208333333333336,68.0,27.1,81,2.0,13.9,38.2
2023-08-19,Mumbai,18.6375,21.6,42.420833333333334,47.7,5.8625,8.7,42.541666666666664,66.0,26.8,84,4.1,15.1,38.9
2023-08-20,Mumbai,17.854166666666668,22.4,40.80416666666667,47.0,6.433333333333334,12.0,49.166666666666664,82.0,26.1,88,10.5,11.2,33.1
2023-08-21,Mumbai,15.895833333333334,17.4,40.67916666666667,57.6,6.9375,12.6,45.0,68.0,26.5,86,3.8,10.4,35.3
2023-08-22,Mumbai,15.108333333333334,16.6,30.075,34.6,8.595833333333333,12.5,41.625,72.0,26.4,86,6.1,10.2,38.2
2023-08-23,Mumbai,13.450000000000001,14.5,27.933333333333334,31.4,7.3125,11.1,40.833333333333336,81.0,27.2,82,3.8,13.4,41.4
2023-08-24,Mumbai,13.533333333333333,15.1,28.016666666666666,31.4,7.895833333333333,13.1,33.75,60.0,26.6,85,6.5,14.6,43.9
2023-08-25,Mumbai,12.370833333333332,14.8,24.0125,28.8,7.741666666666667,11.4,37.5,66.0,26.7,86,6.2,14.7,43.9
2023-08-26,Mumbai,13.183333333333332,15.9,27.145833333333332,35.2,7.2625,11.6,38.5,64.0,26.1,88,14.3,14.9,43.2
2023-08-27,Mumbai,13.3375,17.3,30.108333333333334,41.1,8.291666666666666,13.7,40.875,71.0,25.7,89,15.1,10.5,39.2
2023-08-28,Mumbai,13.725,17.1,28.541666666666668,36.1,8.216666666666667,14.2,42.375,74.0,25.8,88,4.1,10.7,41.0
2023-08-29,Mumbai,16.2625,21.7,36.583333333333336,48.4,10.954166666666666,20.3,55.583333333333336,126.0,26.5,86,3.6,7.3,28.1
2023-08-30,Mumbai,20.3375,26.9,47.11666666666667,61.9,13.504166666666668,21.8,62.333333333333336,146.0,26.7,86,0.7,6.8,31.0
2023-08-31,Mumbai,20.904166666666665,32.8,50.29583333333333,75.4,14.879166666666668,22.0,71.0,195.0,27.2,85,0.7,7.3,32.4
2023-09-01,Mumbai,19.191666666666666,25.2,57.30833333333334,66.4,13.079166666666666,20.6,63.25,154.0,27.1,86,1.2,7.5,34.9
2023-09-02,Mumbai,21.570833333333336,28.5,52.17083333333333,66.1,17.733333333333334,25.9,76.04166666666667,218.0,26.5,89,2.6,5.2,27.4
2023-09-03,Mumbai,19.375,23.5,56.362500000000004,76.4,10.804166666666667,22.5,52.041666666666664,94.0,26.9,86,10.0,7.7,35.3
2023-09-04,Mumbai,20.633333333333333,23.9,57.99166666666667,76.1,8.533333333333333,13.6,50.875,80.0,26.9,84,2.2,8.6,35.6
2023-09-05,Mumbai,20.162499999999998,22.4,50.62916666666666,61.7,8.1,11.3,53.791666666666664,91.0,27.0,83,2.4,10.3,35.6
2023-09-06,Mumbai,23.53333333333333,25.3,61.39166666666667,66.1,7.55,11.4,51.375,80.0,27.8,81,1.0,11.2,35.3
2023-09-07,Mumbai,24.883333333333336,31.2,58.17083333333333,75.7,5.7875000000000005,7.9,54.0,67.0,27.0,84,10.2,13.5,40.3
2023-09-08,Mumbai,21.575,24.9,50.0,62.9,5.625,8.7,49.291666666666664,58.0,26.7,89,50.6,16.1,43.9
2023-09-09,Mumbai,16.525000000000002,18.9,36.699999999999996,44.7,5.55,10.2,45.708333333333336,67.0,26.9,88,15.9,12.2,36.7
2023-09-10,Mumbai,15.8375,20.5,32.05833333333333,41.4,8.8375,16.0,52.75,101.0,27.1,88,5.5,10.7,36.7
2023-09-11,Mumbai,15.441666666666668,19.8,32.1625,44.5,8.058333333333334,13.8,50.583333333333336,89.0,26.3,88,4.7,9.0,32.4
2023-09-12,Mumbai,14.8125,17.5,31.320833333333336,36.7,7.8625,13.6,46.125,79.0,26.9,85,4.7,10.1,38.2
2023-09-13,Mumbai,15.266666666666666,18.6,32.42916666666667,39.5,8.991666666666667,14.0,49.0,92.0,26.5,87,3.6,7.7,28.1
2023-09-14,Mumbai,14.345833333333333,18.0,32.59166666666667,40.9,10.279166666666667,15.9,57.75,120.0,26.6,86,2.2,8.1,29.5
2023-09-15,Mumbai,11.366666666666667,13.9,25.495833333333334,31.1,8.879166666666666,12.1,45.208333333333336,90.0,27.2,82,2.1,8.7,32.8
2023-09-16,Mumbai,13.704166666666666,16.1,27.804166666666664,32.0,7.1625000000000005,8.8,32.541666666666664,37.0,27.0,84,7.3,15.0,40.0
2023-09-17,Mumbai,17.779166666666665,20.5,38.354166666666664,45.6,6.708333333333333,9.5,36.291666666666664,50.0,27.2,82,8.2,18.5,47.5
2023-09-18,Mumbai,17.05,20.8,34.50833333333333,43.2,7.704166666666667,11.6,42.75,69.0,25.9,90,30.9,16.3,45.7
2023-09-19,Mumbai,13.508333333333333,16.2,25.6375,31.2,8.2125,12.6,43.708333333333336,71.0,26.3,88,12.3,17.9,45.4
2023-09-20,Mumbai,11.191666666666668,14.3,20.2375,26.4,9.108333333333333,14.2,47.333333333333336,75.0,26.5,89,11.1,16.6,42.5
2023-09-21,Mumbai,9.241666666666667,11.9,15.9,20.8,10.179166666666667,14.3,51.875,90.0,26.5,90,20.7,10.3,34.2
2023-09-22,Mumbai,15.095833333333333,20.0,28.03333333333333,37.6,16.345833333333335,23.9,39.625,79.0,26.4,91,14.9,7.6,24.1
2023-09-23,Mumbai,12.804166666666667,18.1,20.504166666666666,32.1,16.2625,22.7,35.583333333333336,56.0,26.1,91,35.3,6.2,30.2
2023-09-24,Mumbai,14.991666666666667,20.8,26.245833333333334,40.9,14.299999999999999,19.8,50.791666666666664,110.0,26.2,90,15.3,6.6,28.1
2023-09-25,Mumbai,14.708333333333334,18.9,26.96666666666667,36.9,12.729166666666666,27.4,61.208333333333336,128.0,26.3,89,17.7,6.8,30.6
2023-09-26,Mumbai,16.270833333333332,20.7,28.004166666666666,34.2,18.429166666666667,31.4,59.0,137.0,26.4,89,4.4,6.3,30.6
2023-09-27,Mumbai,18.979166666666668,27.5,32.525,42.0,18.645833333333332,31.3,72.08333333333333,132.0,26.1,91,21.0,6.9,35.3
2023-09-28,Mumbai,38.291666666666664,49.7,63.512499999999996,85.2,17.912499999999998,26.9,105.75,149.0,26.6,91,22.6,7.5,39.2
2023-09-29,Mumbai,46.324999999999996,56.1,70.57916666666667,82.9,21.75,33.3,120.95833333333333,223.0,27.4,91,25.9,6.3,29.5
2023-09-30,Mumbai,47.32916666666667,84.8,76.18333333333334,141.6,19.970833333333335,32.5,150.08333333333334,247.0,27.9,88,13.2,6.8,32.8
2023-10-01,Mumbai,54.09583333333333,82.9,97.75,139.7,16.104166666666668,27.5,150.41666666666666,236.0,28.4,89,0.8,8.1,33.5
2023-10-02,Mumbai,33.104166666666664,38.4,97.69166666666666,115.3,11.704166666666666,23.9,77.04166666666667,110.0,27.3,87,3.2,8.9,27.7
2023-10-03,Mumbai,24.962500000000002,32.1,96.0125,109.4,12.308333333333332,22.2,89.45833333333333,152.0,27.3,83,0.1,6.7,29.2
2023-10-04,Mumbai,23.170833333333334,28.8,91.3125,98.0,11.641666666666666,16.1,89.95833333333333,163.0,27.1,85,2.9,6.5,30.6
2023-10-05,Mumbai,28.59583333333333,34.2,89.06666666666666,96.4,12.854166666666666,19.0,96.33333333333333,186.0,27.1,86,0.1,8.6,30.6
2023-10-06,Mumbai,34.520833333333336,40.5,83.7625,94.1,10.1875,14.9,98.04166666666667,172.0,27.1,85,0.7,8.5,33.1
2023-10-07,Mumbai,37.15833333333333,41.4,77.47916666666667,84.1,10.924999999999999,15.1,92.625,157.0,27.0,86,0.2,10.0,36.7
2023-10-08,Mumbai,44.354166666666664,52.9,83.31666666666666,95.5,12.954166666666666,22.7,102.54166666666667,162.0,27.6,84,0.3,10.8,36.4
2023-10-09,Mumbai,44.07083333333333,56.0,79.49583333333334,103.8,14.641666666666666,23.3,111.91666666666667,185.0,27.9,80,0.0,11.0,32.8
2023-10-10,Mumbai,22.90416666666667,29.2,38.704166666666666,51.2,12.595833333333333,19.8,93.83333333333333,160.0,27.7,76,0.0,11.4,35.6
2023-10-11,Mumbai,16.091666666666665,24.2,27.675,40.9,10.954166666666666,15.8,84.79166666666667,133.0,27.6,81,0.0,12.4,40.3
2023-10-12,Mumbai,24.645833333333332,51.2,43.2125,87.1,12.8375,20.7,99.83333333333333,143.0,27.9,84,0.0,10.5,35.3
2023-10-13,Mumbai,52.31666666666666,71.5,89.35833333333333,116.6,15.1875,21.8,174.83333333333334,342.0,28.7,84,0.0,8.4,31.3
2023-10-14,Mumbai,59.875,78.0,101.05416666666667,128.5,22.875,36.6,179.0,372.0,28.4,85,0.0,7.3,28.1
2023-10-15,Mumbai,55.574999999999996,68.5,94.66666666666667,116.4,18.908333333333335,44.9,143.29166666666666,259.0,28.7,85,0.7,8.6,38.5
2023-10-16,Mumbai,66.5125,84.1,108.47500000000001,130.9,31.337500000000002,82.8,163.25,330.0,28.6,71,0.0,7.4,32.0
2023-10-17,Mumbai,72.97500000000001,92.2,118.74166666666666,147.1,24.912499999999998,51.8,203.04166666666666,476.0,28.3,75,1.0,6.8,25.2
2023-10-18,Mumbai,55.975,64.0,90.07083333333333,106.9,18.55,31.9,154.66666666666666,331.0,28.7,73,0.0,9.0,32.0
2023-10-19,Mumbai,43.020833333333336,48.5,73.06666666666666,79.6,15.733333333333334,34.5,122.79166666666667,214.0,28.8,63,0.0,9.3,31.7
2023-10-20,Mumbai,62.9125,84.5,104.125,135.0,25.84583333333333,49.6,200.29166666666666,446.0,28.6,67,0.0,7.8,24.1
2023-10-21,Mumbai,83.60833333333333,122.0,135.77916666666667,192.8,35.12083333333333,83.9,196.95833333333334,436.0,29.1,67,0.1,8.0,25.2
2023-10-22,Mumbai,79.44583333333334,100.4,130.7125,162.5,25.354166666666668,41.3,217.625,526.0,28.7,71,0.0,7.7,25.6
2023-10-23,Mumbai,72.7375,84.1,125.67083333333333,142.0,19.408333333333335,35.8,199.66666666666666,390.0,28.6,67,0.0,8.7,32.8
2023-10-24,Mumbai,63.25,78.9,109.7375,130.9,21.8875,42.3,199.125,413.0,28.6,61,0.0,8.5,30.6
2023-10-25,Mumbai,55.4125,66.1,96.32916666666667,112.2,20.304166666666667,42.1,209.66666666666666,433.0,28.0,60,0.0,8.9,31.3
2023-10-26,Mumbai,50.3125,65.9,89.54583333333333,114.8,19.875,40.9,205.95833333333334,407.0,27.8,58,0.0,9.3,38.2
2023-10-27,Mumbai,44.28333333333333,59.4,77.0625,105.2,19.883333333333333,34.4,190.20833333333334,390.0,27.5,55,0.0,10.5,36.7
2023-10-28,Mumbai,50.28333333333333,68.0,85.51666666666667,118.3,22.070833333333336,39.3,182.33333333333334,362.0,27.2,56,0.0,9.9,28.8
2023-10-29,Mumbai,56.5875,76.1,94.52499999999999,126.2,24.120833333333334,49.4,195.25,410.0,27.3,54,0.0,10.6,36.7
2023-10-30,Mumbai,65.45416666666667,88.9,108.55,147.6,26.195833333333336,43.2,217.375,436.0,27.4,59,0.0,7.6,28.1
2023-10-31,Mumbai,74.87083333333334,90.3,123.65833333333335,144.8,26.604166666666668,47.5,241.29166666666666,465.0,27.9,59,0.0,8.2,27.4
2023-11-01,Mumbai,60.324999999999996,77.5,98.875,127.1,21.020833333333332,35.4,208.25,453.0,27.5,58,0.0,8.9,28.8
2023-11-02,Mumbai,54.57083333333333,67.5,85.55833333333334,114.3,22.0625,39.3,165.04166666666666,330.0,27.5,58,0.0,9.8,30.2
2023-11-03,Mumbai,61.333333333333336,73.1,99.67916666666667,114.6,21.037499999999998,42.9,177.20833333333334,342.0,27.9,57,0.0,11.3,34.9
2023-11-04,Mumbai,65.12916666666666,92.0,104.72916666666667,146.2,28.3875,63.0,174.29166666666666,367.0,28.5,54,0.0,8.8,28.8
2023-11-05,Mumbai,76.05416666666666,118.5,118.31666666666666,178.3,32.833333333333336,79.6,226.29166666666666,514.0,28.8,59,0.0,9.2,27.0
2023-11-06,Mumbai,72.0625,92.4,113.69583333333333,140.6,27.241666666666664,48.3,234.125,499.0,28.5,56,0.0,9.6,31.0
2023-11-07,Mumbai,60.24166666666667,79.2,98.64999999999999,129.0,23.84583333333333,42.2,199.25,475.0,27.6,56,0.0,9.6,35.6
2023-11-08,Mumbai,46.512499999999996,59.8,73.29583333333333,100.1,19.466666666666665,34.4,146.75,306.0,27.9,69,0.0,9.0,38.5
2023-11-09,Mumbai,48.90833333333333,62.4,75.21666666666667,94.8,22.2375,35.7,145.83333333333334,315.0,28.4,76,0.0,6.0,33.1
2023-11-10,Mumbai,59.729166666666664,80.8,95.62916666666666,127.1,21.483333333333334,32.0,202.79166666666666,417.0,28.2,73,1.1,7.1,30.6
2023-11-11,Mumbai,58.93333333333334,64.7,95.71249999999999,110.8,23.15416666666667,36.0,155.625,330.0,29.1,64,0.0,9.6,34.6
2023-11-12,Mumbai,58.94583333333333,88.0,96.40416666666665,139.7,26.09583333333333,54.3,173.70833333333334,408.0,29.4,52,0.0,10.0,33.1
2023-11-13,Mumbai,55.65416666666667,81.7,88.9875,128.1,26.454166666666666,47.7,158.83333333333334,366.0,28.2,56,0.0,8.8,30.6
2023-11-14,Mumbai,63.38333333333333,86.1,101.45416666666667,139.2,23.758333333333336,40.6,187.58333333333334,412.0,27.3,63,0.0,8.3,30.6
2023-11-15,Mumbai,59.083333333333336,70.5,96.06666666666666,114.8,18.229166666666668,30.8,168.54166666666666,334.0,27.1,64,0.0,8.5,32.4
2023-11-16,Mumbai,67.10416666666667,84.1,108.3,134.6,19.591666666666665,33.8,195.58333333333334,374.0,27.0,61,0.0,8.2,27.0
2023-11-17,Mumbai,68.42083333333333,85.2,112.67083333333333,142.0,19.01666666666667,34.1,153.70833333333334,285.0,27.1,60,0.0,10.0,31.3
2023-11-18,Mumbai,82.175,94.5,134.79999999999998,156.0,21.625,33.4,185.41666666666666,377.0,26.7,62,0.0,8.3,28.8
2023-11-19,Mumbai,78.30833333333334,88.5,129.0375,146.7,19.666666666666668,30.8,168.08333333333334,284.0,26.9,63,0.0,9.5,31.7
2023-11-20,Mumbai,72.96666666666667,92.9,114.45,141.1,24.804166666666664,61.2,188.95833333333334,379.0,28.0,61,0.0,8.3,31.3
2023-11-21,Mumbai,57.612500000000004,66.4,88.14583333333333,102.7,18.854166666666668,33.8,156.625,340.0,28.6,59,0.0,10.2,38.9
2023-11-22,Mumbai,53.199999999999996,67.5,81.41250000000001,106.4,15.320833333333333,24.9,141.08333333333334,264.0,27.7,50,0.0,11.3,37.4
2023-11-23,Mumbai,59.291666666666664,75.4,90.22083333333335,118.3,16.1125,27.9,133.16666666666666,235.0,27.1,54,0.0,10.2,31.7
2023-11-24,Mumbai,62.15416666666667,91.7,91.03750000000001,133.2,32.675000000000004,101.1,182.16666666666666,381.0,27.6,60,0.0,8.2,31.7
2023-11-25,Mumbai,38.479166666666664,53.8,58.22083333333333,78.0,20.175,28.7,127.5,247.0,27.9,67,0.0,8.9,26.6
2023-11-26,Mumbai,29.566666666666666,44.8,46.32916666666667,67.5,18.912499999999998,35.9,97.33333333333333,118.0,27.0,78,2.4,7.6,39.2
2023-11-27,Mumbai,14.941666666666668,21.6,23.65416666666667,33.3,12.391666666666666,19.0,106.95833333333333,195.0,26.1,77,0.9,7.1,28.8
2023-11-28,Mumbai,23.333333333333332,34.0,36.61666666666667,53.9,13.195833333333333,18.2,103.33333333333333,153.0,25.8,73,0.0,9.7,35.3
2023-11-29,Mumbai,38.795833333333334,55.2,61.737500000000004,88.9,12.045833333333334,18.8,121.16666666666667,194.0,24.6,72,0.0,8.8,32.4
2023-11-30,Mumbai,56.6875,65.2,88.98333333333333,102.2,11.604166666666666,18.9,127.83333333333333,192.0,24.7,79,0.0,9.3,36.7
2023-12-01,Mumbai,62.40833333333333,69.2,96.92083333333333,108.5,11.991666666666667,17.0,132.33333333333334,221.0,25.0,80,0.3,8.0,33.1
2023-12-02,Mumbai,57.34166666666667,69.2,86.32916666666667,107.6,15.5,21.3,160.70833333333334,294.0,25.7,77,0.0,7.3,28.1
2023-12-03,Mumbai,51.49166666666667,76.4,76.07916666666667,111.1,26.433333333333334,40.6,172.83333333333334,421.0,27.4,68,0.0,9.5,32.0
2023-12-04,Mumbai,38.775,44.4,56.712500000000006,68.5,17.866666666666667,35.8,127.83333333333333,260.0,27.6,70,0.3,10.4,38.2
2023-12-05,Mumbai,43.01666666666667,57.0,63.1875,84.8,13.166666666666666,20.8,117.95833333333333,214.0,27.7,65,0.0,12.3,38.9
2023-12-06,Mumbai,47.262499999999996,54.2,69.41250000000001,79.6,14.762500000000001,23.7,112.95833333333333,230.0,26.6,66,0.0,10.2,34.6
2023-12-07,Mumbai,41.90833333333333,52.3,61.22083333333333,75.9,17.191666666666666,25.8,109.33333333333333,255.0,26.0,67,0.0,10.9,34.6
2023-12-08,Mumbai,40.5,48.7,59.362500000000004,70.1,16.224999999999998,25.8,122.41666666666667,269.0,26.0,66,0.0,10.2,32.8
2023-12-09,Mumbai,36.825,45.1,54.30833333333334,70.3,15.754166666666668,23.0,110.25,216.0,26.2,63,0.0,10.3,36.0
2023-12-10,Mumbai,37.387499999999996,48.9,54.6625,71.0,19.879166666666666,33.5,121.75,276.0,26.4,62,0.0,9.8,28.8
2023-12-11,Mumbai,31.333333333333332,37.8,46.14166666666667,58.2,13.966666666666667,23.9,118.58333333333333,207.0,26.4,58,0.0,10.5,34.9
2023-12-12,Mumbai,35.737500000000004,45.1,53.43333333333334,67.1,12.5625,21.2,124.5,200.0,25.3,58,0.0,10.5,38.5
2023-12-13,Mumbai,45.85,54.8,70.89999999999999,82.0,16.162499999999998,25.4,162.375,339.0,24.9,62,0.0,8.9,31.0
2023-12-14,Mumbai,50.50833333333333,58.7,75.425,93.6,21.754166666666666,38.2,161.16666666666666,273.0,26.0,59,0.0,7.5,25.6
2023-12-15,Mumbai,45.949999999999996,54.0,66.95833333333333,77.8,20.695833333333333,37.0,151.79166666666666,243.0,25.9,53,0.0,9.3,29.5
2023-12-16,Mumbai,47.55416666666667,53.6,71.40416666666667,79.6,16.425,26.9,148.45833333333334,272.0,25.1,56,0.0,10.8,37.1
2023-12-17,Mumbai,49.02916666666667,63.8,73.27916666666667,95.5,19.141666666666666,43.2,109.5,206.0,25.7,56,0.0,11.0,34.6
2023-12-18,Mumbai,54.92083333333333,70.3,82.47916666666667,105.5,23.254166666666666,50.5,89.625,170.0,27.0,51,0.0,12.0,35.3
2023-12-19,Mumbai,54.612500000000004,62.6,82.1125,93.4,22.704166666666666,48.3,108.75,206.0,26.9,52,0.0,11.8,32.4
2023-12-20,Mumbai,40.65833333333333,59.6,61.37083333333334,88.9,24.3625,42.5,102.0,194.0,25.7,48,0.0,10.1,34.2
2023-12-21,Mumbai,49.449999999999996,70.5,74.32083333333334,105.2,31.65833333333333,42.4,134.45833333333334,316.0,26.2,53,0.0,10.0,35.3
2023-12-22,Mumbai,63.4,78.0,94.83333333333333,115.5,35.579166666666666,60.3,148.5,349.0,25.7,63,0.0,7.6,28.1
2023-12-23,Mumbai,62.35833333333333,79.2,95.93333333333334,117.8,27.65416666666667,44.0,162.41666666666666,377.0,25.9,61,0.0,9.7,32.8
2023-12-24,Mumbai,59.824999999999996,77.8,90.14166666666667,118.0,32.65833333333333,48.2,156.625,397.0,25.4,55,0.0,8.1,27.7
2023-12-25,Mumbai,65.67916666666666,84.8,100.60416666666667,129.5,31.15416666666667,50.7,172.79166666666666,414.0,25.0,54,0.0,9.5,32.8
2023-12-26,Mumbai,68.325,92.7,105.21249999999999,140.2,27.920833333333334,45.9,191.25,471.0,25.4,55,0.0,8.6,27.0
2023-12-27,Mumbai,67.6875,81.0,106.14166666666667,132.2,19.2375,32.7,158.16666666666666,274.0,26.0,55,0.0,10.5,31.3
2023-12-28,Mumbai,76.03750000000001,96.4,118.3875,147.1,24.008333333333336,42.9,199.45833333333334,441.0,25.7,61,0.0,9.6,32.0
2023-12-29,Mumbai,76.06666666666666,83.8,119.85000000000001,132.2,22.375,37.1,186.375,386.0,25.7,64,0.0,8.0,28.8
2023-12-30,Mumbai,78.14999999999999,95.9,121.85833333333333,150.9,21.825,38.6,164.70833333333334,331.0,25.1,69,0.0,8.2,26.6
2023-12-31,Mumbai,77.4375,89.6,119.91250000000001,137.8,20.208333333333332,34.6,153.54166666666666,264.0,25.3,64,0.0,8.4,30.6
2024-01-01,Mumbai,65.69583333333334,83.4,101.90833333333335,136.0,15.841666666666667,23.6,147.45833333333334,252.0,25.2,66,0.0,9.0,31.3
2024-01-02,Mumbai,70.28750000000001,77.5,109.47500000000001,122.0,12.658333333333333,20.5,140.95833333333334,207.0,24.7,67,0.0,10.4,34.9
2024-01-03,Mumbai,72.9875,82.9,113.13333333333333,131.8,12.487499999999999,18.7,132.625,199.0,24.2,65,0.0,10.9,37.4
2024-01-04,Mumbai,70.01666666666667,90.1,109.63333333333333,142.5,13.450000000000001,19.6,122.75,191.0,23.4,75,0.0,12.3,39.2
2024-01-05,Mumbai,70.6375,84.3,109.29583333333333,131.3,15.387500000000001,24.7,121.25,207.0,23.1,73,0.0,10.0,34.9
2024-01-06,Mumbai,61.82916666666667,80.6,95.5625,123.9,15.954166666666666,22.4,120.5,227.0,25.0,61,0.0,12.8,43.9
2024-01-07,Mumbai,67.2,80.8,104.35416666666667,129.0,18.554166666666667,24.3,128.16666666666666,314.0,25.3,64,0.0,9.8,34.9
2024-01-08,Mumbai,59.2875,80.3,89.77083333333333,121.5,30.799999999999997,62.6,162.45833333333334,411.0,26.6,57,0.0,11.0,35.6
2024-01-09,Mumbai,79.37083333333334,100.4,122.82916666666667,156.0,23.34166666666667,38.8,188.91666666666666,412.0,26.2,70,0.7,7.0,27.7
2024-01-10,Mumbai,51.362500000000004,78.9,77.75416666666666,121.5,23.566666666666666,31.2,97.91666666666667,153.0,25.7,71,0.7,7.8,28.4
2024-01-11,Mumbai,53.92916666666667,72.6,80.8125,112.9,28.129166666666666,34.9,118.33333333333333,303.0,27.0,66,0.8,10.7,34.6
2024-01-12,Mumbai,55.39166666666667,73.3,82.80833333333334,111.1,26.462500000000002,55.2,159.54166666666666,411.0,27.5,61,0.0,10.7,32.4
2024-01-13,Mumbai,51.37083333333334,63.3,77.45,94.3,26.583333333333332,44.0,128.875,284.0,26.6,62,0.0,10.5,37.1
2024-01-14,Mumbai,36.862500000000004,49.2,55.362500000000004,71.9,15.9375,25.3,112.08333333333333,197.0,26.3,50,0.0,12.0,40.3
2024-01-15,Mumbai,21.883333333333336,29.9,34.8125,44.5,11.570833333333333,20.8,115.04166666666667,154.0,24.6,42,0.0,12.7,42.1
2024-01-16,Mumbai,31.979166666666668,38.0,50.14166666666667,64.5,14.266666666666666,20.7,128.66666666666666,195.0,22.4,57,0.0,10.2,37.4
2024-01-17,Mumbai,39.333333333333336,52.6,64.15416666666667,89.2,12.966666666666667,21.0,135.08333333333334,194.0,22.0,65,0.0,9.3,34.6
2024-01-18,Mumbai,48.6625,57.4,87.2375,104.5,13.1875,22.5,141.75,206.0,22.2,66,0.0,9.3,36.4
2024-01-19,Mumbai,55.64166666666667,77.1,91.75833333333333,122.9,17.329166666666666,31.0,156.54166666666666,254.0,22.1,70,0.0,8.2,30.6
2024-01-20,Mumbai,65.83749999999999,83.1,103.3,127.1,15.545833333333334,25.6,140.66666666666666,236.0,22.8,65,0.0,12.2,45.0
2024-01-21,Mumbai,45.020833333333336,53.8,69.74166666666666,84.3,14.616666666666667,21.7,132.41666666666666,230.0,23.8,52,0.0,10.7,38.2
2024-01-22,Mumbai,47.699999999999996,66.8,74.04583333333333,99.9,20.125,36.2,142.66666666666666,312.0,23.2,53,0.0,9.8,39.6
2024-01-23,Mumbai,25.8875,35.4,41.15416666666667,55.8,10.895833333333334,16.1,115.33333333333333,149.0,23.7,39,0.0,16.4,49.3
2024-01-24,Mumbai,22.3,27.4,34.170833333333334,46.2,12.475,17.9,118.875,184.0,23.8,39,0.0,14.7,40.0
2024-01-25,Mumbai,32.94166666666667,43.2,49.9625,67.8,23.104166666666668,40.1,126.83333333333333,261.0,23.7,43,0.0,10.1,32.4
2024-01-26,Mumbai,47.862500000000004,66.1,71.21249999999999,96.4,30.25,39.4,153.70833333333334,394.0,23.8,48,0.0,9.4,32.0
2024-01-27,Mumbai,49.19166666666666,58.1,74.19583333333334,87.5,28.620833333333334,46.0,144.45833333333334,290.0,24.8,47,0.0,10.6,29.9
2024-01-28,Mumbai,53.46666666666667,74.0,83.8625,112.7,28.133333333333336,41.4,172.79166666666666,420.0,24.8,47,0.0,10.9,36.0
2024-01-29,Mumbai,52.52916666666667,61.0,85.14166666666667,99.7,19.1875,33.0,141.875,217.0,25.2,43,0.0,13.1,44.3
2024-01-30,Mumbai,49.862500000000004,59.3,81.0125,102.4,14.7875,21.4,132.54166666666666,205.0,24.6,49,0.0,12.4,41.4
2024-01-31,Mumbai,48.895833333333336,55.3,88.39999999999999,102.7,13.875,20.1,154.33333333333334,244.0,23.7,64,0.0,11.7,40.0
2024-02-01,Mumbai,31.6875,53.1,66.2625,97.6,10.558333333333334,17.0,109.58333333333333,139.0,22.9,70,0.0,10.8,43.2
2024-02-02,Mumbai,30.412499999999998,38.8,60.57916666666667,72.2,14.095833333333333,20.3,103.54166666666667,176.0,23.7,68,0.0,12.3,42.8
2024-02-03,Mumbai,46.30833333333334,70.8,76.9375,111.5,24.599999999999998,37.5,155.25,414.0,26.4,49,0.0,11.7,37.8
2024-02-04,Mumbai,53.125,69.8,86.64166666666667,114.3,31.266666666666666,53.3,163.45833333333334,409.0,26.2,55,0.0,7.9,29.5
2024-02-05,Mumbai,36.833333333333336,43.2,79.825,88.5,20.5,31.6,120.33333333333333,202.0,26.3,54,0.0,12.4,38.9
2024-02-06,Mumbai,38.50833333333333,60.1,96.58749999999999,126.7,20.970833333333335,34.0,113.79166666666667,223.0,25.8,57,0.0,12.9,39.6
2024-02-07,Mumbai,45.57916666666667,49.6,101.21666666666665,109.2,14.670833333333334,21.5,127.0,205.0,26.1,58,0.0,15.9,45.7
2024-02-08,Mumbai,34.475,44.5,73.39583333333333,94.5,12.208333333333334,21.8,128.33333333333334,181.0,25.8,53,0.0,14.9,48.2
2024-02-09,Mumbai,39.0,45.5,68.99166666666666,86.4,15.120833333333332,22.5,123.625,183.0,24.6,52,0.0,13.6,45.0
2024-02-10,Mumbai,36.824999999999996,44.8,59.854166666666664,78.9,12.554166666666667,18.3,131.75,194.0,24.7,41,0.0,14.2,47.2
2024-02-11,Mumbai,49.583333333333336,61.9,76.20416666666667,92.7,14.504166666666668,20.8,138.91666666666666,213.0,24.1,45,0.0,13.1,44.6
2024-02-12,Mumbai,63.55833333333334,74.7,98.34583333333335,122.9,17.883333333333333,31.8,155.08333333333334,260.0,24.3,53,0.0,10.2,33.1
2024-02-13,Mumbai,60.65833333333333,71.9,95.27083333333333,112.5,14.429166666666667,27.6,153.375,225.0,24.9,42,0.0,13.3,42.1
2024-02-14,Mumbai,58.395833333333336,71.0,90.46249999999999,106.6,14.775,28.0,141.45833333333334,215.0,25.6,39,0.0,15.2,46.4
2024-02-15,Mumbai,49.15833333333333,64.0,80.30833333333334,109.0,15.825000000000001,28.8,149.45833333333334,236.0,25.9,44,0.0,12.9,42.1
2024-02-16,Mumbai,81.41250000000001,107.8,125.6375,160.7,30.616666666666664,50.0,225.45833333333334,531.0,26.2,56,0.0,8.1,34.9
2024-02-17,Mumbai,92.72083333333335,120.6,142.625,184.4,30.608333333333334,47.6,191.625,406.0,26.3,58,0.0,8.0,30.6
2024-02-18,Mumbai,77.60000000000001,117.8,118.46249999999999,174.6,29.683333333333334,42.2,209.79166666666666,564.0,26.8,55,0.0,11.4,44.3
2024-02-19,Mumbai,44.458333333333336,68.0,69.08749999999999,101.7,21.666666666666668,34.1,133.25,292.0,25.8,50,0.0,12.6,43.2
2024-02-20,Mumbai,21.162499999999998,26.9,34.36666666666667,40.7,13.308333333333332,22.3,90.29166666666667,165.0,25.4,62,0.0,13.5,50.8
2024-02-21,Mumbai,17.208333333333332,20.3,33.88333333333333,65.7,8.704166666666667,12.7,78.58333333333333,121.0,24.0,76,0.1,10.0,41.0
2024-02-22,Mumbai,20.729166666666668,26.8,85.08333333333333,144.8,9.183333333333334,13.4,99.70833333333333,143.0,24.2,78,0.2,11.4,42.1
2024-02-23,Mumbai,26.458333333333332,30.7,86.41666666666667,140.6,11.270833333333334,20.1,123.20833333333333,171.0,24.4,63,0.0,13.4,49.7
2024-02-24,Mumbai,25.070833333333336,30.6,47.487500000000004,58.6,11.512500000000001,16.2,134.58333333333334,191.0,24.8,35,0.0,16.2,54.0
2024-02-25,Mumbai,22.1125,29.2,37.25416666666667,53.1,17.029166666666665,32.5,135.875,200.0,25.6,29,0.0,11.9,39.6
2024-02-26,Mumbai,62.0875,111.8,93.79166666666667,163.4,34.775,50.5,250.75,678.0,26.3,47,0.0,9.1,37.1
2024-02-27,Mumbai,68.75416666666666,91.3,111.28333333333335,146.2,24.333333333333332,42.6,180.04166666666666,377.0,27.4,51,0.0,11.0,42.5
2024-02-28,Mumbai,65.48333333333333,84.5,104.42916666666667,131.8,20.016666666666666,27.6,184.0,351.0,27.9,41,0.0,10.7,37.4
2024-02-29,Mumbai,64.20416666666667,85.9,100.30416666666667,128.1,24.6875,42.4,202.29166666666666,367.0,28.2,53,0.0,10.6,37.1
2024-03-01,Mumbai,58.5375,95.5,93.41250000000001,145.3,24.616666666666664,53.0,145.0,298.0,27.4,60,0.0,11.6,41.0
2024-03-02,Mumbai,29.579166666666666,33.9,49.03333333333333,54.6,10.820833333333333,16.3,91.0,156.0,25.9,77,0.0,9.9,41.8
2024-03-03,Mumbai,20.133333333333333,29.5,55.041666666666664,82.4,7.2875000000000005,14.1,92.79166666666667,120.0,24.5,73,0.2,14.4,38.9
2024-03-04,Mumbai,24.208333333333332,31.7,56.21666666666667,71.7,8.3375,12.2,118.29166666666667,146.0,22.8,62,0.0,12.8,44.6
2024-03-05,Mumbai,29.95,38.2,51.5875,70.5,12.008333333333333,18.0,147.41666666666666,229.0,23.8,46,0.0,11.5,45.7
2024-03-06,Mumbai,31.708333333333332,43.8,51.61666666666667,67.5,13.5625,24.3,142.45833333333334,214.0,24.4,35,0.0,12.7,47.5
2024-03-07,Mumbai,30.391666666666666,39.9,53.4,70.5,15.308333333333332,22.1,165.125,252.0,26.3,39,0.0,14.1,48.2
2024-03-08,Mumbai,24.125,29.7,49.770833333333336,62.2,14.645833333333334,19.2,131.375,201.0,27.8,30,0.0,15.4,53.6
2024-03-09,Mumbai,23.412499999999998,29.5,45.85833333333333,58.0,15.404166666666667,21.9,131.41666666666666,215.0,27.8,31,0.0,13.7,46.8
2024-03-10,Mumbai,28.008333333333336,37.5,49.40833333333333,61.7,18.304166666666667,27.4,137.70833333333334,247.0,26.8,36,0.0,14.7,42.5
2024-03-11,Mumbai,30.854166666666668,44.0,56.6625,78.9,15.754166666666668,26.1,157.625,258.0,27.4,47,0.0,14.9,50.8
2024-03-12,Mumbai,28.741666666666664,36.1,57.74166666666667,69.4,15.745833333333332,26.6,141.91666666666666,229.0,28.0,45,0.0,13.6,44.6
2024-03-13,Mumbai,23.525000000000002,28.8,52.05833333333334,63.3,11.529166666666667,18.7,97.70833333333333,145.0,26.3,64,0.0,14.7,49.0
2024-03-14,Mumbai,26.34583333333333,34.1,63.4375,84.5,12.358333333333334,17.8,100.20833333333333,142.0,25.5,71,0.0,13.5,49.0
2024-03-15,Mumbai,38.31666666666667,44.7,96.37916666666666,120.1,11.041666666666666,19.8,118.33333333333333,172.0,24.4,74,0.0,10.1,37.4
2024-03-16,Mumbai,40.42916666666667,47.7,86.3875,96.9,17.233333333333334,28.4,130.79166666666666,219.0,24.5,75,0.0,11.0,43.6
2024-03-17,Mumbai,43.59166666666667,59.4,91.87083333333334,120.6,17.962500000000002,27.7,153.20833333333334,296.0,25.2,75,0.0,10.0,40.7
2024-03-18,Mumbai,36.97083333333333,54.1,74.13333333333334,103.6,19.8875,37.0,167.91666666666666,350.0,25.9,79,0.0,9.0,38.5
2024-03-19,Mumbai,40.545833333333334,57.4,72.925,97.3,21.954166666666666,35.4,162.54166666666666,331.0,26.6,68,0.0,11.0,43.9
2024-03-20,Mumbai,34.81666666666667,53.1,59.270833333333336,80.1,19.545833333333334,30.3,165.125,334.0,29.0,31,0.0,13.8,43.6
2024-03-21,Mumbai,45.93333333333334,83.8,74.0625,122.0,27.291666666666668,44.6,205.16666666666666,518.0,29.6,27,0.0,10.0,38.5
2024-03-22,Mumbai,53.35,81.5,90.39583333333333,125.3,23.4875,36.2,177.5,379.0,27.2,68,0.0,9.6,39.2
2024-03-23,Mumbai,41.454166666666666,68.5,74.85416666666667,117.8,22.662499999999998,37.0,169.875,416.0,26.8,68,0.0,10.3,39.2
2024-03-24,Mumbai,23.804166666666664,30.3,54.375,65.4,15.525,25.7,104.41666666666667,204.0,26.7,75,0.0,11.7,41.4
2024-03-25,Mumbai,18.3625,28.0,38.645833333333336,54.5,14.241666666666667,27.0,107.41666666666667,180.0,27.3,73,0.0,12.8,42.8
2024-03-26,Mumbai,24.65416666666667,35.2,49.449999999999996,63.6,17.991666666666667,30.8,112.58333333333333,257.0,27.5,71,0.0,11.7,43.6
2024-03-27,Mumbai,27.474999999999998,36.0,58.02916666666667,72.6,23.46666666666667,40.3,107.70833333333333,260.0,27.4,79,0.0,10.1,44.6
2024-03-28,Mumbai,23.375,29.5,49.14166666666667,60.8,19.141666666666666,30.0,97.625,212.0,27.6,78,0.0,9.6,39.2
2024-03-29,Mumbai,24.900000000000002,30.0,54.49583333333334,65.0,17.979166666666668,27.8,103.0,191.0,28.5,69,0.0,11.2,41.8
2024-03-30,Mumbai,30.641666666666666,37.8,78.875,88.2,19.3375,34.4,93.41666666666667,168.0,28.4,66,0.0,14.5,48.6
2024-03-31,Mumbai,29.058333333333334,39.3,58.4125,75.0,15.504166666666668,23.3,105.0,184.0,28.9,55,0.0,15.2,48.2
2024-04-01,Mumbai,38.49583333333333,59.3,90.69583333333333,160.7,12.379166666666665,20.0,107.91666666666667,178.0,28.3,68,0.0,13.6,42.1
2024-04-02,Mumbai,36.27916666666666,48.8,91.29166666666667,152.7,12.579166666666666,16.6,124.5,226.0,27.3,72,0.0,10.4,38.9
2024-04-03,Mumbai,31.204166666666666,44.6,79.3,105.9,14.645833333333334,23.7,128.29166666666666,257.0,27.1,70,0.0,10.5,43.2
2024-04-04,Mumbai,27.162499999999998,33.6,64.54583333333333,78.2,13.208333333333334,25.0,98.95833333333333,145.0,27.6,71,0.0,13.5,45.7
2024-04-05,Mumbai,26.741666666666664,35.0,64.5625,83.4,13.375,20.5,119.5,209.0,29.2,62,0.0,16.0,52.9
2024-04-06,Mumbai,28.575,43.2,66.58749999999999,90.1,13.779166666666667,18.5,133.33333333333334,242.0,31.0,44,0.0,18.6,55.1
2024-04-07,Mumbai,24.337500000000002,35.2,59.5,84.3,14.775,29.3,118.375,214.0,30.0,47,0.0,16.4,52.2
2024-04-08,Mumbai,25.066666666666666,31.4,56.199999999999996,68.5,15.820833333333333,33.8,124.66666666666667,220.0,27.7,67,0.0,10.6,42.5
2024-04-09,Mumbai,29.15833333333333,43.5,65.51666666666667,90.6,18.079166666666666,30.5,137.25,322.0,27.7,74,0.0,10.1,42.1
2024-04-10,Mumbai,29.691666666666666,43.0,61.95416666666667,84.3,18.116666666666667,33.8,131.75,308.0,27.6,77,0.0,10.8,43.2
2024-04-11,Mumbai,27.079166666666666,39.2,55.5375,77.5,14.862499999999999,22.1,127.95833333333333,276.0,27.8,73,0.0,9.6,40.3
2024-04-12,Mumbai,24.508333333333336,29.8,50.725,61.2,12.987499999999999,20.5,99.41666666666667,207.0,27.7,67,0.0,10.3,38.9
2024-04-13,Mumbai,21.991666666666664,27.5,47.78333333333333,60.1,9.858333333333333,13.7,90.04166666666667,169.0,26.7,73,0.0,9.5,40.0
2024-04-14,Mumbai,22.320833333333336,34.1,44.75416666666666,58.6,14.9375,28.3,98.45833333333333,241.0,27.3,79,0.0,11.4,46.1
2024-04-15,Mumbai,31.933333333333334,54.2,64.50833333333334,107.1,18.091666666666665,25.4,151.29166666666666,310.0,31.0,65,0.0,12.3,42.8
2024-04-16,Mumbai,33.958333333333336,38.8,63.574999999999996,76.6,19.604166666666668,28.5,143.79166666666666,245.0,34.0,47,0.0,14.0,41.0
2024-04-17,Mumbai,36.61666666666667,66.1,72.62916666666668,112.7,24.78333333333333,33.1,171.5,390.0,30.8,66,0.0,11.5,40.3
2024-04-18,Mumbai,26.604166666666668,30.4,57.199999999999996,69.4,19.891666666666666,30.1,104.16666666666667,201.0,30.5,73,0.0,11.1,46.4
2024-04-19,Mumbai,29.879166666666666,39.2,69.14166666666667,112.2,15.845833333333333,27.5,96.95833333333333,219.0,30.9,64,0.0,12.4,51.5
2024-04-20,Mumbai,25.191666666666666,29.0,59.47083333333333,95.9,11.799999999999999,16.6,109.95833333333333,188.0,30.5,59,0.0,14.0,52.9
2024-04-21,Mumbai,21.358333333333334,24.5,45.75833333333333,52.5,10.200000000000001,14.3,110.91666666666667,160.0,29.6,61,0.0,14.9,51.5
2024-04-22,Mumbai,20.533333333333335,27.5,39.512499999999996,51.9,10.133333333333333,19.6,109.41666666666667,151.0,29.7,66,0.0,14.6,49.7
2024-04-23,Mumbai,25.03333333333333,31.7,56.9125,73.3,9.995833333333334,16.9,110.20833333333333,167.0,29.2,68,0.0,13.6,49.0
2024-04-24,Mumbai,24.962500000000002,35.5,53.1,71.2,10.983333333333334,20.3,99.79166666666667,149.0,29.0,72,0.0,13.2,45.4
2024-04-25,Mumbai,25.079166666666666,30.2,50.71666666666667,60.3,14.804166666666667,26.0,91.91666666666667,146.0,29.4,68,0.0,14.4,51.1
2024-04-26,Mumbai,29.375,46.1,56.63333333333333,84.8,14.0625,21.7,111.58333333333333,158.0,30.1,65,0.0,13.9,46.8
2024-04-27,Mumbai,28.15833333333333,45.1,54.387499999999996,82.4,12.233333333333334,25.7,125.125,170.0,31.0,60,0.0,15.7,47.2
2024-04-28,Mumbai,27.05,36.0,58.387499999999996,73.8,13.025,17.6,131.125,213.0,33.0,47,0.0,17.7,53.3
2024-04-29,Mumbai,23.575,30.4,58.175000000000004,68.9,13.791666666666666,20.6,113.875,206.0,32.6,44,0.0,16.8,53.6
2024-04-30,Mumbai,25.2,34.2,63.44583333333333,78.9,14.716666666666667,24.0,116.29166666666667,216.0,31.8,53,0.0,15.0,54.0
2024-05-01,Mumbai,27.775000000000002,33.9,87.49166666666667,112.2,10.083333333333334,16.4,115.83333333333333,190.0,29.5,64,0.0,11.4,42.8
2024-05-02,Mumbai,34.38333333333333,42.7,103.5625,124.3,11.829166666666666,18.1,131.45833333333334,223.0,28.7,69,0.0,9.3,42.8
2024-05-03,Mumbai,32.85,46.7,86.70416666666667,113.2,12.141666666666666,16.8,125.20833333333333,254.0,28.0,77,0.0,9.9,42.8
2024-05-04,Mumbai,21.145833333333332,23.4,57.05416666666667,67.1,11.383333333333333,15.3,91.45833333333333,158.0,28.8,80,0.0,11.2,41.0
2024-05-05,Mumbai,22.816666666666666,28.4,50.65,76.4,12.0375,19.0,95.79166666666667,188.0,29.8,74,0.0,11.6,48.2
2024-05-06,Mumbai,22.212500000000002,28.5,50.92083333333333,65.0,8.049999999999999,12.3,64.79166666666667,108.0,29.2,78,0.0,11.1,44.6
2024-05-07,Mumbai,17.900000000000002,20.6,58.47083333333333,63.1,7.75,11.8,68.33333333333333,113.0,29.3,77,0.0,11.5,42.1
2024-05-08,Mumbai,14.791666666666666,17.5,45.737500000000004,54.5,8.241666666666667,12.8,71.75,136.0,29.6,74,0.0,11.4,46.8
2024-05-09,Mumbai,13.166666666666666,14.1,41.733333333333334,46.4,7.916666666666667,11.4,57.708333333333336,102.0,29.6,77,0.0,10.2,43.9
2024-05-10,Mumbai,15.091666666666667,18.0,42.25833333333333,48.5,8.204166666666667,13.5,65.0,119.0,29.5,76,0.0,11.5,42.8
2024-05-11,Mumbai,15.75,18.1,48.12083333333334,52.4,8.924999999999999,13.0,62.666666666666664,110.0,29.7,78,0.0,13.2,50.0
2024-05-12,Mumbai,18.954166666666666,24.3,52.73333333333333,63.3,7.820833333333333,11.4,70.41666666666667,125.0,30.3,75,0.0,13.3,46.4
2024-05-13,Mumbai,17.770833333333332,22.2,44.21666666666667,53.4,10.9375,14.6,78.29166666666667,152.0,30.4,73,1.8,10.9,52.9
2024-05-14,Mumbai,27.770833333333332,41.3,55.0,76.4,14.591666666666667,21.5,118.70833333333333,226.0,31.3,64,0.0,12.9,49.3
2024-05-15,Mumbai,30.462500000000002,38.8,57.51666666666667,71.7,16.458333333333332,25.7,135.66666666666666,262.0,31.3,69,0.0,11.4,39.2
2024-05-16,Mumbai,38.704166666666666,72.2,66.64999999999999,110.8,21.491666666666664,40.5,173.54166666666666,364.0,32.3,66,0.1,7.1,42.8
2024-05-17,Mumbai,33.0375,42.5,64.55,77.3,15.737499999999999,27.0,142.375,247.0,31.5,67,0.0,9.4,38.5
2024-05-18,Mumbai,31.558333333333334,50.1,61.041666666666664,92.9,16.354166666666668,24.7,139.95833333333334,323.0,31.1,79,0.0,8.5,40.0
2024-05-19,Mumbai,19.912499999999998,28.8,38.833333333333336,54.0,12.433333333333332,17.4,103.20833333333333,199.0,30.8,77,5.6,9.6,41.0
2024-05-20,Mumbai,16.045833333333334,23.0,32.6125,43.1,12.375,20.5,88.45833333333333,193.0,31.5,74,0.0,12.4,45.0
2024-05-21,Mumbai,19.704166666666666,28.6,48.770833333333336,64.7,15.020833333333334,24.8,94.79166666666667,208.0,31.7,75,0.1,11.4,43.9
2024-05-22,Mumbai,18.616666666666667,23.4,58.53333333333333,77.8,11.75,18.1,89.08333333333333,163.0,31.4,77,0.3,12.8,41.0
2024-05-23,Mumbai,17.954166666666666,20.8,55.237500000000004,61.2,11.783333333333333,17.2,83.16666666666667,137.0,31.0,78,0.0,11.9,46.8
2024-05-24,Mumbai,19.537499999999998,25.0,53.8375,65.9,8.895833333333334,12.9,83.66666666666667,155.0,30.9,76,0.2,11.9,41.4
2024-05-25,Mumbai,19.45,21.8,54.98333333333333,69.4,5.395833333333333,7.9,70.54166666666667,98.0,30.8,73,0.7,14.1,42.1
2024-05-26,Mumbai,23.462500000000002,28.6,61.675000000000004,69.8,5.1625000000000005,7.5,69.70833333333333,94.0,31.1,69,0.5,16.5,45.7
2024-05-27,Mumbai,24.820833333333336,30.6,73.41250000000001,94.8,5.683333333333334,9.3,65.41666666666667,85.0,30.8,72,0.5,16.4,43.9
2024-05-28,Mumbai,26.208333333333332,28.4,80.58749999999999,86.6,4.875,7.8,66.66666666666667,93.0,31.1,70,0.6,17.1,45.7
2024-05-29,Mumbai,23.245833333333334,27.3,74.3625,86.8,4.995833333333334,8.8,60.416666666666664,83.0,31.4,64,0.4,18.4,49.0
2024-05-30,Mumbai,21.370833333333334,24.0,64.05416666666666,79.2,5.933333333333334,12.6,56.875,88.0,31.6,65,0.2,14.4,41.4
2024-05-31,Mumbai,17.545833333333334,20.6,41.225,49.6,8.0625,12.8,66.0,126.0,30.7,79,0.6,11.2,42.1
2024-06-01,Mumbai,14.275,16.4,31.920833333333334,36.2,6.595833333333334,10.1,61.25,108.0,30.9,74,0.8,12.0,41.0
2024-06-02,Mumbai,16.349999999999998,17.4,38.975,43.1,8.283333333333333,12.9,61.291666666666664,103.0,31.2,69,0.3,11.3,39.2
2024-06-03,Mumbai,21.629166666666666,27.5,62.87083333333334,75.9,9.654166666666667,14.0,65.58333333333333,133.0,31.5,70,0.7,9.3,36.4
2024-06-04,Mumbai,21.979166666666668,25.3,58.35,71.5,12.7125,20.5,60.541666666666664,120.0,30.0,77,4.8,9.1,38.5
2024-06-05,Mumbai,16.008333333333333,19.8,35.387499999999996,49.8,12.508333333333333,17.4,60.5,114.0,29.5,78,6.7,9.5,36.7
2024-06-06,Mumbai,16.400000000000002,21.9,41.824999999999996,71.0,11.541666666666666,17.9,77.5,184.0,29.8,78,1.2,7.9,38.2
2024-06-07,Mumbai,20.916666666666668,22.9,63.604166666666664,70.3,6.545833333333333,10.9,66.58333333333333,109.0,30.4,74,1.1,11.6,38.2
2024-06-08,Mumbai,25.28333333333333,33.4,62.862500000000004,78.9,8.633333333333335,12.3,96.5,209.0,29.9,74,6.3,12.1,41.8
2024-06-09,Mumbai,20.0125,21.9,55.1,66.8,7.154166666666666,10.2,65.95833333333333,103.0,28.7,81,23.0,8.4,28.1
2024-06-10,Mumbai,23.554166666666664,28.7,57.17083333333333,65.0,11.295833333333334,23.5,73.41666666666667,144.0,27.1,87,33.2,7.5,29.9
2024-06-11,Mumbai,20.875,23.9,48.65416666666667,56.0,10.8375,15.9,68.25,117.0,27.7,87,10.8,7.6,31.3
2024-06-12,Mumbai,17.745833333333334,22.4,38.291666666666664,47.6,9.866666666666667,13.9,62.208333333333336,118.0,27.7,86,14.3,10.2,34.2
2024-06-13,Mumbai,12.066666666666668,14.3,23.416666666666668,28.1,9.658333333333333,14.8,57.458333333333336,101.0,27.5,86,13.6,10.5,36.0
2024-06-14,Mumbai,15.079166666666666,16.9,31.466666666666665,35.5,9.433333333333334,14.9,61.916666666666664,104.0,27.0,86,8.6,11.3,36.4
2024-06-15,Mumbai,12.841666666666667,14.7,24.991666666666664,30.6,10.1625,15.4,61.708333333333336,116.0,27.7,83,2.2,14.8,40.0
2024-06-16,Mumbai,16.270833333333332,23.6,37.12083333333333,66.6,10.575000000000001,14.5,63.458333333333336,123.0,28.5,81,1.4,9.8,31.7
2024-06-17,Mumbai,21.991666666666664,23.9,58.19583333333333,71.0,10.629166666666666,14.5,57.0,107.0,28.3,83,7.4,11.7,37.8
2024-06-18,Mumbai,17.058333333333334,20.1,38.525,45.5,9.654166666666667,14.1,56.0,84.0,27.3,87,30.3,14.6,40.0
2024-06-19,Mumbai,21.40416666666667,23.9,51.80833333333334,59.6,8.3125,11.3,62.625,94.0,27.4,85,23.3,14.6,41.4
2024-06-20,Mumbai,21.825,27.3,54.824999999999996,81.5,7.420833333333333,9.4,56.333333333333336,73.0,27.2,88,48.6,15.3,39.2
2024-06-21,Mumbai,26.141666666666666,29.2,70.92083333333333,82.2,7.783333333333334,12.8,51.5,77.0,27.7,86,22.9,15.0,41.4
2024-06-22,Mumbai,19.416666666666668,25.0,60.82083333333333,87.8,11.229166666666666,19.2,58.041666666666664,103.0,27.5,85,5.3,12.1,34.9
2024-06-23,Mumbai,22.09166666666667,28.3,64.86666666666666,83.8,13.204166666666666,18.6,54.166666666666664,95.0,27.8,86,4.2,11.2,34.9
2024-06-24,Mumbai,22.458333333333332,27.5,56.487500000000004,80.1,12.404166666666667,16.9,68.04166666666667,134.0,27.7,86,11.3,9.4,36.7
2024-06-25,Mumbai,13.558333333333332,19.8,23.125,40.2,9.858333333333333,15.0,58.333333333333336,97.0,28.1,85,6.8,19.1,56.2
2024-06-26,Mumbai,21.095833333333335,28.1,40.44166666666667,61.7,8.670833333333333,12.7,60.75,93.0,27.9,87,23.0,22.9,58.7
2024-06-27,Mumbai,22.52916666666667,28.9,45.19583333333333,61.0,7.516666666666667,13.5,55.541666666666664,66.0,27.1,90,98.7,22.4,54.7
2024-06-28,Mumbai,21.233333333333334,27.4,45.12083333333334,68.0,7.5125,11.2,53.708333333333336,66.0,27.1,89,45.3,23.6,54.4
2024-06-29,Mumbai,20.479166666666668,22.8,45.74583333333334,56.1,7.720833333333334,10.0,47.291666666666664,72.0,27.5,87,21.3,20.4,54.0
2024-06-30,Mumbai,20.837500000000002,26.5,46.87083333333334,62.6,7.504166666666666,10.1,48.791666666666664,69.0,27.7,87,21.3,20.8,52.9
2024-07-01,Mumbai,22.15416666666667,26.1,50.25416666666666,61.7,6.383333333333333,8.2,45.166666666666664,53.0,28.2,82,16.3,30.7,69.8
2024-07-02,Mumbai,25.97083333333333,34.5,64.48333333333333,83.4,7.55,11.2,54.958333333333336,79.0,28.6,82,8.1,26.8,61.9
2024-07-03,Mumbai,19.254166666666666,22.8,43.20416666666667,56.9,6.95,11.5,38.333333333333336,52.0,28.6,84,8.9,24.0,53.3
2024-07-04,Mumbai,18.9875,22.6,46.541666666666664,63.1,6.870833333333334,11.5,39.458333333333336,56.0,27.8,85,8.7,19.6,43.9
2024-07-05,Mumbai,22.625,27.9,57.9,74.0,7.179166666666667,10.4,41.541666666666664,59.0,27.4,87,12.2,19.6,44.6
2024-07-06,Mumbai,26.141666666666666,29.5,64.325,77.5,6.9375,9.9,50.125,69.0,27.6,85,17.6,21.6,55.8
2024-07-07,Mumbai,26.445833333333336,31.2,67.575,82.2,7.741666666666667,14.0,44.5,55.0,27.3,88,11.8,15.7,45.0
2024-07-08,Mumbai,26.295833333333334,31.2,69.71666666666667,86.1,12.633333333333333,19.1,49.166666666666664,94.0,26.8,89,20.7,10.1,31.0
2024-07-09,Mumbai,18.900000000000002,22.8,45.93333333333334,64.5,9.741666666666667,15.1,56.541666666666664,114.0,26.1,92,80.2,11.2,42.1
2024-07-10,Mumbai,18.054166666666667,23.2,45.895833333333336,61.7,8.674999999999999,12.7,54.166666666666664,83.0,26.6,88,36.0,15.3,41.4
2024-07-11,Mumbai,19.391666666666666,22.5,45.7125,56.5,7.6125,9.8,48.083333333333336,68.0,26.4,90,39.1,15.5,45.4
2024-07-12,Mumbai,18.970833333333335,20.5,40.38333333333333,50.3,8.204166666666667,14.4,39.083333333333336,51.0,26.0,92,83.3,15.8,43.6
2024-07-13,Mumbai,20.508333333333333,23.5,40.270833333333336,50.1,7.05,11.5,43.625,50.0,25.9,92,76.7,19.7,54.7
2024-07-14,Mumbai,20.145833333333332,23.2,49.31666666666666,61.0,7.8374999999999995,13.0,44.958333333333336,57.0,25.6,93,50.5,12.9,47.2
2024-07-15,Mumbai,22.22083333333333,25.1,61.61666666666667,71.2,11.075000000000001,19.4,54.541666666666664,88.0,26.4,89,10.2,9.5,31.3
2024-07-16,Mumbai,18.287499999999998,22.2,34.59583333333333,46.6,9.220833333333333,13.5,60.583333333333336,107.0,26.6,90,17.6,14.7,39.6
2024-07-17,Mumbai,17.625,22.1,33.854166666666664,45.5,7.783333333333334,11.7,50.333333333333336,66.0,26.5,90,45.3,17.8,44.3
2024-07-18,Mumbai,21.616666666666664,24.9,44.3375,60.5,5.829166666666667,9.1,52.5,57.0,26.4,91,57.6,20.0,53.6
2024-07-19,Mumbai,20.400000000000002,24.0,38.199999999999996,47.0,6.633333333333333,11.1,53.708333333333336,70.0,26.3,91,48.3,22.0,50.0
2024-07-20,Mumbai,21.441666666666666,23.7,37.1,40.3,6.808333333333334,9.7,51.291666666666664,57.0,26.3,90,87.0,22.7,54.0
2024-07-21,Mumbai,21.758333333333336,25.2,41.94583333333333,49.2,6.2749999999999995,9.2,54.666666666666664,63.0,26.4,90,48.9,22.7,48.6
2024-07-22,Mumbai,23.03333333333333,25.3,46.3375,54.1,6.745833333333334,9.7,57.75,79.0,26.3,90,54.7,23.9,52.2
2024-07-23,Mumbai,19.816666666666666,22.5,40.324999999999996,48.1,5.3625,8.6,49.166666666666664,55.0,26.2,90,42.1,25.3,57.2
2024-07-24,Mumbai,26.054166666666664,40.2,61.225,121.1,5.095833333333333,8.3,55.666666666666664,71.0,26.2,90,54.4,27.7,57.6
2024-07-25,Mumbai,33.9375,61.0,86.20416666666667,190.0,5.154166666666667,7.7,56.875,86.0,26.2,89,74.2,26.9,61.2
2024-07-26,Mumbai,21.083333333333332,24.4,58.57916666666667,74.3,5.958333333333333,9.1,43.916666666666664,52.0,26.7,87,22.9,22.8,50.8
2024-07-27,Mumbai,20.8875,26.3,55.7125,65.2,5.183333333333333,8.0,40.5,54.0,27.2,83,8.2,25.1,55.4
2024-07-28,Mumbai,22.2,26.5,63.275,90.6,5.566666666666666,8.1,44.0,54.0,27.0,87,19.0,22.0,51.5
2024-07-29,Mumbai,24.28333333333333,26.6,68.08749999999999,96.6,6.570833333333333,12.6,45.291666666666664,58.0,26.4,89,34.2,20.1,47.5
2024-07-30,Mumbai,22.9375,28.6,68.24166666666666,102.4,7.0125,11.0,46.0,67.0,26.6,89,17.4,17.3,46.1
2024-07-31,Mumbai,20.129166666666666,23.3,56.699999999999996,74.5,7.2,11.0,47.041666666666664,74.0,26.8,88,22.1,16.0,44.3
2024-08-01,Mumbai,18.979166666666668,20.9,49.44583333333333,55.4,5.941666666666666,9.4,49.041666666666664,76.0,26.9,86,15.8,20.1,50.8
2024-08-02,Mumbai,16.8625,19.9,36.979166666666664,43.0,6.091666666666666,9.2,44.541666666666664,58.0,26.4,86,28.2,23.9,56.9
2024-08-03,Mumbai,20.916666666666668,25.2,50.45416666666667,68.7,5.6875,9.8,42.5,49.0,26.3,87,24.5,25.9,56.9
2024-08-04,Mumbai,20.983333333333334,24.5,59.699999999999996,97.8,5.9125000000000005,10.2,39.625,46.0,26.2,88,39.4,23.5,52.2
2024-08-05,Mumbai,20.645833333333332,25.4,49.5,64.7,7.245833333333334,11.7,39.083333333333336,62.0,27.1,84,5.8,20.8,47.5
2024-08-06,Mumbai,17.691666666666666,22.6,46.4,65.4,6.933333333333334,10.1,44.958333333333336,73.0,27.0,84,5.2,17.2,42.5
2024-08-07,Mumbai,15.950000000000001,18.5,40.35,53.7,7.041666666666667,11.2,47.625,81.0,26.9,85,5.6,15.5,40.0
2024-08-08,Mumbai,17.6375,22.7,42.612500000000004,54.1,7.766666666666667,13.2,49.041666666666664,93.0,26.8,83,4.2,14.3,37.8
2024-08-09,Mumbai,18.3625,20.8,45.78333333333333,54.6,7.883333333333333,10.9,46.416666666666664,87.0,26.1,88,15.5,12.6,32.0
2024-08-10,Mumbai,15.158333333333333,17.8,34.9125,43.0,7.816666666666666,11.2,44.041666666666664,80.0,26.7,85,4.7,11.7,37.8
2024-08-11,Mumbai,14.125,17.5,27.695833333333336,35.2,6.3374999999999995,9.7,43.25,73.0,27.2,82,2.4,15.8,41.0
2024-08-12,Mumbai,16.337500000000002,19.7,34.204166666666666,39.9,7.716666666666666,11.7,43.0,72.0,27.1,84,2.9,13.1,42.1
2024-08-13,Mumbai,16.125,19.1,37.0875,47.7,8.733333333333333,12.8,45.583333333333336,98.0,27.0,85,3.6,9.5,34.9
2024-08-14,Mumbai,16.008333333333333,20.4,38.24166666666667,51.7,9.979166666666666,16.4,49.791666666666664,107.0,27.1,85,1.9,7.2,33.5
2024-08-15,Mumbai,16.683333333333334,20.7,42.28333333333333,55.1,10.120833333333334,15.7,47.041666666666664,93.0,27.3,84,1.2,7.3,36.4
2024-08-16,Mumbai,17.470833333333335,19.6,41.38333333333333,52.7,9.825000000000001,14.6,46.958333333333336,96.0,27.5,84,0.9,8.2,34.6
2024-08-17,Mumbai,15.633333333333333,17.9,34.375,41.7,9.566666666666666,12.5,50.458333333333336,112.0,27.5,85,0.5,6.6,29.2
2024-08-18,Mumbai,17.4375,21.8,36.579166666666666,46.3,14.508333333333333,20.3,47.666666666666664,121.0,27.6,86,2.9,7.6,28.4
2024-08-19,Mumbai,16.004166666666666,21.9,29.770833333333332,38.4,13.725,21.7,52.416666666666664,103.0,27.1,89,16.7,7.9,32.8
2024-08-20,Mumbai,16.445833333333333,20.9,31.054166666666664,40.3,12.15,21.7,62.25,136.0,26.3,91,28.8,6.1,27.4
2024-08-21,Mumbai,20.787499999999998,34.9,34.275,56.6,15.054166666666667,31.2,65.125,142.0,27.6,87,0.2,8.4,34.6
2024-08-22,Mumbai,31.825,39.5,50.237500000000004,60.8,22.791666666666668,37.9,87.625,186.0,27.9,86,4.7,9.6,33.1
2024-08-23,Mumbai,12.8375,20.2,19.604166666666668,31.0,15.504166666666668,22.3,49.583333333333336,98.0,26.9,90,16.0,11.6,36.0
2024-08-24,Mumbai,17.845833333333335,22.5,34.65416666666667,45.1,9.745833333333334,22.4,41.208333333333336,49.0,25.8,92,61.7,13.8,38.5
2024-08-25,Mumbai,21.029166666666665,23.1,47.1,57.3,5.1875,8.9,46.708333333333336,64.0,26.1,88,28.0,21.4,53.3
2024-08-26,Mumbai,20.662499999999998,22.4,45.1875,51.0,5.8500000000000005,8.5,46.791666666666664,61.0,26.1,87,22.6,25.2,53.6
2024-08-27,Mumbai,18.775000000000002,20.6,38.52916666666667,41.9,6.691666666666666,10.0,42.291666666666664,49.0,26.0,87,17.9,25.1,60.1
2024-08-28,Mumbai,19.016666666666666,20.9,40.141666666666666,44.6,6.520833333333333,9.2,34.958333333333336,48.0,26.8,85,14.4,25.2,61.6
2024-08-29,Mumbai,16.9875,19.5,39.487500000000004,47.8,5.716666666666666,9.6,34.791666666666664,47.0,27.3,84,5.1,21.3,53.3
2024-08-30,Mumbai,16.3875,18.2,50.541666666666664,65.9,7.929166666666667,13.1,36.958333333333336,61.0,26.9,85,6.5,15.2,41.8
2024-08-31,Mumbai,15.566666666666668,19.7,36.295833333333334,44.1,9.308333333333334,14.1,52.416666666666664,117.0,27.0,85,2.1,8.8,28.8
2024-09-01,Mumbai,13.620833333333332,15.1,35.17916666666667,40.6,7.433333333333334,10.2,38.041666666666664,68.0,26.7,85,2.3,8.9,30.2
2024-09-02,Mumbai,15.733333333333334,19.6,41.5875,53.2,8.204166666666667,15.3,34.125,50.0,26.1,90,29.6,13.5,37.1
2024-09-03,Mumbai,16.475,18.7,37.94583333333333,41.4,8.783333333333333,13.2,42.958333333333336,75.0,26.0,89,13.0,11.1,31.7
2024-09-04,Mumbai,16.145833333333332,18.6,37.62916666666667,46.2,6.729166666666667,10.2,50.833333333333336,78.0,26.3,88,17.1,13.6,41.4
2024-09-05,Mumbai,18.325,23.3,40.6,51.3,6.379166666666666,8.8,44.625,54.0,26.3,88,27.9,16.9,46.1
2024-09-06,Mumbai,16.770833333333332,19.0,40.2875,46.8,6.545833333333333,11.0,49.375,74.0,26.5,86,14.7,13.6,43.2
2024-09-07,Mumbai,13.637500000000001,15.4,29.954166666666666,33.2,7.958333333333333,14.0,47.875,87.0,26.4,87,10.0,10.8,36.0
2024-09-08,Mumbai,12.0625,14.6,23.733333333333334,28.1,8.854166666666666,14.0,48.166666666666664,97.0,26.5,86,4.2,9.4,32.0
2024-09-09,Mumbai,10.775,15.1,20.345833333333335,28.2,9.620833333333334,14.6,54.041666666666664,119.0,26.7,85,2.0,8.8,33.5
2024-09-10,Mumbai,12.329166666666666,15.0,23.895833333333332,28.9,8.766666666666667,13.4,48.583333333333336,83.0,26.6,86,3.9,10.2,35.6
2024-09-11,Mumbai,14.204166666666666,17.3,29.075,48.9,8.1625,10.7,54.416666666666664,90.0,26.3,86,4.6,12.1,36.0
2024-09-12,Mumbai,20.170833333333334,24.6,60.37083333333333,83.1,7.6875,14.1,53.083333333333336,85.0,26.3,86,8.2,13.1,40.0
2024-09-13,Mumbai,19.670833333333334,22.5,58.04583333333333,73.8,7.6375,10.1,49.541666666666664,84.0,26.3,83,4.5,12.2,37.8
2024-09-14,Mumbai,18.091666666666665,20.8,42.166666666666664,48.8,9.170833333333333,13.4,47.5,79.0,25.2,87,9.1,10.7,36.0
2024-09-15,Mumbai,16.666666666666668,18.2,35.06666666666667,42.6,9.266666666666667,15.8,57.416666666666664,105.0,25.3,87,3.9,7.9,33.1
2024-09-16,Mumbai,18.758333333333333,23.4,47.2875,56.6,10.408333333333333,13.8,58.791666666666664,122.0,26.1,87,2.4,8.4,31.0
2024-09-17,Mumbai,20.845833333333335,23.8,60.03333333333333,69.2,8.870833333333334,12.8,61.666666666666664,115.0,26.0,84,0.2,7.4,31.7
2024-09-18,Mumbai,22.525000000000002,27.6,57.31666666666666,67.5,11.941666666666668,20.2,76.20833333333333,159.0,26.2,83,0.8,7.1,27.4
2024-09-19,Mumbai,23.516666666666666,27.8,60.645833333333336,72.6,13.229166666666666,19.2,73.20833333333333,143.0,27.1,81,1.0,6.4,28.1
2024-09-20,Mumbai,24.104166666666668,27.9,58.53333333333333,64.0,13.225,21.2,73.41666666666667,154.0,26.3,87,5.2,6.8,29.2
2024-09-21,Mumbai,21.537499999999998,27.5,48.27916666666667,63.3,10.904166666666667,19.6,62.458333333333336,104.0,27.0,83,1.9,6.9,32.0
2024-09-22,Mumbai,22.474999999999998,29.7,48.354166666666664,65.0,9.016666666666667,14.1,67.91666666666667,101.0,27.3,83,2.2,9.7,36.7
2024-09-23,Mumbai,21.875,25.2,42.979166666666664,50.1,9.433333333333334,13.4,71.0,94.0,27.3,87,5.7,10.0,35.6
2024-09-24,Mumbai,22.570833333333336,25.6,39.641666666666666,44.8,8.666666666666666,12.5,77.29166666666667,98.0,26.4,91,23.1,10.3,44.3
2024-09-25,Mumbai,17.837500000000002,26.3,29.78333333333333,40.7,7.741666666666667,17.4,78.41666666666667,87.0,26.0,92,36.4,10.1,38.9
2024-09-26,Mumbai,18.383333333333333,25.5,27.541666666666668,36.9,13.491666666666667,26.4,89.91666666666667,122.0,25.6,94,48.0,8.7,33.5
2024-09-27,Mumbai,15.725,18.3,26.15416666666667,32.0,7.25,13.3,67.04166666666667,80.0,26.0,90,61.7,23.6,49.7
2024-09-28,Mumbai,13.1875,15.6,24.520833333333332,29.0,7.404166666666666,11.6,48.166666666666664,76.0,26.6,86,5.8,13.0,37.1
2024-09-29,Mumbai,12.158333333333333,14.8,21.5125,25.0,11.737499999999999,23.2,51.875,95.0,26.6,88,4.6,8.8,32.0
2024-09-30,Mumbai,17.641666666666666,24.9,28.745833333333334,42.0,15.804166666666667,23.6,87.375,191.0,27.1,88,1.6,7.3,30.6
2024-10-01,Mumbai,40.425000000000004,53.7,64.65416666666667,83.1,15.670833333333334,22.8,137.0,254.0,27.9,89,0.6,8.3,33.1
2024-10-02,Mumbai,40.449999999999996,47.7,69.05416666666666,79.4,15.625,22.9,128.20833333333334,232.0,27.9,91,1.3,6.3,31.0
2024-10-03,Mumbai,20.645833333333332,33.1,35.579166666666666,56.7,11.916666666666666,19.2,78.33333333333333,134.0,27.5,87,1.4,7.2,33.5
2024-10-04,Mumbai,14.1625,18.8,24.495833333333334,33.3,11.325000000000001,15.2,65.75,136.0,27.2,86,1.4,6.7,29.5
2024-10-05,Mumbai,18.479166666666668,30.2,30.650000000000002,48.4,14.35,24.2,85.20833333333333,245.0,26.6,86,1.1,6.6,30.6
2024-10-06,Mumbai,25.075,35.9,40.454166666666666,56.2,14.341666666666667,20.5,85.54166666666667,159.0,26.9,86,21.4,8.2,36.0
2024-10-07,Mumbai,49.362500000000004,62.9,77.85416666666667,104.5,17.695833333333333,25.4,160.41666666666666,325.0,28.1,84,0.6,7.9,28.4
2024-10-08,Mumbai,69.78333333333333,80.3,114.02083333333333,130.9,19.825,42.8,202.91666666666666,378.0,28.4,85,0.0,7.4,29.5
2024-10-09,Mumbai,61.45416666666667,73.6,99.55833333333334,122.9,27.245833333333334,34.1,112.66666666666667,168.0,26.8,88,6.4,6.3,34.6
2024-10-10,Mumbai,36.07083333333333,49.9,52.32083333333333,74.0,19.708333333333332,27.8,87.16666666666667,172.0,26.7,86,6.4,7.5,31.0
2024-10-11,Mumbai,23.670833333333334,31.3,34.208333333333336,44.8,20.554166666666667,32.8,105.08333333333333,224.0,27.4,83,22.0,7.8,32.0
2024-10-12,Mumbai,31.870833333333334,42.3,46.52916666666667,62.2,22.6875,31.4,135.29166666666666,304.0,27.5,86,0.7,6.1,24.8
2024-10-13,Mumbai,39.229166666666664,54.8,56.96666666666667,79.9,21.208333333333332,28.3,179.79166666666666,379.0,27.4,86,2.0,6.9,23.8
2024-10-14,Mumbai,32.291666666666664,50.4,47.13333333333333,73.6,18.416666666666668,27.3,169.66666666666666,395.0,26.8,87,5.2,7.2,31.3
2024-10-15,Mumbai,27.229166666666668,39.7,39.53333333333333,56.9,18.945833333333333,30.6,129.04166666666666,307.0,26.7,87,0.0,6.4,24.1
2024-10-16,Mumbai,37.391666666666666,46.4,54.25833333333333,67.8,19.058333333333334,31.0,145.08333333333334,318.0,27.2,88,8.6,6.4,25.2
2024-10-17,Mumbai,47.645833333333336,62.4,69.70833333333333,94.5,21.629166666666666,36.7,128.79166666666666,248.0,27.1,91,2.9,7.0,24.8
2024-10-18,Mumbai,40.59166666666666,66.6,60.25,98.5,20.6125,34.8,110.375,213.0,27.7,85,12.4,7.9,26.3
2024-10-19,Mumbai,27.775000000000002,35.9,41.395833333333336,51.7,24.383333333333336,31.4,97.33333333333333,224.0,26.3,88,7.9,6.3,27.4
2024-10-20,Mumbai,28.233333333333334,36.3,42.18333333333333,53.3,23.133333333333336,32.4,128.20833333333334,273.0,26.4,87,6.8,5.6,22.3
2024-10-21,Mumbai,25.075,34.6,35.9,49.4,20.1875,30.2,146.0,273.0,26.9,85,13.3,5.5,23.4
2024-10-22,Mumbai,23.416666666666668,34.5,33.858333333333334,49.2,19.408333333333335,29.2,115.25,222.0,26.6,87,7.3,6.5,25.9
2024-10-23,Mumbai,31.804166666666664,47.5,47.03333333333333,70.1,18.125,28.5,127.20833333333333,236.0,27.3,85,0.0,8.0,28.8
2024-10-24,Mumbai,57.583333333333336,74.7,90.28333333333335,121.5,17.9375,28.3,161.08333333333334,289.0,28.1,75,0.0,8.1,25.6
2024-10-25,Mumbai,66.22500000000001,87.1,108.46666666666665,143.0,14.516666666666666,25.5,203.83333333333334,372.0,27.0,74,0.0,8.0,24.8
2024-10-26,Mumbai,69.42083333333333,83.4,116.44166666666666,143.9,17.229166666666668,32.8,201.54166666666666,396.0,26.9,68,0.0,9.5,31.3
2024-10-27,Mumbai,64.14166666666667,82.9,117.50833333333333,148.5,15.954166666666666,28.1,179.25,340.0,26.9,78,0.0,8.7,31.3
2024-10-28,Mumbai,51.82083333333333,78.0,97.48333333333333,138.8,20.020833333333332,32.0,168.91666666666666,365.0,27.1,83,0.0,7.8,28.4
2024-10-29,Mumbai,45.208333333333336,66.4,89.625,125.3,22.429166666666664,34.5,147.79166666666666,337.0,27.6,87,0.0,6.3,28.8
2024-10-30,Mumbai,46.2875,60.3,91.5625,111.8,22.583333333333332,32.8,159.58333333333334,362.0,27.7,83,0.0,6.4,24.5
2024-10-31,Mumbai,60.475,93.4,105.69166666666666,156.9,24.3875,41.7,212.33333333333334,531.0,28.3,75,0.0,7.5,27.0
2024-11-01,Mumbai,60.15416666666667,80.6,101.60416666666667,131.3,16.616666666666667,28.3,228.91666666666666,422.0,27.9,82,0.3,7.8,29.2
2024-11-02,Mumbai,59.57916666666667,79.4,99.25,127.6,18.5625,33.5,213.25,436.0,28.0,76,0.0,8.1,31.3
2024-11-03,Mumbai,56.137499999999996,76.6,89.33749999999999,119.7,19.020833333333332,30.9,201.91666666666666,434.0,28.0,65,0.0,8.8,28.8
2024-11-04,Mumbai,59.69583333333333,77.1,98.45,122.9,18.366666666666667,32.9,194.16666666666666,388.0,27.9,60,0.0,9.2,39.6
2024-11-05,Mumbai,62.520833333333336,85.4,106.52916666666665,145.8,19.870833333333334,36.6,186.45833333333334,381.0,28.2,60,0.0,9.0,28.8
2024-11-06,Mumbai,56.32916666666667,72.4,95.72083333333335,119.7,17.650000000000002,33.4,188.0,400.0,27.9,61,0.0,9.2,31.0
2024-11-07,Mumbai,57.699999999999996,71.2,98.81666666666666,124.3,18.57916666666667,30.5,172.25,357.0,27.4,57,0.0,9.1,29.5
2024-11-08,Mumbai,65.77916666666667,81.7,108.05416666666667,131.3,19.420833333333334,35.9,173.125,342.0,27.7,58,0.0,10.2,29.2
2024-11-09,Mumbai,58.59583333333333,73.3,97.03750000000001,121.5,23.120833333333334,53.6,146.54166666666666,261.0,27.7,58,0.0,10.5,31.7
2024-11-10,Mumbai,60.949999999999996,78.2,99.72916666666667,128.5,20.091666666666665,33.7,161.83333333333334,330.0,27.6,56,0.0,10.4,36.4
2024-11-11,Mumbai,62.51666666666667,86.6,103.52916666666668,143.9,18.283333333333335,33.9,131.29166666666666,225.0,27.9,47,0.0,12.0,35.6
2024-11-12,Mumbai,52.1625,65.9,75.36666666666666,89.2,17.587500000000002,27.8,142.54166666666666,252.0,27.8,53,0.0,9.2,31.0
2024-11-13,Mumbai,57.00833333333333,74.0,58.62083333333334,75.4,23.858333333333334,43.7,156.41666666666666,292.0,28.5,49,0.0,8.6,34.2
2024-11-14,Mumbai,53.6625,73.6,54.50833333333333,74.0,28.825,50.0,151.83333333333334,334.0,29.1,46,0.0,7.2,27.7
2024-11-15,Mumbai,65.41250000000001,88.9,66.39999999999999,90.6,24.825,48.5,158.95833333333334,368.0,29.0,58,0.3,6.2,30.6
2024-11-16,Mumbai,79.95,86.8,81.00833333333334,87.5,19.804166666666667,32.7,183.33333333333334,305.0,29.2,65,0.0,6.8,37.8
2024-11-17,Mumbai,67.3125,93.4,68.16666666666667,94.1,27.920833333333334,51.1,171.625,371.0,29.7,58,0.0,7.7,39.2
2024-11-18,Mumbai,49.44583333333333,65.4,50.48333333333333,66.8,21.220833333333335,36.7,141.04166666666666,306.0,28.9,52,0.0,7.9,29.5
2024-11-19,Mumbai,55.887499999999996,67.1,57.1625,68.7,19.716666666666665,34.0,144.625,278.0,27.6,45,0.0,8.0,32.0
2024-11-20,Mumbai,61.300000000000004,70.5,62.92916666666667,72.2,17.233333333333334,32.4,152.41666666666666,282.0,26.9,47,0.0,8.5,35.3
2024-11-21,Mumbai,66.75833333333334,80.1,69.10416666666667,82.9,18.404166666666665,31.3,164.5,285.0,26.7,49,0.0,7.7,35.6
2024-11-22,Mumbai,77.91250000000001,87.3,80.46249999999999,89.6,18.783333333333335,31.7,172.125,327.0,26.5,54,0.0,7.1,34.9
2024-11-23,Mumbai,90.31666666666666,105.5,92.41666666666667,107.3,20.712500000000002,36.4,192.375,367.0,26.5,56,0.0,6.3,29.2
2024-11-24,Mumbai,98.125,120.6,100.35416666666667,123.4,21.095833333333335,34.7,182.75,335.0,26.9,56,0.0,6.1,33.1
2024-11-25,Mumbai,88.91666666666667,98.3,93.22500000000001,100.4,19.745833333333334,34.0,149.375,262.0,26.7,54,0.0,7.6,31.7
2024-11-26,Mumbai,58.020833333333336,71.7,61.32916666666667,76.6,21.8125,29.9,139.08333333333334,256.0,26.3,45,0.0,7.9,31.7
2024-11-27,Mumbai,45.71666666666667,53.6,48.604166666666664,56.3,19.129166666666666,27.7,135.04166666666666,234.0,26.2,42,0.0,8.5,32.4
2024-11-28,Mumbai,48.62916666666666,61.2,51.395833333333336,66.6,21.004166666666666,30.8,122.58333333333333,218.0,26.4,35,0.0,8.3,27.4
2024-11-29,Mumbai,40.958333333333336,46.2,43.92916666666667,49.1,16.304166666666667,24.6,119.375,201.0,25.3,42,0.0,8.8,34.9
2024-11-30,Mumbai,55.262499999999996,70.3,58.00416666666666,73.1,17.429166666666667,27.0,138.58333333333334,244.0,25.1,43,0.0,8.5,33.8
2024-12-01,Mumbai,77.61666666666666,94.3,80.1125,96.6,24.616666666666664,41.8,144.83333333333334,291.0,25.8,52,0.0,8.3,35.3
2024-12-02,Mumbai,63.09166666666667,78.2,64.04583333333333,78.7,30.366666666666664,79.8,127.5,275.0,27.6,57,0.0,7.7,34.2
2024-12-03,Mumbai,50.425000000000004,58.1,50.94583333333333,59.4,29.004166666666666,43.3,92.41666666666667,196.0,28.9,59,0.2,9.0,36.7
2024-12-04,Mumbai,46.25833333333333,60.5,46.62083333333334,61.9,28.625,49.8,83.875,194.0,29.4,66,0.2,7.7,35.6
2024-12-05,Mumbai,49.40416666666667,76.1,49.90833333333333,76.4,33.93333333333333,47.3,124.79166666666667,361.0,29.2,69,0.0,7.0,31.3
2024-12-06,Mumbai,42.824999999999996,51.0,43.604166666666664,52.9,23.258333333333336,37.4,109.58333333333333,202.0,28.5,65,0.0,7.1,33.1
2024-12-07,Mumbai,34.733333333333334,43.5,36.112500000000004,44.2,15.941666666666668,22.3,111.16666666666667,179.0,27.6,51,0.0,9.8,40.0
2024-12-08,Mumbai,33.90416666666667,40.4,36.520833333333336,42.5,14.3125,17.8,113.29166666666667,167.0,25.4,44,0.0,9.9,33.8
2024-12-09,Mumbai,24.791666666666668,38.6,26.675,42.4,11.745833333333332,15.4,113.375,151.0,24.9,36,0.0,11.9,36.0
2024-12-10,Mumbai,33.81666666666667,49.6,35.775,51.7,19.662499999999998,26.7,120.79166666666667,244.0,25.1,48,0.0,7.4,31.0
2024-12-11,Mumbai,49.512499999999996,80.1,50.137499999999996,80.6,32.74166666666667,43.6,132.45833333333334,347.0,26.3,57,0.0,7.4,33.5
2024-12-12,Mumbai,42.854166666666664,52.2,43.36666666666667,52.4,19.933333333333334,30.1,120.41666666666667,229.0,25.3,60,0.0,7.8,37.4
2024-12-13,Mumbai,39.53333333333333,54.2,40.012499999999996,54.8,20.787499999999998,39.2,124.625,246.0,25.9,51,0.0,8.8,32.4
2024-12-14,Mumbai,49.29583333333333,76.6,49.8375,77.3,26.52916666666667,54.5,137.83333333333334,274.0,25.9,43,0.0,8.1,28.4
2024-12-15,Mumbai,40.30833333333333,66.4,40.875,66.8,31.616666666666664,46.7,124.54166666666667,284.0,25.5,44,0.0,6.9,26.6
2024-12-16,Mumbai,38.94583333333333,52.6,39.43333333333333,53.7,33.50833333333333,50.3,124.5,290.0,24.9,44,0.0,6.4,29.9
2024-12-17,Mumbai,46.166666666666664,59.0,46.73333333333333,59.6,28.804166666666664,43.2,135.33333333333334,326.0,24.0,49,0.0,5.7,29.2
2024-12-18,Mumbai,64.29166666666667,95.5,65.41666666666667,96.4,31.066666666666666,45.8,168.83333333333334,373.0,24.3,56,0.0,6.2,26.3
2024-12-19,Mumbai,65.90833333333333,81.3,67.96249999999999,82.7,20.845833333333335,37.5,149.45833333333334,281.0,23.6,69,0.0,5.6,31.0
2024-12-20,Mumbai,75.81666666666666,92.7,78.45416666666667,95.2,17.854166666666668,33.8,137.16666666666666,219.0,23.3,72,0.0,6.8,36.0
2024-12-21,Mumbai,91.72500000000001,111.3,94.29583333333333,113.6,24.3,41.4,150.08333333333334,320.0,23.5,75,0.0,5.1,31.7
2024-12-22,Mumbai,56.79583333333333,78.5,59.895833333333336,80.8,19.6875,39.6,105.16666666666667,152.0,24.0,77,0.0,6.2,34.2
2024-12-23,Mumbai,67.57083333333334,86.4,70.96666666666667,89.4,11.799999999999999,19.2,118.91666666666667,174.0,23.8,71,0.0,8.8,40.3
2024-12-24,Mumbai,93.16666666666667,111.8,94.83749999999999,113.2,14.679166666666667,21.9,120.5,191.0,23.9,60,0.0,10.4,42.5
2024-12-25,Mumbai,88.675,97.8,90.6875,99.9,14.066666666666668,19.1,126.08333333333333,195.0,24.0,61,0.0,10.0,38.2
2024-12-26,Mumbai,110.54583333333333,134.1,112.97083333333335,136.9,17.583333333333332,26.5,113.95833333333333,204.0,24.9,68,0.0,8.3,33.1
2024-12-27,Mumbai,124.80833333333334,136.9,127.65416666666665,140.2,15.883333333333333,21.1,139.125,202.0,24.7,70,0.0,9.0,39.2
2024-12-28,Mumbai,100.99166666666667,113.6,102.50416666666666,115.9,17.608333333333334,24.2,123.66666666666667,208.0,25.0,68,0.3,7.1,36.7
2024-12-29,Mumbai,83.22500000000001,110.8,84.21249999999999,111.8,21.366666666666664,33.5,116.91666666666667,213.0,25.7,69,0.0,8.6,32.4
2024-12-30,Mumbai,65.04583333333333,88.2,65.91666666666667,90.6,26.75,37.9,101.16666666666667,217.0,26.9,63,0.0,8.3,32.0
2024-12-31,Mumbai,70.30833333333334,96.6,71.0125,97.3,32.762499999999996,49.0,131.625,357.0,27.2,59,0.0,7.8,34.6
2025-01-01,Mumbai,71.175,95.9,72.30833333333334,97.3,28.075,40.3,130.54166666666666,297.0,26.8,61,0.0,8.3,33.8
2025-01-02,Mumbai,59.69583333333333,85.9,60.2875,86.4,26.854166666666668,38.7,128.125,316.0,26.7,58,0.0,8.3,33.8
2025-01-03,Mumbai,55.50833333333333,82.4,55.94583333333333,82.9,37.69583333333333,63.0,144.66666666666666,344.0,26.4,52,0.0,7.7,31.3
2025-01-04,Mumbai,42.69166666666666,77.5,43.425000000000004,78.2,34.5875,49.8,134.625,351.0,25.3,48,0.0,5.8,34.2
2025-01-05,Mumbai,42.12916666666667,56.1,43.51666666666667,56.9,17.791666666666668,26.6,124.70833333333333,200.0,24.4,62,0.0,7.9,34.6
2025-01-06,Mumbai,44.34166666666667,61.7,46.75,62.6,13.6625,20.2,125.33333333333333,181.0,23.9,59,0.0,12.3,42.1
2025-01-07,Mumbai,47.020833333333336,60.8,47.82916666666667,62.2,17.537499999999998,28.3,122.20833333333333,210.0,24.4,53,0.0,9.4,34.9
2025-01-08,Mumbai,61.770833333333336,84.1,62.31666666666666,84.5,27.891666666666666,42.4,135.04166666666666,291.0,25.1,54,0.0,8.5,32.8
2025-01-09,Mumbai,66.2375,109.2,67.17083333333333,110.6,37.766666666666666,87.2,148.20833333333334,308.0,25.5,46,0.0,8.3,29.9
2025-01-10,Mumbai,81.16250000000001,103.8,82.41250000000001,104.5,39.704166666666666,53.6,171.66666666666666,364.0,25.2,51,0.0,6.1,28.4
2025-01-11,Mumbai,65.25,82.7,67.77916666666667,84.8,16.695833333333333,26.0,132.33333333333334,181.0,24.0,63,0.0,8.5,40.0
2025-01-12,Mumbai,53.84583333333333,75.7,55.38333333333333,76.8,15.383333333333333,21.6,125.625,205.0,24.4,60,0.0,10.6,40.3
2025-01-13,Mumbai,75.00416666666668,106.9,75.65833333333333,107.6,23.59583333333333,36.6,119.20833333333333,242.0,26.1,55,0.0,9.1,36.7
2025-01-14,Mumbai,83.47500000000001,110.4,84.325,111.1,40.81666666666667,50.4,133.20833333333334,339.0,26.2,57,0.0,7.2,31.7
2025-01-15,Mumbai,78.4875,93.8,79.78333333333333,94.5,26.6125,41.8,106.5,198.0,25.0,67,0.0,7.3,42.1
2025-01-16,Mumbai,77.40833333333333,83.8,78.02083333333333,85.0,16.849999999999998,22.9,107.58333333333333,177.0,24.5,66,0.0,11.4,43.2
2025-01-17,Mumbai,78.87083333333334,102.0,79.83333333333333,103.1,33.016666666666666,64.1,131.95833333333334,320.0,26.4,60,0.0,9.1,37.8
2025-01-18,Mumbai,74.2375,105.2,74.92083333333333,105.9,39.800000000000004,91.6,143.29166666666666,320.0,27.2,46,0.0,8.5,33.5
2025-01-19,Mumbai,72.84583333333333,102.7,73.52083333333333,103.1,35.487500000000004,50.1,142.83333333333334,352.0,26.4,46,0.0,7.4,35.6
2025-01-20,Mumbai,67.59166666666667,89.2,68.33749999999999,89.9,31.724999999999998,44.4,131.5,315.0,26.4,46,0.0,6.8,34.6
2025-01-21,Mumbai,70.03750000000001,81.0,70.83749999999999,82.2,25.025000000000002,35.2,135.95833333333334,283.0,25.8,51,0.0,6.9,32.0
2025-01-22,Mumbai,63.770833333333336,74.7,64.69166666666666,76.6,19.645833333333332,29.0,128.41666666666666,223.0,25.6,53,0.0,8.2,38.5
2025-01-23,Mumbai,52.675000000000004,69.6,55.21666666666667,70.1,17.25,26.5,111.66666666666667,154.0,25.3,50,0.0,13.0,45.0
2025-01-24,Mumbai,53.00416666666666,78.0,54.63333333333333,78.5,23.620833333333334,44.7,123.79166666666667,238.0,25.8,49,0.0,7.6,28.8
2025-01-25,Mumbai,76.6375,103.6,77.40416666666667,104.1,41.05416666666667,62.1,129.04166666666666,316.0,26.8,57,0.0,6.3,29.9
2025-01-26,Mumbai,66.54166666666667,77.5,67.1875,77.8,28.787499999999998,34.2,138.41666666666666,284.0,27.0,59,0.0,7.1,31.7
2025-01-27,Mumbai,59.975,69.2,60.525,69.4,23.9375,30.9,136.375,240.0,26.7,56,0.0,7.8,34.6
2025-01-28,Mumbai,58.362500000000004,68.5,59.27916666666667,69.4,24.09166666666667,35.8,135.5,241.0,25.4,57,0.0,6.3,34.6
2025-01-29,Mumbai,58.637499999999996,71.9,59.49583333333334,72.2,24.604166666666668,33.8,137.75,247.0,24.8,58,0.0,7.5,34.9
2025-01-30,Mumbai,52.49583333333334,73.3,54.237500000000004,74.0,22.933333333333334,36.2,140.875,248.0,25.4,52,0.0,7.6,32.4
2025-01-31,Mumbai,31.891666666666666,37.7,57.916666666666664,79.6,15.645833333333334,29.9,97.08333333333333,161.0,24.5,59,0.0,8.6,35.6
2025-02-01,Mumbai,35.104166666666664,40.6,63.26666666666667,79.2,14.116666666666667,20.4,111.04166666666667,170.0,23.8,58,0.0,8.7,42.1
2025-02-02,Mumbai,40.21666666666667,50.5,49.37916666666666,57.4,22.558333333333334,32.2,108.91666666666667,194.0,25.0,45,0.0,9.7,38.5
2025-02-03,Mumbai,42.69166666666666,47.7,53.97083333333333,62.2,16.529166666666665,23.9,104.66666666666667,163.0,24.7,52,0.0,9.4,45.0
2025-02-04,Mumbai,47.12083333333334,55.1,57.92916666666667,62.4,15.004166666666668,21.3,122.5,158.0,24.6,53,0.0,9.5,37.8
2025-02-05,Mumbai,30.391666666666666,46.3,35.920833333333334,52.3,13.845833333333333,20.0,122.83333333333333,166.0,25.0,38,0.0,13.3,46.4
2025-02-06,Mumbai,37.18333333333333,58.4,39.44166666666667,59.5,21.275000000000002,31.2,117.41666666666667,220.0,25.5,43,0.0,8.3,33.8
2025-02-07,Mumbai,71.875,90.8,73.125,91.3,42.0,52.1,116.29166666666667,299.0,27.2,53,0.0,5.9,30.6
2025-02-08,Mumbai,83.69583333333334,112.9,84.94166666666666,113.6,39.762499999999996,51.9,132.41666666666666,330.0,27.2,55,0.0,6.4,33.5
2025-02-09,Mumbai,70.14999999999999,88.2,71.19166666666666,88.9,26.491666666666664,36.4,142.5,255.0,27.5,48,0.0,9.0,37.1
2025-02-10,Mumbai,57.25416666666666,75.9,58.6875,76.6,23.641666666666666,36.1,152.75,241.0,27.4,46,0.0,10.6,39.6
2025-02-11,Mumbai,47.67083333333333,61.7,48.92083333333333,62.2,19.775000000000002,26.8,145.33333333333334,232.0,26.2,47,0.0,9.9,42.5
2025-02-12,Mumbai,37.125,51.5,42.170833333333334,65.0,20.599999999999998,37.2,121.16666666666667,191.0,26.0,49,0.0,10.6,41.0
2025-02-13,Mumbai,34.795833333333334,41.7,46.99583333333334,54.2,18.945833333333333,26.8,128.29166666666666,210.0,27.5,40,0.0,10.8,39.2
2025-02-14,Mumbai,33.52916666666667,43.5,39.175000000000004,50.6,21.2,29.4,130.375,227.0,28.5,35,0.0,11.7,41.8
2025-02-15,Mumbai,36.69583333333333,48.8,46.75,58.2,22.9375,29.4,123.625,234.0,28.7,31,0.0,9.5,44.3
2025-02-16,Mumbai,38.729166666666664,60.3,54.46666666666667,72.4,27.504166666666666,38.4,113.20833333333333,250.0,27.5,35,0.0,9.2,42.1
2025-02-17,Mumbai,34.9125,47.4,56.15416666666667,68.2,21.52916666666667,30.7,117.91666666666667,216.0,27.1,44,0.0,9.4,44.6
2025-02-18,Mumbai,37.49583333333333,60.3,54.25416666666666,73.3,22.383333333333336,32.0,121.75,239.0,28.2,39,0.0,11.0,47.5
2025-02-19,Mumbai,35.583333333333336,45.8,54.79583333333333,64.5,19.087500000000002,24.3,116.20833333333333,194.0,28.0,38,0.0,10.8,46.4
2025-02-20,Mumbai,34.05833333333333,48.1,55.425000000000004,65.7,19.279166666666665,28.8,121.20833333333333,206.0,28.3,39,0.0,12.1,45.0
2025-02-21,Mumbai,35.75833333333333,47.8,60.85,73.6,18.370833333333334,25.4,126.91666666666667,193.0,30.0,31,0.0,12.4,42.8
2025-02-22,Mumbai,35.42916666666667,66.6,50.47083333333333,84.5,24.90416666666667,50.2,126.83333333333333,226.0,29.2,34,0.0,10.5,40.0
2025-02-23,Mumbai,38.78333333333333,53.2,52.45416666666667,68.5,27.020833333333332,37.3,140.91666666666666,287.0,29.6,34,0.0,9.6,38.2
2025-02-24,Mumbai,37.75,54.5,55.49166666666667,70.3,26.662499999999998,36.1,137.33333333333334,299.0,29.7,33,0.0,10.0,37.8
2025-02-25,Mumbai,52.84166666666667,88.9,78.84166666666667,114.3,36.449999999999996,53.5,155.79166666666666,407.0,29.8,34,0.0,7.3,38.5
2025-02-26,Mumbai,68.5125,112.0,88.69583333333333,126.7,40.895833333333336,56.6,202.79166666666666,517.0,29.0,46,0.0,5.4,40.0
2025-02-27,Mumbai,76.26666666666667,124.3,85.35833333333333,133.2,36.775,53.6,213.20833333333334,514.0,29.2,44,0.0,6.5,38.9
2025-02-28,Mumbai,67.27083333333333,93.8,77.66250000000001,104.1,27.662499999999998,41.0,153.41666666666666,311.0,28.8,51,0.0,7.9,41.0
2025-03-01,Mumbai,33.34166666666667,44.0,50.75,63.6,19.1125,27.9,104.0,188.0,29.0,42,0.0,10.7,40.3
2025-03-02,Mumbai,39.3375,50.4,59.65,75.7,20.804166666666667,30.6,115.54166666666667,213.0,29.3,36,0.0,11.7,41.8
2025-03-03,Mumbai,43.02916666666667,50.8,74.575,86.8,18.470833333333335,26.3,128.16666666666666,198.0,29.5,39,0.0,12.2,45.0
2025-03-04,Mumbai,36.666666666666664,44.5,59.21666666666667,70.8,16.974999999999998,23.0,116.45833333333333,184.0,29.4,39,0.0,13.4,49.7
2025-03-05,Mumbai,31.058333333333334,45.1,46.6625,65.4,15.887500000000001,22.2,128.70833333333334,219.0,29.6,31,0.0,12.0,42.1
2025-03-06,Mumbai,29.641666666666666,40.9,31.9375,42.6,21.229166666666668,36.5,141.125,252.0,28.6,25,0.0,9.9,42.5
2025-03-07,Mumbai,32.22083333333333,47.0,34.05833333333333,53.2,20.212500000000002,25.8,152.375,253.0,29.4,25,0.0,9.9,38.5
2025-03-08,Mumbai,47.7125,79.2,55.9375,86.8,24.145833333333332,39.2,162.58333333333334,301.0,28.9,35,0.0,9.4,41.0
2025-03-09,Mumbai,43.041666666666664,74.0,56.42916666666667,85.9,24.541666666666668,43.3,136.58333333333334,284.0,28.5,48,0.0,6.8,39.2
2025-03-10,Mumbai,60.50416666666666,98.0,67.30416666666666,102.4,35.52916666666667,58.3,195.375,475.0,30.7,35,0.0,6.8,44.6
2025-03-11,Mumbai,86.65833333333335,147.1,90.96666666666665,149.9,40.020833333333336,62.4,205.16666666666666,491.0,30.5,44,0.0,6.4,42.5
2025-03-12,Mumbai,90.39999999999999,140.6,95.325,144.4,39.074999999999996,52.9,185.25,431.0,30.2,50,0.0,6.3,38.5
2025-03-13,Mumbai,75.91250000000001,111.1,83.375,116.4,34.645833333333336,50.9,170.25,411.0,29.4,62,0.0,7.4,37.1
2025-03-14,Mumbai,46.12916666666666,80.8,58.03333333333333,91.7,28.920833333333334,51.9,134.875,325.0,29.3,57,0.0,7.4,40.0
2025-03-15,Mumbai,28.941666666666666,44.0,40.895833333333336,56.6,18.75,32.1,112.125,230.0,29.3,54,0.0,9.4,42.8
2025-03-16,Mumbai,27.041666666666668,34.5,46.625,65.2,14.987499999999999,22.6,108.79166666666667,177.0,29.0,53,0.0,10.2,43.2
2025-03-17,Mumbai,29.587500000000002,33.6,51.24166666666667,63.3,14.4625,24.8,127.45833333333333,195.0,28.7,58,0.0,9.9,45.4
2025-03-18,Mumbai,30.3,38.5,53.574999999999996,67.8,13.029166666666667,17.9,133.45833333333334,203.0,27.9,65,0.0,8.4,42.5
2025-03-19,Mumbai,31.754166666666666,46.0,49.07916666666667,66.4,15.858333333333334,33.2,139.66666666666666,235.0,27.6,64,0.0,9.0,42.5
2025-03-20,Mumbai,25.59166666666667,36.3,36.46666666666667,48.3,16.5125,27.4,127.29166666666667,212.0,29.0,45,0.0,9.7,47.2
2025-03-21,Mumbai,20.629166666666666,27.8,51.012499999999996,61.9,9.445833333333333,15.0,100.08333333333333,146.0,28.0,58,0.0,11.8,48.2
2025-03-22,Mumbai,30.65833333333333,45.5,47.94166666666666,60.3,18.320833333333333,32.0,123.875,258.0,27.4,65,0.0,7.7,45.4
2025-03-23,Mumbai,42.74166666666667,56.6,61.78333333333333,73.8,25.004166666666666,35.4,140.875,288.0,28.4,68,0.0,5.7,38.5
2025-03-24,Mumbai,41.670833333333334,51.1,57.17083333333333,70.3,22.900000000000002,37.0,130.625,241.0,28.3,75,0.0,7.3,43.9
2025-03-25,Mumbai,31.120833333333334,39.9,41.00833333333333,52.0,17.633333333333333,28.4,117.08333333333333,188.0,28.6,67,0.0,8.3,45.4
2025-03-26,Mumbai,22.054166666666664,28.6,27.162499999999998,35.2,14.879166666666668,26.7,109.79166666666667,178.0,27.7,73,0.0,7.6,42.8
2025-03-27,Mumbai,19.720833333333335,23.6,30.662499999999998,38.9,9.6,14.6,94.41666666666667,137.0,27.1,76,0.0,8.3,45.4
2025-03-28,Mumbai,34.050000000000004,53.0,63.300000000000004,95.9,14.575000000000001,31.1,135.95833333333334,192.0,28.5,61,0.0,10.0,46.4
2025-03-29,Mumbai,37.59583333333333,43.7,58.895833333333336,85.7,18.679166666666667,27.8,156.375,247.0,30.9,31,0.0,10.5,40.3
2025-03-30,Mumbai,40.541666666666664,58.0,48.0,64.7,21.59583333333333,40.1,168.16666666666666,271.0,31.5,39,0.0,9.4,45.4
2025-03-31,Mumbai,41.55,72.6,46.25833333333333,76.8,25.241666666666664,40.3,181.83333333333334,327.0,31.3,44,0.0,8.8,43.2
2025-04-01,Mumbai,51.2125,93.4,55.833333333333336,96.6,35.13333333333333,56.1,172.54166666666666,442.0,31.7,44,0.0,8.0,39.6
2025-04-02,Mumbai,109.85416666666667,152.7,121.23333333333333,165.3,46.85,69.5,175.45833333333334,433.0,31.8,41,0.0,6.3,41.8
2025-04-03,Mumbai,44.14166666666667,92.2,50.01666666666667,102.4,22.070833333333336,59.4,113.91666666666667,184.0,29.4,73,0.6,7.4,34.6
2025-04-04,Mumbai,34.31666666666667,58.8,39.34166666666667,62.9,15.345833333333333,24.6,129.33333333333334,248.0,29.2,76,1.0,8.2,41.8
2025-04-05,Mumbai,32.458333333333336,52.5,40.63333333333333,61.7,20.066666666666666,26.8,130.20833333333334,265.0,29.7,63,0.0,8.9,46.1
2025-04-06,Mumbai,38.90833333333334,82.4,47.17083333333333,87.3,31.375,54.5,154.125,378.0,30.0,59,0.0,5.9,43.2
2025-04-07,Mumbai,39.84166666666666,81.3,51.04583333333333,89.9,31.070833333333336,52.9,135.375,308.0,30.7,57,0.0,8.6,46.1
2025-04-08,Mumbai,39.46666666666667,56.3,54.55833333333334,69.8,26.245833333333334,46.4,135.375,281.0,31.1,49,0.0,8.3,46.4
2025-04-09,Mumbai,39.05833333333333,46.0,55.9375,67.8,23.45,34.1,123.20833333333333,231.0,30.4,58,0.0,7.5,42.8
2025-04-10,Mumbai,28.974999999999998,37.0,44.275,52.2,15.479166666666666,30.3,105.625,159.0,29.4,74,0.0,8.9,37.4
2025-04-11,Mumbai,26.462500000000002,32.5,51.76666666666667,56.7,14.625,24.6,92.58333333333333,149.0,29.0,73,0.0,9.5,41.0
2025-04-12,Mumbai,26.366666666666664,33.9,70.21666666666667,86.4,11.075000000000001,16.3,91.75,140.0,28.8,75,0.1,7.6,42.1
2025-04-13,Mumbai,31.929166666666664,51.9,72.72916666666667,100.1,13.125,21.0,103.79166666666667,207.0,28.9,75,0.0,8.2,43.9
2025-04-14,Mumbai,24.733333333333334,33.6,44.833333333333336,57.7,12.833333333333334,18.0,98.5,173.0,30.1,62,0.0,11.2,50.0
2025-04-15,Mumbai,22.391666666666666,27.6,33.80416666666667,42.1,12.233333333333334,17.5,97.16666666666667,163.0,30.0,62,0.0,9.2,43.9
2025-04-16,Mumbai,26.333333333333332,40.3,37.75,56.7,14.533333333333333,26.5,97.83333333333333,197.0,29.1,74,0.0,7.7,42.8
2025-04-17,Mumbai,25.02916666666667,36.8,41.85,57.2,11.279166666666667,17.1,93.625,165.0,28.8,78,0.0,7.4,41.8
2025-04-18,Mumbai,26.0125,39.8,45.762499999999996,62.6,11.958333333333334,20.3,93.70833333333333,170.0,28.9,76,0.0,7.6,40.7
2025-04-19,Mumbai,22.6375,31.3,39.3375,69.4,12.1875,19.2,90.375,146.0,29.2,75,0.0,8.9,43.2
2025-04-20,Mumbai,29.72083333333333,52.3,96.21249999999999,133.6,11.625,17.8,99.25,193.0,29.2,72,0.0,8.3,41.0
2025-04-21,Mumbai,27.191666666666666,45.6,78.42083333333333,96.4,10.174999999999999,14.1,100.25,186.0,29.1,74,0.0,8.8,42.1
2025-04-22,Mumbai,34.225,54.9,86.8125,122.9,15.237499999999999,22.3,113.58333333333333,211.0,29.8,70,0.0,7.9,45.0
2025-04-23,Mumbai,38.6875,53.9,71.97083333333333,96.4,17.916666666666668,28.2,117.54166666666667,212.0,30.2,72,0.0,7.4,42.1
2025-04-24,Mumbai,29.4875,38.9,57.7125,65.7,15.708333333333334,31.4,102.16666666666667,173.0,29.7,74,0.0,8.3,40.3
2025-04-25,Mumbai,28.195833333333336,41.6,61.145833333333336,83.1,14.383333333333333,23.5,101.41666666666667,182.0,29.6,71,0.0,7.4,40.7
2025-04-26,Mumbai,26.1375,36.0,46.32083333333333,58.9,13.525,20.4,96.0,167.0,29.4,71,0.0,7.0,42.1
2025-04-27,Mumbai,31.004166666666666,51.3,65.05833333333334,84.3,15.229166666666666,30.0,96.20833333333333,195.0,29.3,74,0.0,8.0,42.8
2025-04-28,Mumbai,30.087500000000002,37.5,78.47916666666667,85.9,12.391666666666666,19.3,84.70833333333333,146.0,29.3,75,0.0,8.5,41.8
2025-04-29,Mumbai,32.25833333333333,42.0,74.53750000000001,95.9,15.166666666666666,29.6,80.33333333333333,138.0,29.4,76,0.0,7.8,40.7
2025-04-30,Mumbai,24.212500000000002,30.0,37.7875,43.8,11.191666666666668,16.6,87.08333333333333,144.0,29.6,75,0.0,8.1,42.8
2025-05-01,Mumbai,24.075,33.8,35.858333333333334,46.9,10.625,15.6,92.16666666666667,164.0,29.8,75,0.0,7.3,45.4
2025-05-02,Mumbai,22.912499999999998,39.1,35.00416666666667,56.7,11.383333333333333,17.6,100.375,191.0,30.0,68,0.0,7.6,41.0
2025-05-03,Mumbai,22.662499999999998,35.2,33.641666666666666,49.4,11.870833333333332,23.0,88.91666666666667,154.0,29.8,68,0.0,8.5,43.2
2025-05-04,Mumbai,19.716666666666665,23.5,33.42916666666667,43.9,8.404166666666667,11.9,80.58333333333333,115.0,30.0,68,0.0,8.6,42.5
2025-05-05,Mumbai,25.22083333333333,36.9,44.262499999999996,58.4,9.579166666666667,14.8,85.375,150.0,30.2,70,0.0,8.2,44.3
2025-05-06,Mumbai,20.841666666666665,26.8,34.94166666666667,47.4,8.262500000000001,12.0,83.83333333333333,132.0,28.7,73,6.3,8.4,50.4
2025-05-07,Mumbai,17.025000000000002,24.2,30.8875,45.1,10.504166666666666,14.6,76.0,100.0,27.9,73,3.0,9.6,50.8
2025-05-08,Mumbai,11.295833333333334,13.3,17.804166666666667,22.8,10.2125,18.5,76.66666666666667,103.0,26.6,81,9.3,9.4,46.4
2025-05-09,Mumbai,12.004166666666668,17.4,17.425,23.8,12.116666666666667,17.9,76.5,133.0,27.1,82,2.0,9.6,39.6
2025-05-10,Mumbai,16.125,22.4,20.454166666666666,26.5,15.779166666666667,29.9,74.375,143.0,28.0,81,0.5,6.5,34.2
2025-05-11,Mumbai,25.116666666666664,42.4,31.108333333333334,48.8,18.608333333333334,28.4,93.08333333333333,217.0,29.1,76,0.4,5.7,35.3
2025-05-12,Mumbai,22.075,32.4,28.65833333333333,41.4,19.579166666666666,34.6,71.58333333333333,134.0,30.3,70,1.6,6.8,38.2
2025-05-13,Mumbai,25.150000000000002,34.6,34.954166666666666,44.4,16.195833333333333,33.0,74.125,159.0,30.5,70,1.7,6.2,39.6
2025-05-14,Mumbai,30.270833333333332,49.0,50.112500000000004,65.4,12.612499999999999,19.3,84.41666666666667,182.0,29.9,72,0.6,7.1,37.8
2025-05-15,Mumbai,28.962500000000002,40.5,51.354166666666664,63.3,12.362499999999999,22.4,81.54166666666667,153.0,30.5,70,1.8,6.7,40.7
2025-05-16,Mumbai,24.395833333333332,28.8,43.97083333333333,51.3,12.666666666666666,22.5,71.95833333333333,121.0,31.0,65,1.0,7.8,42.8
2025-05-17,Mumbai,22.608333333333334,29.3,41.5375,50.9,11.745833333333332,16.8,78.29166666666667,137.0,30.6,66,0.9,7.7,38.2
2025-05-18,Mumbai,22.65833333333333,29.9,43.854166666666664,52.4,12.341666666666667,18.1,76.33333333333333,135.0,31.2,61,0.0,7.0,42.5
2025-05-19,Mumbai,25.0625,35.5,46.31666666666666,57.7,11.920833333333334,21.5,70.29166666666667,140.0,30.3,69,0.2,6.8,43.6
2025-05-20,Mumbai,24.3625,32.0,47.7125,60.1,12.066666666666668,24.1,69.66666666666667,127.0,30.2,75,8.7,6.7,36.7
2025-05-21,Mumbai,31.3875,46.0,46.512499999999996,60.8,16.1375,34.1,90.625,190.0,29.0,83,1.1,5.8,25.9
2025-05-22,Mumbai,52.97083333333333,68.5,62.46666666666667,79.6,27.304166666666664,44.5,119.45833333333333,240.0,28.5,82,21.2,7.8,43.9
2025-05-23,Mumbai,58.25833333333333,85.9,66.7625,94.1,25.333333333333332,34.8,154.58333333333334,383.0,28.7,86,2.2,4.6,37.4
2025-05-24,Mumbai,33.074999999999996,39.1,47.13333333333333,51.5,12.525,20.3,126.79166666666667,185.0,28.8,84,8.9,7.9,36.4
2025-05-25,Mumbai,24.666666666666668,28.9,40.1875,66.1,11.941666666666668,22.5,80.08333333333333,95.0,26.5,91,27.3,6.1,28.1
2025-05-26,Mumbai,32.266666666666666,46.4,66.37083333333334,105.0,6.8500000000000005,11.2,69.54166666666667,82.0,26.2,93,54.0,9.8,45.0
2025-05-27,Mumbai,39.079166666666666,45.3,83.39583333333333,94.3,8.304166666666667,12.9,66.08333333333333,93.0,27.3,89,9.1,6.0,33.5
2025-05-28,Mumbai,35.449999999999996,39.5,77.7375,96.9,9.933333333333334,14.9,72.41666666666667,127.0,26.9,90,11.5,8.0,34.6
2025-05-29,Mumbai,31.375,47.7,67.14583333333333,82.7,9.591666666666667,14.6,77.75,157.0,28.9,86,5.6,9.8,43.6
2025-05-30,Mumbai,28.72083333333333,31.5,77.87083333333334,90.1,6.179166666666667,8.7,66.75,92.0,29.6,78,1.8,15.6,43.6
2025-05-31,Mumbai,22.679166666666664,26.8,58.63333333333333,81.3,7.258333333333333,14.0,58.0,78.0,29.2,80,3.5,14.7,46.8
2025-06-01,Mumbai,20.441666666666666,26.8,46.38333333333333,64.3,8.429166666666667,10.8,58.291666666666664,90.0,27.3,85,11.1,13.5,47.2
2025-06-02,Mumbai,24.358333333333334,33.3,64.45,97.8,8.116666666666667,11.4,61.666666666666664,92.0,27.8,83,8.8,14.4,48.2
2025-06-03,Mumbai,22.629166666666666,28.7,57.65,75.4,9.112499999999999,12.9,63.458333333333336,89.0,27.4,84,12.8,14.4,48.2
2025-06-04,Mumbai,28.59166666666667,46.1,79.86666666666666,163.9,9.641666666666667,15.2,80.08333333333333,122.0,27.0,85,4.5,9.5,40.0
2025-06-05,Mumbai,45.125,62.2,127.47916666666667,172.3,12.9625,19.0,92.125,206.0,27.8,83,1.6,5.4,28.4
2025-06-06,Mumbai,34.80416666666667,39.5,88.77499999999999,100.6,12.85,18.0,73.20833333333333,139.0,28.3,83,4.7,4.6,29.5
2025-06-07,Mumbai,25.770833333333332,31.5,56.93333333333334,75.0,11.237499999999999,17.0,73.20833333333333,127.0,27.7,86,8.1,4.9,30.2
2025-06-08,Mumbai,24.05,29.0,57.7125,66.8,10.104166666666666,13.5,68.25,113.0,28.4,82,4.4,7.7,35.6
2025-06-09,Mumbai,23.433333333333334,26.0,64.04166666666667,72.6,7.758333333333333,13.2,61.791666666666664,85.0,29.0,77,2.0,10.8,46.4
2025-06-10,Mumbai,20.216666666666665,24.0,49.449999999999996,65.9,7.454166666666667,12.2,56.333333333333336,78.0,28.8,80,0.8,10.5,44.6
2025-06-11,Mumbai,16.858333333333334,18.6,30.879166666666666,39.0,5.9875,8.5,59.791666666666664,88.0,29.7,77,0.8,11.9,43.9
2025-06-12,Mumbai,15.354166666666666,19.0,25.4375,32.6,5.8125,9.3,62.666666666666664,87.0,30.0,78,2.8,16.0,57.2
2025-06-13,Mumbai,21.087500000000002,27.3,49.770833333333336,65.7,6.954166666666667,10.3,67.29166666666667,94.0,28.3,86,29.6,11.7,48.6
2025-06-14,Mumbai,28.516666666666666,37.1,60.79583333333333,74.7,14.725,36.4,74.875,143.0,27.5,90,58.0,7.0,33.1
2025-06-15,Mumbai,34.5625,56.6,53.63333333333333,77.3,25.46666666666667,34.5,95.375,255.0,26.7,93,55.5,7.7,31.3
2025-06-16,Mumbai,16.008333333333333,23.6,33.354166666666664,49.1,13.120833333333332,37.0,60.708333333333336,70.0,26.2,92,100.9,21.6,61.2
2025-06-17,Mumbai,16.633333333333333,21.6,36.02916666666666,46.0,5.820833333333333,8.8,62.0,78.0,27.5,85,17.5,20.9,58.0
2025-06-18,Mumbai,13.625,19.8,26.379166666666666,41.0,7.2749999999999995,9.8,59.666666666666664,71.0,27.0,89,86.1,21.1,59.0
2025-06-19,Mumbai,17.962500000000002,20.1,37.208333333333336,48.0,7.566666666666666,10.7,63.5,77.0,26.4,91,65.8,17.5,51.8
2025-06-20,Mumbai,17.291666666666668,22.4,35.63333333333333,51.5,6.9750000000000005,10.6,57.416666666666664,80.0,27.6,84,11.3,17.0,50.8
2025-06-21,Mumbai,17.091666666666665,19.2,33.82083333333333,37.8,7.491666666666667,9.9,52.291666666666664,74.0,27.6,85,10.0,15.7,52.6
2025-06-22,Mumbai,18.7375,22.0,39.90416666666667,47.0,6.2375,8.6,56.208333333333336,81.0,27.5,84,15.8,17.6,58.0
2025-06-23,Mumbai,18.470833333333335,23.5,40.06666666666667,49.4,6.9624999999999995,9.9,57.75,78.0,26.8,87,51.2,19.0,60.5
2025-06-24,Mumbai,19.558333333333334,22.4,43.38333333333333,54.9,7.629166666666666,12.5,50.875,62.0,27.0,87,26.7,17.5,53.3
2025-06-25,Mumbai,20.345833333333335,25.7,46.73333333333333,62.2,7.104166666666667,9.4,52.916666666666664,77.0,28.1,82,10.0,19.9,56.2
2025-06-26,Mumbai,17.8875,21.7,43.19583333333333,54.6,8.1625,11.7,50.291666666666664,65.0,26.7,89,25.0,15.1,40.3
2025-06-27,Mumbai,19.595833333333335,25.6,46.137499999999996,63.3,7.95,12.1,55.916666666666664,72.0,27.2,83,13.9,18.5,56.9
2025-06-28,Mumbai,20.029166666666665,27.7,46.4625,74.3,6.8999999999999995,9.2,61.083333333333336,76.0,27.3,81,21.5,21.2,65.5
2025-06-29,Mumbai,19.020833333333332,22.3,44.57083333333333,62.9,7.754166666666666,12.4,56.333333333333336,76.0,27.3,84,18.1,17.7,61.6
2025-06-30,Mumbai,18.245833333333334,25.1,42.583333333333336,70.3,7.108333333333333,9.9,52.166666666666664,73.0,26.9,84,22.2,18.0,61.2
2025-07-01,Mumbai,18.066666666666666,20.1,38.57083333333333,44.1,8.424999999999999,10.8,49.208333333333336,59.0,26.8,86,34.3,15.8,49.0
2025-07-02,Mumbai,18.849999999999998,22.0,42.81666666666666,52.0,7.608333333333333,10.1,49.708333333333336,68.0,26.5,88,40.8,15.9,46.8
2025-07-03,Mumbai,17.629166666666666,21.5,38.954166666666666,48.2,7.6000000000000005,10.6,50.458333333333336,70.0,26.4,87,26.3,17.1,54.7
2025-07-04,Mumbai,17.145833333333332,20.0,37.36666666666667,45.1,7.083333333333333,10.2,54.583333333333336,71.0,26.7,85,20.2,18.7,52.9
2025-07-05,Mumbai,17.829166666666666,26.7,40.9125,68.7,6.766666666666667,9.5,57.25,73.0,26.6,86,37.9,19.6,57.2
2025-07-06,Mumbai,18.058333333333334,26.0,41.6625,65.9,6.716666666666666,11.5,58.25,71.0,26.4,87,31.3,19.4,54.4
2025-07-07,Mumbai,21.545833333333334,24.6,48.43333333333334,60.8,7.991666666666667,12.1,53.833333333333336,67.0,27.0,85,7.6,17.7,59.0
2025-07-08,Mumbai,23.1875,32.7,56.166666666666664,91.5,8.579166666666667,12.4,50.375,66.0,27.5,83,3.7,18.6,52.9
2025-07-09,Mumbai,26.391666666666666,32.8,64.19166666666666,90.6,8.3125,13.3,53.791666666666664,84.0,26.7,87,15.4,13.3,46.1
2025-07-10,Mumbai,24.425,33.4,54.9125,79.2,9.1625,14.3,48.75,81.0,27.0,85,6.5,10.5,37.1
2025-07-11,Mumbai,25.170833333333334,33.4,56.24166666666667,66.8,10.620833333333334,14.5,57.625,99.0,26.7,86,6.1,9.9,33.1
2025-07-12,Mumbai,20.316666666666666,26.7,46.22083333333333,55.2,8.170833333333333,11.8,59.416666666666664,97.0,27.1,85,4.9,10.7,41.4
2025-07-13,Mumbai,17.599999999999998,20.8,39.733333333333334,49.4,8.420833333333333,11.9,54.625,74.0,26.7,86,14.7,11.5,39.6
2025-07-14,Mumbai,15.308333333333332,18.5,33.545833333333334,42.7,8.441666666666666,11.2,55.583333333333336,75.0,26.1,90,51.0,14.7,48.2
2025-07-15,Mumbai,20.870833333333334,26.4,48.775,62.2,7.916666666666667,11.7,63.166666666666664,106.0,26.5,87,15.8,11.9,35.6
2025-07-16,Mumbai,23.1875,27.5,55.916666666666664,64.0,8.424999999999999,12.4,58.041666666666664,94.0,27.3,85,7.9,11.1,39.6
2025-07-17,Mumbai,27.837500000000002,39.5,62.475,81.5,10.608333333333333,17.2,64.08333333333333,130.0,27.4,85,4.1,7.7,31.0
2025-07-18,Mumbai,24.483333333333334,29.0,56.53333333333333,62.6,9.691666666666666,13.4,56.208333333333336,102.0,27.6,83,2.7,8.4,32.4
2025-07-19,Mumbai,21.816666666666666,26.8,48.32083333333333,54.8,9.549999999999999,13.4,57.208333333333336,97.0,27.0,85,6.3,9.3,38.2
2025-07-20,Mumbai,18.925,25.4,36.22083333333333,43.7,10.1625,15.0,59.333333333333336,101.0,26.3,88,12.3,11.0,37.1
2025-07-21,Mumbai,19.349999999999998,25.0,38.05833333333333,43.8,11.070833333333333,14.2,58.541666666666664,91.0,26.4,89,17.7,9.2,34.6
2025-07-22,Mumbai,20.849999999999998,23.9,39.28333333333333,49.1,9.5375,13.9,62.458333333333336,101.0,26.5,88,18.4,10.2,37.8
2025-07-23,Mumbai,17.625,20.8,36.77916666666667,43.1,7.825,12.0,57.0,76.0,26.3,87,18.6,12.9,47.9
2025-07-24,Mumbai,16.4375,21.5,32.775,39.9,7.633333333333333,11.3,57.958333333333336,78.0,26.1,87,14.9,14.2,43.9
2025-07-25,Mumbai,16.879166666666666,19.4,34.045833333333334,45.5,7.4624999999999995,10.8,57.083333333333336,73.0,26.3,89,40.3,17.3,50.4
2025-07-26,Mumbai,17.316666666666666,19.2,37.9375,43.3,6.033333333333334,9.4,57.333333333333336,67.0,26.4,86,17.4,19.7,54.7
2025-07-27,Mumbai,17.395833333333332,20.7,35.887499999999996,39.9,5.204166666666667,7.5,55.5,72.0,26.8,83,10.5,23.4,66.6
2025-07-28,Mumbai,16.037499999999998,18.5,32.012499999999996,39.1,5.270833333333333,7.8,53.708333333333336,71.0,26.7,82,8.8,22.7,62.6
2025-07-29,Mumbai,15.120833333333332,17.3,30.254166666666666,35.4,5.304166666666666,10.0,51.416666666666664,67.0,26.5,84,8.6,22.2,61.2
2025-07-30,Mumbai,17.462500000000002,19.8,35.525,43.8,6.895833333333333,11.9,51.625,63.0,26.5,87,7.8,20.4,49.7
2025-07-31,Mumbai,19.616666666666667,24.6,40.729166666666664,54.9,7.1375,11.3,55.25,75.0,26.8,85,3.9,19.0,50.8
2025-08-01,Mumbai,20.9875,23.9,43.37916666666666,49.0,7.9375,13.5,57.458333333333336,89.0,27.0,83,4.1,15.0,41.4
2025-08-02,Mumbai,22.291666666666668,29.2,46.512499999999996,63.3,9.116666666666667,15.7,62.833333333333336,112.0,26.5,86,8.7,10.8,39.2
2025-08-03,Mumbai,22.2375,29.4,45.0,62.4,11.466666666666667,16.1,59.708333333333336,104.0,26.5,86,4.0,8.7,32.4
2025-08-04,Mumbai,21.087500000000002,26.7,43.52916666666667,55.5,11.341666666666667,16.0,61.5,116.0,26.9,85,3.5,7.7,32.8
2025-08-05,Mumbai,20.708333333333332,28.0,45.05833333333334,56.3,9.65,15.5,63.666666666666664,118.0,27.0,84,4.3,7.2,36.0
2025-08-06,Mumbai,21.066666666666666,27.5,48.47083333333333,59.1,9.654166666666667,15.7,61.708333333333336,112.0,27.2,84,1.2,6.6,36.4
2025-08-07,Mumbai,25.45,35.0,60.333333333333336,75.0,10.991666666666667,16.8,60.375,121.0,26.9,87,3.2,5.2,30.6
2025-08-08,Mumbai,25.554166666666664,36.0,58.67083333333333,77.1,11.799999999999999,16.4,56.708333333333336,117.0,26.8,86,2.9,4.2,23.4
2025-08-09,Mumbai,24.40833333333333,33.9,57.13333333333333,70.3,10.395833333333334,14.9,62.125,127.0,26.7,86,1.6,4.9,29.9
2025-08-10,Mumbai,22.625,29.7,51.26666666666667,61.5,11.0,16.9,57.958333333333336,117.0,26.5,86,3.2,4.9,32.0
2025-08-11,Mumbai,19.333333333333332,27.4,41.225,53.9,8.549999999999999,12.4,56.416666666666664,102.0,26.6,84,4.3,8.1,39.2
2025-08-12,Mumbai,18.279166666666665,26.4,33.46666666666667,46.3,8.674999999999999,12.6,54.5,101.0,26.6,83,5.0,9.0,40.0
2025-08-13,Mumbai,17.033333333333335,20.0,28.995833333333334,31.4,10.1,15.8,45.666666666666664,72.0,26.1,87,15.4,8.1,34.6
2025-08-14,Mumbai,17.158333333333335,21.4,26.708333333333332,31.7,14.491666666666667,22.6,43.375,70.0,25.9,89,38.9,8.8,32.0
2025-08-15,Mumbai,17.037499999999998,20.5,33.15833333333333,46.1,9.5375,12.9,49.75,62.0,26.1,89,35.8,10.9,39.6
2025-08-16,Mumbai,14.266666666666666,19.7,26.858333333333334,45.4,9.683333333333334,13.5,44.083333333333336,57.0,25.4,92,34.2,9.4,36.0
2025-08-17,Mumbai,11.941666666666668,16.5,19.495833333333334,32.6,9.0,12.1,51.791666666666664,79.0,26.2,88,16.3,12.7,49.7
2025-08-18,Mumbai,11.929166666666667,15.5,21.216666666666665,30.2,6.833333333333333,9.0,53.791666666666664,66.0,25.4,92,127.0,18.8,49.7
2025-08-19,Mumbai,10.450000000000001,13.6,14.429166666666667,19.3,6.1875,10.7,56.833333333333336,61.0,25.5,91,136.5,23.4,62.6
2025-08-20,Mumbai,17.083333333333332,26.3,31.1375,49.8,6.216666666666666,9.5,51.5,57.0,25.6,89,61.5,23.5,56.5
2025-08-21,Mumbai,17.304166666666667,23.6,30.891666666666666,41.2,6.154166666666666,9.5,49.75,73.0,26.6,85,26.0,20.5,61.6
2025-08-22,Mumbai,15.045833333333334,17.2,25.22083333333333,28.1,6.245833333333334,9.1,46.291666666666664,65.0,26.9,81,4.5,18.5,59.0
2025-08-23,Mumbai,14.287500000000001,16.1,23.525000000000002,28.5,6.283333333333334,8.8,48.083333333333336,60.0,26.6,81,10.4,20.1,61.6
2025-08-24,Mumbai,14.237499999999999,17.2,22.25,25.4,5.583333333333333,9.3,49.791666666666664,70.0,26.7,82,6.7,20.6,59.4
2025-08-25,Mumbai,14.629166666666668,18.3,25.366666666666664,36.3,6.7875000000000005,9.5,44.958333333333336,59.0,25.5,87,23.2,17.6,50.4
2025-08-26,Mumbai,20.075,25.6,44.479166666666664,67.1,7.05,9.5,47.291666666666664,74.0,26.4,85,14.9,14.0,42.8
2025-08-27,Mumbai,24.587500000000002,31.8,56.987500000000004,70.8,9.304166666666667,14.2,57.333333333333336,111.0,26.5,85,7.6,8.9,36.0
2025-08-28,Mumbai,25.483333333333334,30.2,69.76666666666667,82.4,9.483333333333333,17.1,53.666666666666664,91.0,26.5,88,16.3,7.9,31.3
2025-08-29,Mumbai,28.108333333333334,41.9,64.72083333333333,86.8,11.958333333333334,17.2,68.04166666666667,135.0,26.4,88,7.5,8.7,31.3
2025-08-30,Mumbai,18.291666666666668,28.2,36.53333333333333,58.0,10.254166666666666,14.0,65.54166666666667,113.0,26.5,86,2.8,8.9,32.0
2025-08-31,Mumbai,21.337500000000002,26.3,49.92916666666667,60.1,8.908333333333333,12.9,51.25,84.0,26.4,86,10.0,12.4,43.9
2025-09-01,Mumbai,16.650000000000002,18.2,37.425000000000004,41.2,7.1375,10.0,47.916666666666664,61.0,26.4,85,6.7,16.4,55.1
2025-09-02,Mumbai,18.620833333333334,23.2,38.329166666666666,45.9,6.470833333333334,10.9,56.583333333333336,90.0,26.6,86,5.7,13.5,40.3
2025-09-03,Mumbai,19.970833333333335,23.9,40.775,48.3,7.6125,11.2,54.958333333333336,90.0,26.8,83,4.8,12.0,40.0
2025-09-04,Mumbai,21.216666666666665,23.7,47.40833333333333,54.8,9.375,13.5,47.416666666666664,56.0,25.6,88,17.2,9.8,30.6
2025-09-05,Mumbai,21.279166666666665,24.3,44.387499999999996,50.6,8.025,12.7,59.041666666666664,92.0,25.9,89,18.2,11.6,38.9
2025-09-06,Mumbai,18.675,21.5,37.59583333333333,44.5,8.6625,11.3,49.916666666666664,56.0,25.7,87,24.9,14.6,46.8
2025-09-07,Mumbai,19.179166666666667,22.0,37.84583333333333,44.8,9.304166666666667,14.5,52.208333333333336,73.0,26.2,84,9.2,13.8,46.1
2025-09-08,Mumbai,19.1125,22.3,36.479166666666664,43.4,10.225,16.7,55.541666666666664,88.0,26.1,86,5.5,12.1,42.5
2025-09-09,Mumbai,23.733333333333334,29.9,43.645833333333336,53.3,14.191666666666668,18.2,54.625,108.0,26.4,87,0.7,7.4,29.2
2025-09-10,Mumbai,34.55833333333333,60.5,57.666666666666664,85.7,18.541666666666668,31.6,76.91666666666667,226.0,26.7,84,0.3,5.7,31.7
2025-09-11,Mumbai,24.40833333333333,36.9,45.8125,61.2,13.216666666666667,21.5,58.583333333333336,130.0,26.6,82,1.5,5.6,31.3
2025-09-12,Mumbai,18.845833333333335,26.6,34.67916666666667,43.9,10.825000000000001,18.8,53.416666666666664,113.0,26.9,82,1.2,5.4,33.8
2025-09-13,Mumbai,19.729166666666668,22.6,35.18333333333333,40.0,11.083333333333334,17.7,51.666666666666664,80.0,26.5,88,12.7,6.6,38.2
2025-09-14,Mumbai,21.516666666666666,26.4,32.387499999999996,39.6,10.0625,11.9,86.25,121.0,26.5,87,12.2,8.3,38.2
2025-09-15,Mumbai,17.683333333333334,21.7,32.791666666666664,43.1,9.379166666666666,12.3,55.208333333333336,83.0,25.9,90,65.5,9.4,41.0
2025-09-16,Mumbai,17.275000000000002,20.8,28.15416666666667,40.3,12.204166666666666,19.3,41.666666666666664,64.0,26.1,90,5.2,6.2,30.6
2025-09-17,Mumbai,19.366666666666667,26.3,24.795833333333334,34.7,18.991666666666667,25.1,45.625,81.0,26.3,90,25.7,4.3,27.7
2025-09-18,Mumbai,17.033333333333335,20.8,25.316666666666666,29.1,13.166666666666666,17.0,48.333333333333336,85.0,26.1,90,10.4,4.3,27.7
2025-09-19,Mumbai,20.295833333333334,25.3,34.86666666666667,41.0,14.841666666666667,31.8,50.333333333333336,108.0,26.1,90,8.2,6.3,30.6
2025-09-20,Mumbai,17.658333333333335,21.1,31.03333333333333,38.9,12.129166666666668,18.2,54.125,108.0,26.4,88,12.3,6.2,35.3
2025-09-21,Mumbai,17.691666666666666,24.2,26.670833333333334,32.9,12.762500000000001,19.4,59.0,119.0,26.2,90,15.7,5.4,33.1
2025-09-22,Mumbai,15.041666666666666,18.6,26.037499999999998,41.7,7.8125,10.7,57.291666666666664,100.0,25.8,90,17.0,6.1,32.8
2025-09-23,Mumbai,19.974999999999998,24.7,40.266666666666666,49.4,7.058333333333334,12.4,53.625,84.0,26.3,86,10.7,6.1,40.3
2025-09-24,Mumbai,17.191666666666666,26.4,26.125,34.7,9.950000000000001,14.0,61.416666666666664,128.0,26.8,82,2.5,7.3,32.4
2025-09-25,Mumbai,17.779166666666665,28.0,23.0625,31.4,11.424999999999999,14.9,60.916666666666664,138.0,26.2,85,3.1,5.0,28.4
2025-09-26,Mumbai,24.858333333333334,42.6,32.75416666666667,51.0,15.570833333333333,28.8,76.04166666666667,133.0,26.6,86,3.0,4.8,33.8
2025-09-27,Mumbai,20.283333333333335,29.0,30.27916666666667,39.6,9.691666666666666,22.8,74.91666666666667,96.0,26.2,86,14.1,10.1,36.0
2025-09-28,Mumbai,11.995833333333332,17.5,15.183333333333332,25.4,5.904166666666666,9.9,82.45833333333333,93.0,25.8,90,125.7,23.2,62.3
2025-09-29,Mumbai,13.216666666666667,17.3,18.541666666666668,25.4,5.645833333333333,11.2,88.375,114.0,26.5,79,15.8,19.1,52.2
2025-09-30,Mumbai,14.083333333333334,18.0,22.083333333333332,28.6,8.700000000000001,14.0,57.083333333333336,82.0,25.5,85,11.2,15.9,50.8
2025-10-01,Mumbai,13.5,17.4,21.5125,31.2,9.216666666666667,13.9,51.833333333333336,80.0,25.7,87,12.0,15.6,52.9
2025-10-02,Mumbai,13.270833333333334,14.8,20.125,24.6,11.4375,15.3,41.916666666666664,54.0,25.9,88,4.1,14.7,54.7
2025-10-03,Mumbai,12.729166666666666,17.3,18.224999999999998,29.8,12.045833333333334,19.5,46.791666666666664,81.0,26.5,86,2.4,10.9,39.6
2025-10-04,Mumbai,15.879166666666668,22.1,27.645833333333332,45.3,13.229166666666666,17.6,50.208333333333336,94.0,26.7,86,3.1,7.5,34.2
2025-10-05,Mumbai,24.6375,31.1,48.05416666666667,58.7,14.216666666666667,19.6,56.625,108.0,26.3,85,0.7,6.7,30.2
2025-10-06,Mumbai,20.708333333333332,26.5,35.458333333333336,49.5,13.391666666666666,19.5,56.666666666666664,106.0,26.1,84,1.1,7.0,33.5
2025-10-07,Mumbai,16.616666666666667,22.8,23.662499999999998,37.7,12.183333333333332,16.6,66.54166666666667,138.0,26.1,86,2.1,5.1,34.6
2025-10-08,Mumbai,23.09166666666667,34.9,40.63333333333333,62.6,12.7125,18.9,77.79166666666667,139.0,26.8,85,0.3,6.4,33.1
2025-10-09,Mumbai,50.9375,65.9,97.1875,116.4,15.016666666666666,22.2,148.33333333333334,236.0,27.7,77,0.0,6.5,28.4
2025-10-10,Mumbai,50.1875,60.3,80.47916666666667,95.7,18.150000000000002,26.5,147.625,290.0,28.0,66,0.1,6.9,28.4
2025-10-11,Mumbai,48.041666666666664,61.2,64.30416666666666,78.0,18.866666666666667,27.8,152.95833333333334,309.0,28.5,63,0.1,6.4,34.2
2025-10-12,Mumbai,47.349999999999994,59.5,54.71666666666667,68.0,18.404166666666665,25.7,164.16666666666666,321.0,29.0,59,0.1,6.8,33.5
2025-10-13,Mumbai,41.82083333333333,52.7,44.39166666666667,56.6,19.241666666666667,30.5,158.75,285.0,29.2,56,0.0,7.7,37.8
2025-10-14,Mumbai,41.4625,58.0,43.25,60.3,22.75,44.0,156.08333333333334,303.0,29.2,55,0.0,7.6,39.2
2025-10-15,Mumbai,46.89166666666667,69.6,49.05416666666667,72.2,28.84583333333333,59.5,159.25,394.0,29.2,57,1.5,4.3,24.8
2025-10-16,Mumbai,51.354166666666664,82.2,51.5875,82.7,36.77916666666667,59.7,160.20833333333334,383.0,29.5,69,6.2,6.0,39.6
2025-10-17,Mumbai,43.4125,63.3,43.71666666666667,63.6,28.933333333333334,68.7,174.95833333333334,388.0,30.6,63,0.1,8.0,35.3
2025-10-18,Mumbai,56.487500000000004,99.0,57.1625,99.7,33.97083333333333,57.7,191.54166666666666,523.0,30.5,59,1.1,6.3,29.5
2025-10-19,Mumbai,78.63333333333334,118.0,80.33333333333333,120.6,33.15416666666667,63.3,157.91666666666666,394.0,30.3,61,0.5,7.5,29.9
2025-10-20,Mumbai,79.2375,93.8,82.50416666666666,97.6,33.170833333333334,53.5,157.0,383.0,30.2,60,0.2,8.0,36.4
2025-10-21,Mumbai,62.775,78.5,64.4375,79.9,31.09166666666667,47.1,143.33333333333334,373.0,29.6,62,5.9,6.9,34.2
2025-10-22,Mumbai,47.425000000000004,62.6,47.75416666666666,63.1,24.037499999999998,35.3,123.54166666666667,284.0,29.2,74,4.8,6.3,27.7
2025-10-23,Mumbai,36.55,54.6,36.9125,54.7,26.191666666666666,37.4,121.70833333333333,298.0,29.9,71,6.1,7.7,34.2
2025-10-24,Mumbai,31.004166666666666,39.3,31.204166666666666,39.6,24.65833333333333,40.3,121.41666666666667,250.0,29.5,72,8.7,6.7,38.5
2025-10-25,Mumbai,29.27916666666667,45.5,29.395833333333332,45.6,34.975,49.5,77.0,214.0,27.1,84,13.8,8.3,43.9
2025-10-26,Mumbai,16.425,21.8,17.241666666666667,22.2,23.900000000000002,32.6,49.583333333333336,105.0,25.2,92,34.3,9.8,40.0
2025-10-27,Mumbai,13.408333333333333,19.4,14.200000000000001,21.4,16.608333333333334,22.1,52.375,74.0,26.0,88,13.3,12.3,48.2
2025-10-28,Mumbai,22.925,35.7,24.1875,37.1,16.7,22.4,82.54166666666667,166.0,27.5,77,0.4,13.2,47.2
2025-10-29,Mumbai,28.983333333333334,47.6,31.354166666666668,50.8,18.8875,25.8,99.125,236.0,27.4,79,0.1,10.3,45.0
2025-10-30,Mumbai,20.504166666666666,27.4,24.46666666666667,33.9,13.737499999999999,18.3,79.25,109.0,26.4,83,11.5,13.4,46.1
2025-10-31,Mumbai,14.091666666666667,21.4,16.8,25.4,10.987499999999999,16.0,75.75,103.0,26.6,83,8.6,17.1,56.2
2025-11-01,Mumbai,14.566666666666668,19.5,17.654166666666665,24.5,10.870833333333332,17.2,79.0,113.0,26.5,88,3.1,13.8,45.4
2025-11-02,Mumbai,15.404166666666667,18.4,18.754166666666666,23.1,12.141666666666666,19.4,70.54166666666667,102.0,26.2,89,4.2,11.2,41.0
2025-11-03,Mumbai,19.8125,23.7,23.75,28.8,12.995833333333332,19.0,83.29166666666667,126.0,26.1,88,2.5,7.5,32.0
2025-11-04,Mumbai,28.65833333333333,40.9,33.050000000000004,44.7,12.229166666666666,18.5,105.875,177.0,25.8,87,1.6,5.5,33.1
2025-11-05,Mumbai,32.854166666666664,45.8,40.387499999999996,49.2,13.166666666666666,22.8,105.20833333333333,197.0,25.7,82,0.1,5.1,25.6
2025-11-06,Mumbai,42.44583333333333,54.2,53.270833333333336,64.3,14.941666666666668,20.4,124.70833333333333,217.0,25.7,82,0.6,6.3,30.6
2025-11-07,Mumbai,49.45416666666667,86.8,52.26666666666667,90.6,21.837500000000002,43.9,178.33333333333334,410.0,26.7,74,0.0,6.3,30.2
2025-11-08,Mumbai,27.21666666666667,46.0,28.766666666666666,48.2,18.479166666666668,31.5,137.70833333333334,276.0,27.2,58,0.0,7.9,30.6
2025-11-09,Mumbai,27.754166666666666,43.0,28.820833333333336,44.2,15.424999999999999,24.4,157.29166666666666,269.0,26.0,57,0.0,6.9,34.6
2025-11-10,Mumbai,43.09583333333333,60.5,43.979166666666664,61.9,25.1375,40.6,178.83333333333334,293.0,26.1,58,0.0,5.7,31.3
2025-11-11,Mumbai,51.13333333333333,67.5,52.71666666666667,68.5,20.091666666666665,38.9,193.0,319.0,26.4,59,0.0,6.4,34.9
2025-11-12,Mumbai,48.87916666666666,61.2,51.01666666666667,63.8,19.166666666666668,29.3,141.91666666666666,269.0,26.9,46,0.0,7.4,34.6
2025-11-13,Mumbai,52.112500000000004,67.5,53.7875,69.2,20.916666666666668,34.7,152.875,309.0,27.2,46,0.0,8.1,35.6
2025-11-14,Mumbai,56.90833333333333,74.7,58.62916666666666,76.6,25.254166666666666,41.0,158.16666666666666,307.0,26.8,49,0.0,6.8,31.3
2025-11-15,Mumbai,59.0625,76.6,61.9125,79.9,25.03333333333333,40.6,159.70833333333334,311.0,26.4,47,0.0,7.2,30.2
2025-11-16,Mumbai,56.21666666666667,66.4,58.44583333333333,68.2,24.954166666666666,41.7,143.79166666666666,278.0,26.3,43,0.0,8.3,29.2
2025-11-17,Mumbai,57.05833333333334,71.7,59.862500000000004,75.4,19.833333333333332,30.5,148.66666666666666,278.0,25.8,44,0.0,9.6,39.2
2025-11-18,Mumbai,62.104166666666664,75.0,65.17916666666666,79.2,21.754166666666666,32.1,152.375,280.0,25.2,45,0.0,8.7,33.1
2025-11-19,Mumbai,64.6875,83.8,66.95833333333333,85.4,29.941666666666666,43.7,152.41666666666666,323.0,25.5,45,0.0,8.5,32.4
2025-11-20,Mumbai,59.49166666666667,76.1,61.270833333333336,77.8,27.358333333333334,43.7,150.33333333333334,311.0,25.9,49,0.0,7.4,29.9
2025-11-21,Mumbai,71.01666666666667,95.7,72.85000000000001,96.9,32.30833333333333,59.2,154.58333333333334,354.0,26.2,51,0.0,7.4,30.2
2025-11-22,Mumbai,75.125,98.5,76.17916666666666,99.0,34.19583333333333,45.0,167.79166666666666,443.0,27.2,55,0.0,6.3,28.4
2025-11-23,Mumbai,86.62083333333334,97.3,87.62916666666666,99.4,28.474999999999998,45.7,166.5,308.0,27.5,61,0.0,5.7,32.8
2025-11-24,Mumbai,87.2375,93.8,88.31666666666666,94.5,22.09166666666667,34.3,159.25,264.0,27.5,64,0.0,6.3,33.8
2025-11-25,Mumbai,79.69166666666666,90.1,80.89166666666667,92.7,21.370833333333334,37.7,149.54166666666666,288.0,27.5,66,0.0,5.8,29.2
2025-11-26,Mumbai,93.12916666666666,108.3,94.49166666666667,109.9,23.170833333333334,37.3,178.83333333333334,348.0,27.6,67,0.0,5.0,31.3
2025-11-27,Mumbai,86.37916666666666,106.4,87.55,108.5,30.7,80.6,192.16666666666666,371.0,27.6,62,0.0,7.1,34.9
2025-11-28,Mumbai,82.27083333333333,112.0,83.50416666666666,113.4,29.150000000000002,46.3,161.58333333333334,343.0,27.2,59,0.0,7.1,31.0
2025-11-29,Mumbai,56.362500000000004,73.8,57.175000000000004,74.5,24.34166666666667,39.7,119.0,247.0,27.2,49,0.0,7.4,27.0
2025-11-30,Mumbai,46.32916666666667,62.4,47.13333333333333,63.3,27.65416666666667,42.1,128.5,284.0,25.4,49,0.0,7.3,34.2
2025-12-01,Mumbai,54.42916666666667,74.5,55.10833333333333,75.2,28.787499999999998,44.3,127.04166666666667,295.0,25.3,49,0.0,7.4,36.0
2025-12-02,Mumbai,57.824999999999996,69.2,58.416666666666664,69.6,26.0125,47.4,129.16666666666666,257.0,25.4,54,0.0,6.6,34.6
2025-12-03,Mumbai,67.575,94.8,68.10416666666667,95.0,27.570833333333336,40.4,138.625,286.0,26.1,49,0.0,8.0,29.9
2025-12-04,Mumbai,66.05416666666666,96.4,66.51666666666667,96.9,28.150000000000002,46.5,135.75,288.0,27.2,47,0.0,9.3,33.1
2025-12-05,Mumbai,63.34583333333333,85.9,63.76666666666667,86.4,28.233333333333334,46.3,131.45833333333334,296.0,28.0,48,0.0,9.6,31.0
2025-12-06,Mumbai,66.11666666666666,98.0,66.89999999999999,99.7,28.795833333333334,62.3,131.79166666666666,278.0,27.3,49,0.0,9.2,34.2
2025-12-07,Mumbai,63.19166666666666,95.9,64.17916666666666,96.6,30.520833333333332,60.3,147.70833333333334,315.0,26.7,46,0.0,8.6,29.5
2025-12-08,Mumbai,52.44583333333333,76.1,53.5625,78.5,32.020833333333336,62.4,138.91666666666666,298.0,26.4,50,0.0,7.1,32.0
2025-12-09,Mumbai,40.275,49.6,41.1625,50.8,32.13333333333333,45.1,118.66666666666667,278.0,26.5,34,0.0,7.5,30.6
2025-12-10,Mumbai,34.329166666666666,43.8,34.9375,44.5,30.837500000000002,43.7,114.91666666666667,262.0,26.2,34,0.0,7.8,33.1
2025-12-11,Mumbai,37.362500000000004,50.9,37.699999999999996,51.0,30.59583333333333,42.9,131.54166666666666,316.0,25.6,36,0.0,8.2,31.7
2025-12-12,Mumbai,38.479166666666664,53.6,39.225,54.4,27.191666666666666,42.3,139.875,327.0,24.8,42,0.0,7.4,32.4
2025-12-13,Mumbai,47.9,73.6,48.65833333333333,74.5,34.09166666666667,47.4,162.95833333333334,377.0,25.1,46,0.0,6.7,33.1
2025-12-14,Mumbai,52.8125,74.7,53.574999999999996,75.4,32.791666666666664,47.7,158.41666666666666,350.0,25.5,43,0.0,7.7,31.0
2025-12-15,Mumbai,44.8125,56.3,46.775,58.7,29.441666666666666,39.9,117.625,272.0,25.7,42,0.0,7.9,32.0
2025-12-16,Mumbai,47.729166666666664,79.6,49.80833333333334,81.7,30.825,47.9,146.0,301.0,25.5,42,0.0,9.1,37.4
2025-12-17,Mumbai,63.00416666666666,93.4,65.0,95.5,31.925,53.1,148.25,345.0,26.1,47,0.0,7.3,29.2
2025-12-18,Mumbai,62.5,83.1,64.96666666666667,85.4,35.854166666666664,52.3,130.375,330.0,25.9,45,0.0,7.1,30.6
2025-12-19,Mumbai,54.55833333333334,78.9,55.770833333333336,79.6,39.725,52.0,125.20833333333333,334.0,25.2,42,0.0,7.9,33.1
2025-12-20,Mumbai,41.020833333333336,63.8,41.49583333333333,64.0,36.175000000000004,42.7,113.29166666666667,298.0,24.9,39,0.0,7.1,35.6
2025-12-21,Mumbai,41.237500000000004,65.7,41.583333333333336,66.4,41.475,53.6,97.625,235.0,24.9,39,0.0,8.1,28.1
2025-12-22,Mumbai,48.637499999999996,72.2,49.57083333333333,72.9,36.38333333333333,48.8,127.45833333333333,305.0,24.5,40,0.0,7.2,33.8
2025-12-23,Mumbai,39.43333333333333,63.1,40.112500000000004,63.3,31.329166666666666,40.6,114.16666666666667,300.0,25.2,45,0.0,8.6,37.8
2025-12-24,Mumbai,32.666666666666664,53.2,33.199999999999996,53.4,28.395833333333332,39.0,113.0,272.0,25.2,44,0.0,9.3,38.5
2025-12-25,Mumbai,39.50416666666667,64.3,39.987500000000004,64.7,28.825,38.3,140.70833333333334,317.0,24.7,48,0.0,7.9,32.4
2025-12-26,Mumbai,51.19166666666666,94.3,52.06666666666666,95.7,29.370833333333334,51.4,151.625,337.0,24.7,48,0.0,7.4,33.5
2025-12-27,Mumbai,57.05416666666667,89.2,57.875,89.9,34.02916666666666,66.7,146.625,337.0,25.0,48,0.0,8.1,32.4
2025-12-28,Mumbai,70.29166666666667,109.4,71.29166666666667,110.8,32.6,62.5,163.29166666666666,333.0,24.9,48,0.0,7.6,33.1
2025-12-29,Mumbai,66.4375,95.0,67.28750000000001,95.5,29.883333333333336,49.1,171.125,340.0,24.6,50,0.0,7.0,31.0
2025-12-30,Mumbai,62.145833333333336,82.2,64.0,83.8,17.491666666666667,32.3,147.95833333333334,275.0,23.5,63,0.0,6.0,31.3
2025-12-31,Mumbai,56.387499999999996,78.2,59.0625,80.8,15.441666666666668,29.0,142.66666666666666,219.0,23.2,72,0.0,5.7,36.4
